"","protein","thetabar","Q","alphamin","direction","optimal_cutpoint","method","youden","acc","sensitivity","specificity","AUC","pos_class","neg_class","prevalence","outcome","predictor","boot","FN","TP","TN","FP","z_alpha","log_sens_sp","pref","corr_sens","corr_spec","talpha_val_q","inv_talpha_val","d_talpha_val_q","d_talpha_val_p","c1_prev","c1","z_c1","z_alphamin","cat_c1","cat_alphamin"
"VCL;HEL114","VCL;HEL114",0.435741753729583,31.4944524807181,0.89,"<=",-2.68633,"maximize_metric",0.5,0.733333333333333,0.7,0.8,0.675,"COVID19","HC",0.666666666666667,"class","x",NA,6,14,8,2,0.614656615079671,-0.133531392624523,"Neither: 116",0.7,0.8,-1.18471040010758,0.351128920128895,5.8375,4.24534495095694,0.363626976527361,0.727253953054721,-1.05292827198614,0.614656615079671,"FN: 146","(-0.8,0.8]"
"C9","C9",2.66732950251487,78.3326743019611,0.47,">=",4.6567,"maximize_metric",0.7,0.8,0.7,1,0.835,"COVID19","HC",0.666666666666667,"class","x",NA,6,14,10,0,-1.35070734648806,-0.356674943938732,"Specificity: 49",0.7,0.9999,-4.32870696717835,0.000547761387073396,4701.53015301582,859.568683281085,0.0914137158867003,0.182827431773401,-3.15467120353878,-1.35070734648806,"FN: 146","(-Inf,-0.8]"
"APOC1","APOC1",4.01789279255468,43.9482331307052,0.5,"<=",4.272925,"maximize_metric",0.75,0.833333333333333,0.75,1,0.91,"COVID19","HC",0.666666666666667,"class","x",NA,5,15,10,0,-1.21032420637608,-0.287682072451781,"Specificity: 49",0.75,0.9999,-4.60502017848765,0.000528768196260804,5001.50015001555,947.094729696966,0.0946810658092274,0.189362131618455,-3.12944418267867,-1.21032420637608,"FN: 146","(-Inf,-0.8]"
"APOL1","APOL1",0.456746770350454,29.6373407080484,0.7,">=",2.553475,"maximize_metric",0.25,0.566666666666667,0.45,0.8,0.565,"COVID19","HC",0.666666666666667,"class","x",NA,11,9,8,2,-0.274436605629541,-0.575364144903562,"Neither: 116",0.45,0.8,-0.836519921995398,0.326457540055665,5.125,4.07432345639574,0.397494971355682,0.794989942711363,-0.791435431524372,-0.274436605629541,"Neither: 57","(-0.8,0.8]"
"IGFBP4","IGFBP4",-0.509922804089845,38.8695184215373,1.3,"<=",-2.27016,"maximize_metric",0.15,0.533333333333333,0.45,0.7,0.47,"COVID19","HC",0.666666666666667,"class","x",NA,11,9,7,3,2.53322619661007,-0.441832752279039,"Sensitivity: 42",0.45,0.7,-1.3154921848666,0.411740673515415,5.33333333333333,4.3472785169009,0.40755736095946,0.815114721918919,-0.713744300039831,2.53322619661007,"Neither: 57","(0.8, Inf]"
"APOA1","APOA1",3.9379445082885,39.0326984126558,0.54,"<=",9.153325,"maximize_metric",0.75,0.866666666666667,0.85,0.9,0.91,"COVID19","HC",0.666666666666667,"class","x",NA,3,17,9,1,-1.02314668622677,-0.0571584138399486,"Specificity: 49",0.85,0.9,-1.08956959735636,0.276186568061075,7.02222222222222,3.9722944521962,0.28283742143802,0.565674842876041,-1.6766997809592,-1.02314668622677,"FN: 146","(-Inf,-0.8]"
"FN1;DKFZp686O12165;DKFZp686L11144;DKFZp686O13149","FN1;DKFZp686O12165;DKFZp686L11144;DKFZp686O13149",2.52835757210205,87.1154075281175,0.47,">=",3.833305,"maximize_metric",0.7,0.8,0.7,1,0.82,"COVID19","HC",0.666666666666667,"class","x",NA,6,14,10,0,-1.35070734648806,-0.356674943938732,"Specificity: 49",0.7,0.9999,-4.32870696717835,0.000547761387073396,4701.53015301582,859.568683281085,0.0914137158867003,0.182827431773401,-3.15467120353878,-1.35070734648806,"FN: 146","(-Inf,-0.8]"
"ENO1","ENO1",0.0469090195259371,48.6835553426851,1.01,"<=",-3.550575,"maximize_metric",0.45,0.7,0.65,0.8,0.635,"COVID19","HC",0.666666666666667,"class","x",NA,7,13,8,2,1.17618917552759,-0.207639364778244,"Sensitivity: 42",0.65,0.8,-1.40462017575737,0.334124013037426,6.2875,4.5095930600367,0.358615750301129,0.717231500602258,-1.09161966150406,1.17618917552759,"FN: 146","(0.8, Inf]"
"ACTN1","ACTN1",1.87928890297669,43.3170606429787,0.72,"<=",-3.861075,"maximize_metric",0.5,0.733333333333333,0.7,0.8,0.715,"COVID19","HC",0.666666666666667,"class","x",NA,6,14,8,2,-0.180847845554887,-0.133531392624523,"Neither: 116",0.7,0.8,-0.873171551270364,0.366136851159815,5.2,3.9858411600608,0.383253957698154,0.766507915396307,-0.901389479032606,-0.180847845554887,"FN: 146","(-0.8,0.8]"
"SERPINA10","SERPINA10",1.97134344292167,53.1712432638158,0.55,">=",0.432679,"maximize_metric",0.5,0.7,0.6,0.9,0.765,"COVID19","HC",0.666666666666667,"class","x",NA,8,12,9,1,-0.976352306189444,-0.405465108108164,"Specificity: 49",0.6,0.9,-1.11364905344288,0.233684003327468,7.11111111111111,4.24577550851528,0.29853109044248,0.597062180884961,-1.55552986505348,-0.976352306189444,"FN: 146","(-Inf,-0.8]"
"SERPINA4","SERPINA4",1.09742988498301,102.368272323932,0.61,"<=",2.778315,"maximize_metric",0.4,0.6,0.4,1,0.645,"COVID19","HC",0.666666666666667,"class","x",NA,12,8,10,0,-0.695586025965483,-0.916290731874155,"Neither: 116",0.4,0.9999,-5.61816861995508,0.000267306364776866,6101.39013901457,2283.41609337416,0.187122609876489,0.374245219752977,-2.41570833686456,-0.695586025965483,"FN: 146","(-0.8,0.8]"
"SERPINA5","SERPINA5",0.66373324627054,50.0996656085423,1.17,"<=",0.411943,"maximize_metric",0.35,0.766666666666667,0.95,0.4,0.53,"COVID19","HC",0.666666666666667,"class","x",NA,1,19,4,6,1.92489925612482,0.864997437486604,"Sensitivity: 42",0.95,0.4,0.16285532764934,0.773007894894635,4.025,5.17008281870819,0.642246312883005,1.28449262576601,1.09827560177509,1.92489925612482,"FP: 4","(0.8, Inf]"
"SERPINA3","SERPINA3",3.07138272996181,77.4454921564937,0.5,">=",7.99543,"maximize_metric",0.75,0.833333333333333,0.75,1,0.87,"COVID19","HC",0.666666666666667,"class","x",NA,5,15,10,0,-1.21032420637608,-0.287682072451781,"Specificity: 49",0.75,0.9999,-4.60502017848765,0.000528768196260804,5001.50015001555,947.094729696966,0.0946810658092274,0.189362131618455,-3.12944418267867,-1.21032420637608,"FN: 146","(-Inf,-0.8]"
"ADAMTS13","ADAMTS13",0.71183531594827,27.5173693507713,0.71,">=",-4.229315,"maximize_metric",0.25,0.566666666666667,0.45,0.8,0.605,"COVID19","HC",0.666666666666667,"class","x",NA,11,9,8,2,-0.227642225592214,-0.575364144903562,"Neither: 116",0.45,0.8,-0.854845736632881,0.325680528423844,5.1625,4.09309032280958,0.396425212862913,0.792850425725826,-0.799694975329669,-0.227642225592214,"Neither: 57","(-0.8,0.8]"
"SELL","SELL",0.186744005450179,37.4997022791578,0.96,"<=",-1.242702,"maximize_metric",0.35,0.633333333333333,0.55,0.8,0.555,"COVID19","HC",0.666666666666667,"class","x",NA,9,11,8,2,0.942217275340959,-0.374693449441411,"Sensitivity: 42",0.55,0.8,-1.31299110256996,0.322901013343826,6.1,4.50901183411551,0.369591133943895,0.739182267887789,-1.006879355547,0.942217275340959,"FN: 146","(0.8, Inf]"
"PRG4","PRG4",3.22525066563617,147.713684735772,0.57,">=",-1.479995,"maximize_metric",0.55,0.7,0.55,1,0.765,"COVID19","HC",0.666666666666667,"class","x",NA,9,11,10,0,-0.882763546114791,-0.59783700075562,"Specificity: 49",0.55,0.9999,-5.24975100487601,0.000341256696521988,5701.43014301493,1671.72738140946,0.14660596898285,0.293211937965699,-2.72853499126063,-0.882763546114791,"FN: 146","(-Inf,-0.8]"
"SERPINC1","SERPINC1",0.600803682112929,73.7958951688894,0.72,">=",6.226525,"maximize_metric",0.35,0.666666666666667,0.65,0.7,0.595,"COVID19","HC",0.666666666666667,"class","x",NA,7,13,7,3,-0.180847845554887,-0.0741079721537217,"Neither: 116",0.65,0.7,-0.410316490873096,0.466786356684045,4.22857142857143,3.94300026044729,0.46623313890424,0.93246627780848,-0.260711992728441,-0.180847845554887,"Neither: 57","(-0.8,0.8]"
"hCG_40889","hCG_40889",0.28601333733216,77.7600623805442,0.87,">=",6.378525,"maximize_metric",0.1,0.533333333333333,0.5,0.6,0.565,"COVID19","HC",0.666666666666667,"class","x",NA,10,10,6,4,0.521067855005017,-0.182321556793955,"Neither: 116",0.5,0.6,-0.219939981874945,0.533102515536744,4.05833333333333,4.05218778531821,0.499242848293825,0.99848569658765,-0.00584592478272862,0.521067855005017,"Neither: 57","(-0.8,0.8]"
"C1QC","C1QC",0.622288543642042,205.344547171835,0.87,">=",5.643385,"maximize_metric",0.3,0.566666666666667,0.4,0.9,0.625,"COVID19","HC",0.666666666666667,"class","x",NA,12,8,9,1,0.521067855005017,-0.810930216216329,"Neither: 116",0.4,0.9,-1.88419164821148,0.172097066560262,9.95555555555556,6.42018093834146,0.322442123019381,0.644884246038762,-1.37091415755139,0.521067855005017,"FN: 146","(-0.8,0.8]"
"C1QB","C1QB",0.238438201116928,207.705163057933,0.84,">=",5.748005,"maximize_metric",0.35,0.566666666666667,0.35,1,0.56,"COVID19","HC",0.666666666666667,"class","x",NA,13,7,10,0,0.380684714893036,-1.04982212449868,"Neither: 116",0.35,0.9999,-7.7365699066597,0.000196299264834317,8401.16011601252,4280.34079783188,0.254747007480169,0.509494014960338,-1.89358425176475,0.380684714893036,"FN: 146","(-0.8,0.8]"
"C1QA","C1QA",3.11427427301176,114.190420502148,0.63,">=",2.903095,"maximize_metric",0.5,0.766666666666667,0.8,0.7,0.775,"COVID19","HC",0.666666666666667,"class","x",NA,4,16,7,3,-0.601997265890829,0.133531392624523,"Neither: 116",0.8,0.7,-0.269858193529276,0.495963950157634,4.05714285714286,3.98831316613989,0.491517467658085,0.983034935316169,-0.0654931444167284,-0.601997265890829,"Neither: 57","(-0.8,0.8]"
"RAP1B;RAP1A","RAP1B;RAP1A",0.365444288468111,56.8328118957535,1.01,"<=",-3.0951125,"maximize_metric",0.4,0.666666666666667,0.6,0.8,0.7,"COVID19","HC",0.666666666666667,"class","x",NA,8,12,8,2,1.17618917552759,-0.287682072451781,"Sensitivity: 42",0.6,0.8,-1.40462017575737,0.326774083371365,6.2875,4.56135201384734,0.362731770484878,0.725463540969756,-1.05984010636056,1.17618917552759,"FN: 146","(0.8, Inf]"
"SPARCL1","SPARCL1",-1.28534764017999,123.998950097064,1.3,"<=",-2.77224,"maximize_metric",0.25,0.666666666666667,0.75,0.5,0.52,"COVID19","HC",0.666666666666667,"class","x",NA,5,15,5,5,2.53322619661007,0.405465108108164,"Sensitivity: 42",0.75,0.5,-0.415888308335967,0.668850929518639,4,4.05748351830115,0.507185439787644,1.01437087957529,0.0554783673956004,2.53322619661007,"Neither: 57","(0.8, Inf]"
"HEL-S-37;LCP1","HEL-S-37;LCP1",2.24512941006326,92.5345676709312,0.45,">=",-1.375605,"maximize_metric",0.65,0.766666666666667,0.65,1,0.78,"COVID19","HC",0.666666666666667,"class","x",NA,7,13,10,0,-1.44429610656271,-0.430782916092454,"Specificity: 49",0.65,0.9999,-4.14449815963882,0.000548577348867311,4501.550155016,821.854497875628,0.0912857204267568,0.182571440853514,-3.15565944912451,-1.44429610656271,"FN: 146","(-Inf,-0.8]"
"IGHG3;FLJ00385;DKFZp686I15212","IGHG3;FLJ00385;DKFZp686I15212",0.507879932720341,167.169441317987,0.79,"<=",2.47089,"maximize_metric",0.35,0.566666666666667,0.35,1,0.59,"COVID19","HC",0.666666666666667,"class","x",NA,13,7,10,0,0.146712814706402,-1.04982212449868,"Neither: 116",0.35,0.9999,-7.27604788781087,0.000204856377642178,7901.21012101297,3857.57053845157,0.244112640935375,0.488225281870749,-1.97569158431886,0.146712814706402,"FN: 146","(-0.8,0.8]"
"IGHM","IGHM",0.413357719551307,18.2276643047423,0.81,"<=",2.3067775,"maximize_metric",0.15,0.566666666666667,0.55,0.6,0.555,"COVID19","HC",0.666666666666667,"class","x",NA,9,11,6,4,0.240301574781056,-0.0870113769896297,"Neither: 116",0.55,0.6,-0.134313000536537,0.54180831187377,4.00833333333333,4.0921599515138,0.510456542808374,1.02091308561675,0.0807343657111145,0.240301574781056,"Neither: 57","(-0.8,0.8]"
"IGHV3-72","IGHV3-72",2.41117365012105,63.0685710712701,0.54,"<=",0.297473,"maximize_metric",0.55,0.766666666666667,0.75,0.8,0.76,"COVID19","HC",0.666666666666667,"class","x",NA,5,15,8,2,-1.02314668622677,-0.0645385211375712,"Specificity: 49",0.75,0.8,-0.543306887795668,0.392687706628876,4.525,3.77917352595651,0.417588234912322,0.835176469824643,-0.636296499083679,-1.02314668622677,"Neither: 57","(-Inf,-0.8]"
"FCGBP","FCGBP",2.06732737032298,80.2438249636297,0.53,">=",-2.669585,"maximize_metric",0.4,0.6,0.4,1,0.7,"COVID19","HC",0.666666666666667,"class","x",NA,12,8,10,0,-1.0699410662641,-0.916290731874155,"Specificity: 49",0.4,0.9999,-4.88133338979695,0.000310028121350505,5301.47014701528,1710.99279756988,0.161369653145474,0.322739306290947,-2.61454543483916,-1.0699410662641,"FN: 146","(-Inf,-0.8]"
"TNXB","TNXB",-0.505288189658071,97.3249966479236,1.06,">=",-4.5752475,"maximize_metric",-0.1,0.366666666666667,0.2,0.7,0.47,"COVID19","HC",0.666666666666667,"class","x",NA,16,4,7,3,1.41016107571423,-1.25276296849537,"Sensitivity: 42",0.2,0.7,-0.940936725283084,0.380468202071109,4.87619047619048,4.30331579782005,0.441257967549907,0.882515935099814,-0.453543854536885,1.41016107571423,"Neither: 57","(0.8, Inf]"
"CHL1","CHL1",0.473126366915732,83.1036608127892,0.64,">=",-3.639805,"maximize_metric",0.3,0.533333333333333,0.3,1,0.555,"COVID19","HC",0.666666666666667,"class","x",NA,14,6,10,0,-0.555202885853502,-1.20397280432594,"Neither: 116",0.3,0.9999,-5.89448183126438,0.000230034006291254,6401.36013601431,2783.55765112254,0.217419235285806,0.434838470571611,-2.1817898343123,-0.555202885853502,"FN: 146","(-0.8,0.8]"
"GPX3","GPX3",2.37029996380145,113.005075085886,0.64,">=",3.03099,"maximize_metric",0.45,0.666666666666667,0.55,0.9,0.805,"COVID19","HC",0.666666666666667,"class","x",NA,9,11,9,1,-0.555202885853502,-0.492476485097794,"Neither: 116",0.55,0.9,-1.33036415822155,0.213059618400108,7.91111111111111,4.73206630162693,0.29907722411968,0.598154448239359,-1.55131319833771,-0.555202885853502,"FN: 146","(-0.8,0.8]"
"RARRES2","RARRES2",-0.173606313679147,78.1152627193314,1,"<=",-2.71821,"maximize_metric",0.05,0.433333333333333,0.25,0.8,0.51,"COVID19","HC",0.666666666666667,"class","x",NA,15,5,8,2,1.12939479549027,-1.16315080980568,"Sensitivity: 42",0.25,0.8,-1.38629436111989,0.278289725431219,6.25,4.97897493028358,0.398317994422687,0.796635988845373,-0.785080917752664,1.12939479549027,"Neither: 57","(0.8, Inf]"
"SAA2-SAA4;SAA4","SAA2-SAA4;SAA4",2.69873308813148,87.1721618881331,0.44,">=",5.43853,"maximize_metric",0.6,0.733333333333333,0.6,1,0.78,"COVID19","HC",0.666666666666667,"class","x",NA,8,12,10,0,-1.49109048660004,-0.510825623765991,"Specificity: 49",0.6,0.9999,-4.05239375586905,0.000528644738453416,4401.56015601609,833.877819872089,0.0947252553997631,0.189450510799526,-3.1291029973913,-1.49109048660004,"FN: 146","(-Inf,-0.8]"
"F5","F5",1.25850407850655,136.523975228361,0.63,">=",1.368495,"maximize_metric",0.5,0.733333333333333,0.7,0.8,0.67,"COVID19","HC",0.666666666666667,"class","x",NA,6,14,8,2,-0.601997265890829,-0.133531392624523,"Neither: 116",0.7,0.8,-0.708239219533016,0.374770557026481,4.8625,3.87222412673582,0.398172146708054,0.796344293416107,-0.78620699957025,-0.601997265890829,"Neither: 57","(-0.8,0.8]"
"CST3","CST3",2.34417958778869,192.895786752643,0.48,">=",0.384533,"maximize_metric",0.65,0.766666666666667,0.65,1,0.695,"COVID19","HC",0.666666666666667,"class","x",NA,7,13,10,0,-1.30391296645073,-0.430782916092454,"Specificity: 49",0.65,0.9999,-4.42081137094811,0.000493314323163571,4801.52015201573,974.531217290615,0.101481529436203,0.202963058872407,-3.0769381940812,-1.30391296645073,"FN: 146","(-Inf,-0.8]"
"APOE","APOE",1.43932312176255,241.638169755126,0.73,">=",6.706995,"maximize_metric",0.55,0.7,0.55,1,0.695,"COVID19","HC",0.666666666666667,"class","x",NA,9,11,10,0,-0.13405346551756,-0.59783700075562,"Neither: 116",0.55,0.9999,-6.72342146519227,0.000260810601382974,7301.2701270135,2800.23630942068,0.191763642538048,0.383527285076095,-2.37987519057117,-0.13405346551756,"FN: 146","(-0.8,0.8]"
"CETP","CETP",3.49168989833355,114.742216474906,0.59,"<=",-3.4982475,"maximize_metric",0.5,0.7,0.6,0.9,0.81,"COVID19","HC",0.666666666666667,"class","x",NA,8,12,9,1,-0.789174786040137,-0.405465108108164,"Neither: 116",0.6,0.9,-1.20996687778895,0.227417693352365,7.46666666666667,4.41939346214904,0.295941526483194,0.591883052966389,-1.57552373946806,-0.789174786040137,"FN: 146","(-0.8,0.8]"
"LGALS3BP","LGALS3BP",1.99748215590143,241.107338592875,0.75,">=",2.2876375,"maximize_metric",0.6,0.733333333333333,0.6,1,0.76,"COVID19","HC",0.666666666666667,"class","x",NA,8,12,10,0,-0.040464705442906,-0.510825623765991,"Neither: 116",0.6,0.9999,-6.9076302727318,0.000265780721089447,7501.25012501333,2823.12543644411,0.188176996460247,0.376353992920493,-2.40756747868476,-0.040464705442906,"FN: 146","(-0.8,0.8]"
"EFEMP1","EFEMP1",1.45836818281849,68.9738827711242,0.57,">=",-0.948877,"maximize_metric",0.55,0.766666666666667,0.75,0.8,0.715,"COVID19","HC",0.666666666666667,"class","x",NA,5,15,8,2,-0.882763546114791,-0.0645385211375712,"Specificity: 49",0.75,0.8,-0.598284331708117,0.38954160841467,4.6375,3.80576031603542,0.410324562375787,0.820649124751573,-0.692378897034628,-0.882763546114791,"Neither: 57","(-Inf,-0.8]"
"CFP","CFP",1.2073194840387,116.865437399974,0.59,"<=",0.317913,"maximize_metric",0.45,0.633333333333333,0.45,1,0.65,"COVID19","HC",0.666666666666667,"class","x",NA,11,9,10,0,-0.789174786040137,-0.798507696217772,"Neither: 116",0.45,0.9999,-5.43395981241554,0.000292409903311714,5901.41014101475,2019.12593202957,0.171071479848237,0.342142959696473,-2.53963818877888,-0.789174786040137,"FN: 146","(-0.8,0.8]"
"PROS1","PROS1",0.910054775469359,43.1150870944308,0.6,">=",3.31629,"maximize_metric",0.3,0.633333333333333,0.6,0.7,0.63,"COVID19","HC",0.666666666666667,"class","x",NA,8,12,7,3,-0.74238040600281,-0.154150679827258,"Neither: 116",0.6,0.7,-0.223038761081336,0.46347430952396,4,3.90395124291142,0.487993905363928,0.975987810727855,-0.0926983662644851,-0.74238040600281,"Neither: 57","(-0.8,0.8]"
"TGFBI","TGFBI",2.92808326839282,44.126673494479,0.56,">=",-2.17596,"maximize_metric",0.65,0.8,0.75,0.9,0.835,"COVID19","HC",0.666666666666667,"class","x",NA,5,15,9,1,-0.929557926152117,-0.182321556793955,"Specificity: 49",0.75,0.9,-1.1377285095294,0.255875481521074,7.2,4.12372451418348,0.286369757929408,0.572739515858816,-1.6494268140392,-0.929557926152117,"FN: 146","(-Inf,-0.8]"
"IGKV4-1","IGKV4-1",4.11297416185915,171.743605920071,0.66,"<=",-2.29328,"maximize_metric",0.6,0.733333333333333,0.6,1,0.82,"COVID19","HC",0.666666666666667,"class","x",NA,8,12,10,0,-0.461614125778848,-0.510825623765991,"Neither: 116",0.6,0.9999,-6.07869063880391,0.000303647578398705,6601.34013401413,2174.91282105967,0.164732673737957,0.329465347475915,-2.58857974623794,-0.461614125778848,"FN: 146","(-0.8,0.8]"
"ECM1","ECM1",0.298477428506815,145.853814933926,0.82,">=",1.475345,"maximize_metric",0.3,0.533333333333333,0.3,1,0.565,"COVID19","HC",0.666666666666667,"class","x",NA,14,6,10,0,0.287095954818382,-1.20397280432594,"Neither: 116",0.3,0.9999,-7.55236109912017,0.000191606702479453,8201.1801180127,4280.77999686194,0.260985610318436,0.521971220636872,-1.84541635800662,0.287095954818382,"FN: 146","(-0.8,0.8]"
"FGG;DKFZp779N0926","FGG;DKFZp779N0926",5.85592461663564,96.1786648583461,0.75,">=",0.945798,"maximize_metric",0.75,0.866666666666667,0.85,0.9,0.94,"COVID19","HC",0.666666666666667,"class","x",NA,3,17,9,1,-0.040464705442906,-0.0571584138399486,"Neither: 116",0.85,0.9,-1.59523817517325,0.239731660740887,8.88888888888889,4.77265423843862,0.268461800912172,0.536923601824345,-1.78769312035705,-0.040464705442906,"FN: 146","(-0.8,0.8]"
"PEPD","PEPD",0.309166704520787,148.099071831775,0.82,"<=",-5.30182,"maximize_metric",0.3,0.533333333333333,0.3,1,0.565,"COVID19","HC",0.666666666666667,"class","x",NA,14,6,10,0,0.287095954818382,-1.20397280432594,"Neither: 116",0.3,0.9999,-7.55236109912017,0.000191606702479453,8201.1801180127,4280.77999686194,0.260985610318436,0.521971220636872,-1.84541635800662,0.287095954818382,"FN: 146","(-0.8,0.8]"
"AZGP1","AZGP1",0.451014060636481,207.656197434166,0.86,">=",2.856045,"maximize_metric",0.35,0.566666666666667,0.35,1,0.595,"COVID19","HC",0.666666666666667,"class","x",NA,13,7,10,0,0.47427347496769,-1.04982212449868,"Neither: 116",0.35,0.9999,-7.92077871419923,0.000193245478891641,8601.14011401235,4451.43838479382,0.258770251721738,0.517540503443475,-1.86252101433566,0.47427347496769,"FN: 146","(-0.8,0.8]"
"LCAT","LCAT",0.0331428516722776,59.5693347363921,0.94,"<=",1.0419,"maximize_metric",0.2,0.666666666666667,0.8,0.4,0.525,"COVID19","HC",0.666666666666667,"class","x",NA,4,16,4,6,0.848628515266305,0.693147180559945,"Sensitivity: 42",0.8,0.4,0.491092089446573,0.742404777073253,4.21666666666667,5.38113878861724,0.638079698255009,1.27615939651002,1.06610540983703,0.848628515266305,"FP: 4","(0.8, Inf]"
"SERPINF1","SERPINF1",1.06348669755992,138.653310266696,0.71,">=",4.83615,"maximize_metric",0.4,0.6,0.4,1,0.655,"COVID19","HC",0.666666666666667,"class","x",NA,12,8,10,0,-0.227642225592214,-0.916290731874155,"Neither: 116",0.4,0.9999,-6.53921265765274,0.000232758016972833,7101.29012901368,3051.66858260564,0.214867195056393,0.429734390112786,-2.20149399016637,-0.227642225592214,"FN: 146","(-0.8,0.8]"
"SEPP1","SEPP1",-0.204597147873773,44.6041148433449,1.05,">=",2.19518,"maximize_metric",-0.1,0.4,0.3,0.6,0.495,"COVID19","HC",0.666666666666667,"class","x",NA,14,6,6,4,1.3633666956769,-0.693147180559945,"Sensitivity: 42",0.3,0.6,-0.476820925890172,0.498123632889074,4.20833333333333,4.00080689026438,0.475343392902698,0.950686785805397,-0.190372245499211,1.3633666956769,"Neither: 57","(0.8, Inf]"
"V<kappa>1;IGKV1-5","V<kappa>1;IGKV1-5",-0.401262190562742,41.8155537174222,1.32,">=",0.3644925,"maximize_metric",0.05,0.5,0.45,0.6,0.48,"COVID19","HC",0.666666666666667,"class","x",NA,11,9,6,4,2.62681495668473,-0.287682072451781,"Sensitivity: 42",0.45,0.6,-0.862142341913011,0.520490954510896,4.43333333333333,3.95418427563855,0.445960632590813,0.891921265181627,-0.41723484818678,2.62681495668473,"Neither: 57","(0.8, Inf]"
"IGKV2-40;IGKV2D-28","IGKV2-40;IGKV2D-28",0.978348511197267,34.6558862721737,0.65,"<=",0.88327025,"maximize_metric",0.25,0.6,0.55,0.7,0.645,"COVID19","HC",0.666666666666667,"class","x",NA,9,11,7,3,-0.508408505816175,-0.241162056816888,"Neither: 116",0.55,0.7,-0.30107114849457,0.452788906977163,4.09523809523809,3.90260278675831,0.476480572801887,0.952961145603775,-0.181592144892065,-0.508408505816175,"Neither: 57","(-0.8,0.8]"
"ITIH2","ITIH2",1.15574124231872,77.7369186707981,0.7,"<=",5.73437,"maximize_metric",0.45,0.733333333333333,0.75,0.7,0.675,"COVID19","HC",0.666666666666667,"class","x",NA,5,15,7,3,-0.274436605629541,0.0689928714869514,"Neither: 116",0.75,0.7,-0.379103535907803,0.484518384019727,4.19047619047619,3.96664703236617,0.473293111816418,0.946586223632836,-0.206202347863232,-0.274436605629541,"Neither: 57","(-0.8,0.8]"
"TMSB4X","TMSB4X",3.57776059402897,74.9747617879673,0.9,"<=",3.04896,"maximize_metric",0.75,0.866666666666667,0.85,0.9,0.865,"COVID19","HC",0.666666666666667,"class","x",NA,3,17,9,1,0.661450995116998,-0.0571584138399486,"Neither: 116",0.85,0.9,-1.95643001647103,0.219935313612545,10.2222222222222,5.50225175633782,0.269131879386089,0.538263758772178,-1.78251948299337,0.661450995116998,"FN: 146","(-0.8,0.8]"
"CSF1R","CSF1R",0.890936324648258,116.074705865045,0.8,"<=",-2.529315,"maximize_metric",0.35,0.666666666666667,0.65,0.7,0.65,"COVID19","HC",0.666666666666667,"class","x",NA,7,13,7,3,0.193507194743729,-0.0741079721537217,"Neither: 116",0.65,0.7,-0.53516831073427,0.463356413235512,4.38095238095238,3.96265371311931,0.452259391171226,0.904518782342451,-0.368602495402859,0.193507194743729,"Neither: 57","(-0.8,0.8]"
"APOC3","APOC3",0.55012360415771,233.642679062806,0.72,">=",8.0026075,"maximize_metric",0.35,0.6,0.45,0.9,0.58,"COVID19","HC",0.666666666666667,"class","x",NA,11,9,9,1,-0.180847845554887,-0.693147180559945,"Neither: 116",0.45,0.9,-1.5229998069137,0.190559909234475,8.62222222222222,5.35967933963071,0.3108061472724,0.621612294544799,-1.46075485715721,-0.180847845554887,"FN: 146","(-0.8,0.8]"
"F7","F7",-0.079305653452696,26.2256160703374,1.12,">=",-2.95697,"maximize_metric",0.3,0.7,0.8,0.5,0.58,"COVID19","HC",0.666666666666667,"class","x",NA,4,16,5,5,1.69092735593819,0.470003629245736,"Sensitivity: 42",0.8,0.5,-0.166355323334387,0.671509814878507,4,4.34680655832719,0.543350819790899,1.0867016395818,0.334709186679953,1.69092735593819,"Neither: 57","(0.8, Inf]"
"PCOLCE","PCOLCE",-0.371193617998743,130.632320349413,0.97,">=",-2.9197325,"maximize_metric",0.05,0.433333333333333,0.25,0.8,0.485,"COVID19","HC",0.666666666666667,"class","x",NA,15,5,8,2,0.989011655378286,-1.16315080980568,"Sensitivity: 42",0.25,0.8,-1.33131691720744,0.279680166216852,6.1375,4.89816773220052,0.399036067796376,0.798072135592753,-0.779536714527822,0.989011655378286,"Neither: 57","(0.8, Inf]"
"HEL111;TTR","HEL111;TTR",2.49851737385937,67.932161763494,0.49,"<=",7.35874,"maximize_metric",0.45,0.7,0.65,0.8,0.76,"COVID19","HC",0.666666666666667,"class","x",NA,7,13,8,2,-1.25711858641341,-0.207639364778244,"Specificity: 49",0.65,0.8,-0.451677814608253,0.380162227828291,4.3375,3.72504472410986,0.429399968197102,0.858799936394203,-0.545098785635609,-1.25711858641341,"Neither: 57","(-Inf,-0.8]"
"IGFBP3","IGFBP3",3.56130693758767,94.1354379192153,0.63,"<=",-0.1531025,"maximize_metric",0.6,0.8,0.8,0.8,0.835,"COVID19","HC",0.666666666666667,"class","x",NA,4,16,8,2,-0.601997265890829,0,"Neither: 116",0.8,0.8,-0.708239219533016,0.392017226905585,4.8625,3.86042555202526,0.396958925658125,0.793917851316249,-0.795574209529449,-0.601997265890829,"Neither: 57","(-0.8,0.8]"
"DF;CFD","DF;CFD",0.428606937397619,60.1563928071288,0.76,">=",0.051532,"maximize_metric",0.3,0.6,0.5,0.8,0.575,"COVID19","HC",0.666666666666667,"class","x",NA,10,10,8,2,0.00632967459442092,-0.470003629245736,"Neither: 116",0.5,0.8,-0.946474809820296,0.329883631391386,5.35,4.15426759058746,0.388249307531538,0.776498615063076,-0.862820670230862,0.00632967459442092,"FN: 146","(-0.8,0.8]"
"CNDP1","CNDP1",0.654826137497349,78.6150693157844,0.88,"<=",0.71062544175,"maximize_metric",0.1,0.533333333333333,0.5,0.6,0.63,"COVID19","HC",0.666666666666667,"class","x",NA,10,10,6,4,0.567862235042344,-0.182321556793955,"Neither: 116",0.5,0.6,-0.234211145431347,0.533012554236102,4.06666666666667,4.04934441972828,0.497870215540363,0.995740431080725,-0.0164439433378024,0.567862235042344,"Neither: 57","(-0.8,0.8]"
"CD44","CD44",-0.224751110277087,75.2411337853478,1.19,"<=",-3.0602075,"maximize_metric",0.1,0.466666666666667,0.3,0.8,0.52,"COVID19","HC",0.666666666666667,"class","x",NA,14,6,8,2,2.01848801619948,-0.980829253011726,"Sensitivity: 42",0.3,0.8,-1.73448483923207,0.276466700797949,6.9625,5.42382202203977,0.389502479141097,0.779004958282194,-0.853145004298153,2.01848801619948,"FN: 146","(0.8, Inf]"
"COMP","COMP",1.25511778582932,24.4802751639041,1.22,"<=",-4.018115,"maximize_metric",0.35,0.633333333333333,0.55,0.8,0.645,"COVID19","HC",0.666666666666667,"class","x",NA,9,11,8,2,2.15887115631146,-0.374693449441411,"Sensitivity: 42",0.55,0.8,-1.78946228314452,0.306712321602911,7.075,5.1027427793675,0.360617864266255,0.721235728532509,-1.07616145471259,2.15887115631146,"FN: 146","(0.8, Inf]"
"ACTA1;ACTC1;ACTA2;ACTG2","ACTA1;ACTC1;ACTA2;ACTG2",0.618955472804439,17.5016841804367,0.82,"<=",3.454775,"maximize_metric",0.25,0.666666666666667,0.75,0.5,0.6,"COVID19","HC",0.666666666666667,"class","x",NA,5,15,5,5,0.287095954818382,0.405465108108164,"Neither: 116",0.75,0.5,0.24953298500158,0.656579395147113,4,4.68491674967547,0.585614593709433,1.17122918741887,0.661025354690877,0.287095954818382,"Neither: 57","(-0.8,0.8]"
"HEL-S-69p;PPIA","HEL-S-69p;PPIA",-0.527691754988787,194.291578883989,0.95,">=",-0.926002,"maximize_metric",0.15,0.466666666666667,0.25,0.9,0.465,"COVID19","HC",0.666666666666667,"class","x",NA,15,5,9,1,0.895422895303632,-1.28093384546206,"Sensitivity: 42",0.25,0.9,-2.07682729690363,0.152856882940574,10.6666666666667,7.45442382959214,0.349426117012131,0.698852234024263,-1.16257229167078,0.895422895303632,"FN: 146","(0.8, Inf]"
"ADIPOQ","ADIPOQ",0.969966627779392,143.523213104889,0.87,"<=",2.68661,"maximize_metric",0.4,0.666666666666667,0.6,0.8,0.68,"COVID19","HC",0.666666666666667,"class","x",NA,8,12,8,2,0.521067855005017,-0.287682072451781,"Neither: 116",0.6,0.8,-1.14805877083261,0.337110860170049,5.7625,4.28541249747735,0.371836225377644,0.743672450755288,-0.989545133692899,0.521067855005017,"FN: 146","(-0.8,0.8]"
"LMAN2","LMAN2",0.988764193643757,84.4719571589823,0.67,">=",-2.574585,"maximize_metric",0.45,0.666666666666667,0.55,0.9,0.65,"COVID19","HC",0.666666666666667,"class","x",NA,9,11,9,1,-0.414819745741521,-0.492476485097794,"Neither: 116",0.55,0.9,-1.4026025264811,0.209218597370883,8.17777777777778,4.88427290592841,0.29863081625921,0.597261632518419,-1.55475988775733,-0.414819745741521,"FN: 146","(-0.8,0.8]"
"PROZ","PROZ",0.582908273238149,27.7444903849207,1.1,">=",-0.8314465,"maximize_metric",0.25,0.533333333333333,0.35,0.9,0.525,"COVID19","HC",0.666666666666667,"class","x",NA,13,7,9,1,1.59733859586354,-0.944461608840852,"Sensitivity: 42",0.35,0.9,-2.43801913820141,0.154327443647752,12,8.19194351491732,0.341330979788222,0.682661959576443,-1.22507438065887,1.59733859586354,"FN: 146","(0.8, Inf]"
"LYZ","LYZ",2.649742751918,148.872563682462,0.67,">=",1.105606,"maximize_metric",0.4,0.633333333333333,0.5,0.9,0.7,"COVID19","HC",0.666666666666667,"class","x",NA,10,10,9,1,-0.414819745741521,-0.587786664902119,"Neither: 116",0.5,0.9,-1.4026025264811,0.202457288371318,8.17777777777778,4.97696227273421,0.304297965044891,0.608595930089781,-1.51100415787728,-0.414819745741521,"FN: 146","(-0.8,0.8]"
"S100A9","S100A9",4.77457356079135,109.776979714081,0.8,">=",-3.8650425,"maximize_metric",0.6,0.8,0.8,0.8,0.9,"COVID19","HC",0.666666666666667,"class","x",NA,4,16,8,2,0.193507194743729,0,"Neither: 116",0.8,0.8,-1.01977806837023,0.375217362013475,5.5,4.05276546972877,0.368433224520797,0.736866449041594,-1.01581950761617,0.193507194743729,"FN: 146","(-0.8,0.8]"
"HIST1H4H;HIST1H4A","HIST1H4H;HIST1H4A",2.3364477683666,95.0751367654394,0.45,">=",-3.2714,"maximize_metric",0.7,0.8,0.7,1,0.8,"COVID19","HC",0.666666666666667,"class","x",NA,6,14,10,0,-1.44429610656271,-0.356674943938732,"Specificity: 49",0.7,0.9999,-4.14449815963882,0.000590669887107786,4501.550155016,763.397778128589,0.0847927660294919,0.169585532058984,-3.20579117664296,-1.44429610656271,"FN: 146","(-Inf,-0.8]"
"CD14","CD14",4.2773541173238,169.982038632539,0.66,">=",2.02232,"maximize_metric",0.65,0.766666666666667,0.65,1,0.835,"COVID19","HC",0.666666666666667,"class","x",NA,7,13,10,0,-0.461614125778848,-0.430782916092454,"Neither: 116",0.65,0.9999,-6.07869063880391,0.000319366987547614,6601.34013401413,2067.9284779933,0.156629444628832,0.313258889257663,-2.65114431220645,-0.461614125778848,"FN: 146","(-0.8,0.8]"
"PZP","PZP",0.943489207129067,43.8256527969791,0.65,"<=",1.250805,"maximize_metric",0.25,0.7,0.85,0.4,0.61,"COVID19","HC",0.666666666666667,"class","x",NA,3,17,4,6,-0.508408505816175,0.75377180237638,"Neither: 116",0.85,0.4,0.904955832582215,0.737042050406237,4.45833333333333,6.01580424331273,0.674669634764044,1.34933926952809,1.34861420548803,-0.508408505816175,"FP: 4","(-0.8,0.8]"
"CFHR5","CFHR5",1.92862806276161,83.1653841958764,0.48,">=",0.478806,"maximize_metric",0.6,0.766666666666667,0.7,0.9,0.76,"COVID19","HC",0.666666666666667,"class","x",NA,6,14,9,1,-1.30391296645073,-0.251314428280906,"Specificity: 49",0.7,0.9,-0.945092860837246,0.262693421072184,6.48888888888889,3.88878267741847,0.299649350143546,0.599298700287092,-1.54689584620802,-1.30391296645073,"FN: 146","(-Inf,-0.8]"
"ITIH4;DKFZp686G21125","ITIH4;DKFZp686G21125",1.21022102461587,77.4794263471223,0.71,">=",6.0245175,"maximize_metric",0.3,0.633333333333333,0.6,0.7,0.69,"COVID19","HC",0.666666666666667,"class","x",NA,8,12,7,3,-0.227642225592214,-0.154150679827258,"Neither: 116",0.6,0.7,-0.39471001339045,0.45874828923566,4.20952380952381,3.93105398655404,0.466923833244541,0.933847666489082,-0.255379181445943,-0.227642225592214,"Neither: 57","(-0.8,0.8]"
"NGAL;LCN2","NGAL;LCN2",2.74226400214087,116.286696725131,0.65,">=",-3.29247,"maximize_metric",0.65,0.833333333333333,0.85,0.8,0.845,"COVID19","HC",0.666666666666667,"class","x",NA,3,17,8,2,-0.508408505816175,0.0606246218164348,"Neither: 116",0.85,0.8,-0.744890848807982,0.398559279703932,4.9375,3.87548432426324,0.392454108786151,0.784908217572303,-0.830355641544647,-0.508408505816175,"FN: 146","(-0.8,0.8]"
"C1S","C1S",0.570699164636653,97.0422174588017,0.81,">=",4.306295,"maximize_metric",0.35,0.633333333333333,0.55,0.8,0.605,"COVID19","HC",0.666666666666667,"class","x",NA,9,11,8,2,0.240301574781056,-0.374693449441411,"Neither: 116",0.55,0.8,-1.03810388300771,0.333950842914223,5.5375,4.21216159395276,0.380330617964132,0.760661235928263,-0.923960417009862,0.240301574781056,"FN: 146","(-0.8,0.8]"
"PLTP","PLTP",-0.334304125782895,21.2300834672805,1.12,"<=",-0.5966095,"maximize_metric",0.15,0.633333333333333,0.75,0.4,0.48,"COVID19","HC",0.666666666666667,"class","x",NA,5,15,4,6,1.69092735593819,0.628608659422374,"Sensitivity: 42",0.75,0.4,0.234211145431347,0.743934433587157,4.06666666666667,4.94212883698316,0.607638791432356,1.21527758286471,0.831072918789438,1.69092735593819,"FP: 4","(0.8, Inf]"
"C1R","C1R",0.699908903457124,114.84910336514,0.77,">=",4.025335,"maximize_metric",0.4,0.666666666666667,0.6,0.8,0.62,"COVID19","HC",0.666666666666667,"class","x",NA,8,12,8,2,0.0531240546317479,-0.287682072451781,"Neither: 116",0.6,0.8,-0.964800624457779,0.345211894665074,5.3875,4.10898439100143,0.381344259025655,0.762688518051309,-0.916134152664132,0.0531240546317479,"FN: 146","(-0.8,0.8]"
"PROC","PROC",0.578262030973705,117.343335286096,0.77,">=",0.5307795,"maximize_metric",0.35,0.666666666666667,0.65,0.7,0.6,"COVID19","HC",0.666666666666667,"class","x",NA,7,13,7,3,0.0531240546317479,-0.0741079721537217,"Neither: 116",0.65,0.7,-0.48834887828633,0.464638331497656,4.32380952380952,3.9547151863982,0.457318386092302,0.914636772184605,-0.329542286539009,0.0531240546317479,"Neither: 57","(-0.8,0.8]"
"ITGB3","ITGB3",0.527956308061028,36.6619263880286,0.63,"<=",-2.28351,"maximize_metric",0.2,0.6,0.6,0.6,0.56,"COVID19","HC",0.666666666666667,"class","x",NA,8,12,6,4,-0.601997265890829,0,"Neither: 116",0.6,0.6,0.12256794347869,0.551252065330274,3.85833333333333,4.19579170296367,0.543731106215594,1.08746221243119,0.337645356296336,-0.601997265890829,"Neither: 57","(-0.8,0.8]"
"B2M","B2M",2.78877804543338,133.546095922438,0.44,">=",1.652145,"maximize_metric",0.7,0.8,0.7,1,0.775,"COVID19","HC",0.666666666666667,"class","x",NA,6,14,10,0,-1.49109048660004,-0.356674943938732,"Specificity: 49",0.7,0.9999,-4.05239375586905,0.000614940584645166,4401.56015601609,717.077240635331,0.081457166915602,0.162914333831204,-3.23154514558485,-1.49109048660004,"FN: 146","(-Inf,-0.8]"
"KNG1","KNG1",-0.243460943897313,69.524127448942,1.39,">=",5.79913,"maximize_metric",0.35,0.633333333333333,0.55,0.8,0.525,"COVID19","HC",0.666666666666667,"class","x",NA,9,11,8,2,2.95437561694602,-0.374693449441411,"Sensitivity: 42",0.55,0.8,-2.10100113198173,0.297877264388182,7.7125,5.53514540612544,0.358842489862265,0.717684979724531,-1.08986901839138,2.95437561694602,"FN: 146","(0.8, Inf]"
"CFB","CFB",0.478374692026331,175.988173292831,0.79,">=",6.13632,"maximize_metric",0.4,0.633333333333333,0.5,0.9,0.585,"COVID19","HC",0.666666666666667,"class","x",NA,10,10,9,1,0.146712814706402,-0.587786664902119,"Neither: 116",0.5,0.9,-1.69155599951933,0.189784668155215,9.24444444444445,5.65604247589978,0.305915758912849,0.611831517825697,-1.49851326445538,0.146712814706402,"FN: 146","(-0.8,0.8]"
"PLXDC2","PLXDC2",0.283435038818992,18.2622539013755,0.81,">=",-4.17204,"maximize_metric",0.2,0.6,0.6,0.6,0.545,"COVID19","HC",0.666666666666667,"class","x",NA,8,12,6,4,0.240301574781056,0,"Neither: 116",0.6,0.6,-0.134313000536537,0.549929758500959,4.00833333333333,4.11694711308755,0.513548496435038,1.02709699287008,0.104607161857175,0.240301574781056,"Neither: 57","(-0.8,0.8]"
"C8B","C8B",-0.570851467206859,150.660894405775,1.15,"<=",2.72492,"maximize_metric",0.25,0.533333333333333,0.35,0.9,0.48,"COVID19","HC",0.666666666666667,"class","x",NA,13,7,9,1,1.83131049605017,-0.944461608840852,"Sensitivity: 42",0.35,0.9,-2.558416418634,0.152143547961728,12.4444444444444,8.56117932203862,0.343975954903337,0.687951909806674,-1.20465267989659,1.83131049605017,"FN: 146","(0.8, Inf]"
"PCYOX1","PCYOX1",2.92486497385308,111.947369220491,0.65,"<=",-2.85334,"maximize_metric",0.4,0.666666666666667,0.6,0.8,0.755,"COVID19","HC",0.666666666666667,"class","x",NA,8,12,8,2,-0.508408505816175,-0.287682072451781,"Neither: 116",0.6,0.8,-0.744890848807982,0.355754082874358,4.9375,3.92257793813796,0.397223082343084,0.794446164686168,-0.793534670955429,-0.508408505816175,"Neither: 57","(-0.8,0.8]"
"AHSG","AHSG",4.60339433513296,133.635224845446,0.79,"<=",7.434255,"maximize_metric",0.65,0.833333333333333,0.85,0.8,0.875,"COVID19","HC",0.666666666666667,"class","x",NA,3,17,8,2,0.146712814706402,0.0606246218164348,"Neither: 116",0.85,0.8,-1.00145225373275,0.384433977840405,5.4625,4.02063978971495,0.368021948715327,0.736043897430653,-1.01899494445945,0.146712814706402,"FN: 146","(-0.8,0.8]"
"CDH13","CDH13",1.47233363017056,67.5407524058761,0.5,">=",-4.688995,"maximize_metric",0.4,0.633333333333333,0.5,0.9,0.695,"COVID19","HC",0.666666666666667,"class","x",NA,10,10,9,1,-1.21032420637608,-0.587786664902119,"Specificity: 49",0.5,0.9,-0.993251773010284,0.22585944979336,6.66666666666667,4.15139877213576,0.311354907910182,0.622709815820364,-1.45651790782984,-1.21032420637608,"FN: 146","(-Inf,-0.8]"
"ZNF445","ZNF445",2.09586884076781,28.4096256314728,0.8,">=",-0.98841275,"maximize_metric",0.45,0.733333333333333,0.75,0.7,0.765,"COVID19","HC",0.666666666666667,"class","x",NA,5,15,7,3,0.193507194743729,0.0689928714869514,"Neither: 116",0.75,0.7,-0.53516831073427,0.480158161273375,4.38095238095238,3.97451209685878,0.453612793663231,0.907225587326462,-0.358152952590642,0.193507194743729,"Neither: 57","(-0.8,0.8]"
"APOB","APOB",-0.0563533603915237,44.5142047197059,1.07,">=",5.4749875,"maximize_metric",0.1,0.566666666666667,0.6,0.5,0.525,"COVID19","HC",0.666666666666667,"class","x",NA,8,12,5,5,1.45695545575156,0.182321556793955,"Sensitivity: 42",0.6,0.5,-0.0970406052783925,0.639298855010766,4,4.25202036212709,0.531502545265887,1.06300509053177,0.243229340417387,1.45695545575156,"Neither: 57","(0.8, Inf]"
"APOD","APOD",0.0787974357676773,130.305496390827,1,">=",6.20606,"maximize_metric",0.3,0.566666666666667,0.4,0.9,0.56,"COVID19","HC",0.666666666666667,"class","x",NA,12,8,9,1,1.12939479549027,-0.810930216216329,"Sensitivity: 42",0.4,0.9,-2.19722457733622,0.16375394738886,11.1111111111111,7.30254331258733,0.32861444906643,0.65722889813286,-1.32325798308696,1.12939479549027,"FN: 146","(0.8, Inf]"
"YWHAZ","YWHAZ",1.39285719395487,65.3975483020029,0.76,"<=",-0.702967,"maximize_metric",0.55,0.733333333333333,0.65,0.9,0.725,"COVID19","HC",0.666666666666667,"class","x",NA,7,13,9,1,0.00632967459442092,-0.325422400434628,"Neither: 116",0.65,0.9,-1.61931763125977,0.211508972897143,8.97777777777778,5.16585228211716,0.287702169177317,0.575404338354634,-1.63913934341553,0.00632967459442092,"FN: 146","(-0.8,0.8]"
"HBA2;HBA1","HBA2;HBA1",1.8927488740959,86.5240955616459,0.44,">=",-0.0819435,"maximize_metric",0.6,0.733333333333333,0.6,1,0.75,"COVID19","HC",0.666666666666667,"class","x",NA,8,12,10,0,-1.49109048660004,-0.510825623765991,"Specificity: 49",0.6,0.9999,-4.05239375586905,0.000528644738453416,4401.56015601609,833.877819872089,0.0947252553997631,0.189450510799526,-3.1291029973913,-1.49109048660004,"FN: 146","(-Inf,-0.8]"
"BCHE","BCHE",1.45970209529019,37.3483659796936,0.63,"<=",-0.166741,"maximize_metric",0.5,0.7,0.6,0.9,0.725,"COVID19","HC",0.666666666666667,"class","x",NA,8,12,9,1,-0.601997265890829,-0.405465108108164,"Neither: 116",0.6,0.9,-1.30628470213503,0.221566398538629,7.82222222222222,4.60333601835262,0.294247330718562,0.588494661437125,-1.58860452754063,-0.601997265890829,"FN: 146","(-0.8,0.8]"
"CAP1","CAP1",1.78120417985035,70.7649764800294,0.48,"<=",-5.09908,"maximize_metric",0.5,0.666666666666667,0.5,1,0.73,"COVID19","HC",0.666666666666667,"class","x",NA,10,10,10,0,-1.30391296645073,-0.693147180559945,"Specificity: 49",0.5,0.9999,-4.42081137094811,0.000400657422672357,4801.52015201573,1199.55157744168,0.124913729346538,0.249827458693076,-2.89601952606199,-1.30391296645073,"FN: 146","(-Inf,-0.8]"
"SPARC","SPARC",1.01066243558806,59.1978498079015,0.8,"<=",-3.7331725,"maximize_metric",0.35,0.633333333333333,0.55,0.8,0.675,"COVID19","HC",0.666666666666667,"class","x",NA,9,11,8,2,0.193507194743729,-0.374693449441411,"Neither: 116",0.55,0.8,-1.01977806837023,0.33473604040558,5.5,4.19373812549162,0.381248920499238,0.762497840998476,-0.916870255944072,0.193507194743729,"FN: 146","(-0.8,0.8]"
"SAA1","SAA1",6.62793575227082,136.221498371812,0.87,">=",3.15552,"maximize_metric",0.75,0.833333333333333,0.75,1,0.94,"COVID19","HC",0.666666666666667,"class","x",NA,5,15,10,0,0.521067855005017,-0.287682072451781,"Neither: 116",0.75,0.9999,-8.012883117969,0.000260555532968491,8701.13011301226,3340.14977372317,0.191937698341511,0.383875396683023,-2.37853131572186,0.521067855005017,"FN: 146","(-0.8,0.8]"
"PPBP","PPBP",0.905266887815433,40.7795034298268,1.02,"<=",3.7051325,"maximize_metric",0.35,0.666666666666667,0.65,0.7,0.685,"COVID19","HC",0.666666666666667,"class","x",NA,7,13,7,3,1.22298355556492,-0.0741079721537217,"Sensitivity: 42",0.65,0.7,-0.878510815352497,0.454141908646027,4.8,4.04133240966667,0.420972126006945,0.841944252013889,-0.610169670535614,1.22298355556492,"Neither: 57","(0.8, Inf]"
"APOH","APOH",1.17797028425465,63.0409000769393,0.68,"<=",6.191535,"maximize_metric",0.25,0.566666666666667,0.45,0.8,0.57,"COVID19","HC",0.666666666666667,"class","x",NA,11,9,8,2,-0.368025365704194,-0.575364144903562,"Neither: 116",0.45,0.8,-0.799868292720432,0.328031394236623,5.05,4.03734980426763,0.399737604382934,0.799475208765867,-0.77412019088547,-0.368025365704194,"Neither: 57","(-0.8,0.8]"
"HBB","HBB",1.52546415262377,139.6649646164,0.75,">=",-1.617125,"maximize_metric",0.55,0.766666666666667,0.75,0.8,0.73,"COVID19","HC",0.666666666666667,"class","x",NA,5,15,8,2,-0.040464705442906,-0.0645385211375712,"Neither: 116",0.75,0.8,-0.928148995182813,0.371661800485292,5.3125,4.00733815419874,0.377161238042234,0.754322476084468,-0.948431017128959,-0.040464705442906,"FN: 146","(-0.8,0.8]"
"VTN","VTN",0.85761430765476,99.0899746504243,0.64,">=",6.70663,"maximize_metric",0.35,0.566666666666667,0.35,1,0.62,"COVID19","HC",0.666666666666667,"class","x",NA,13,7,10,0,-0.555202885853502,-1.04982212449868,"Neither: 116",0.35,0.9999,-5.89448183126438,0.000242326104399143,6401.36013601431,2642.42948555172,0.206395940035096,0.412791880070192,-2.26690006303911,-0.555202885853502,"FN: 146","(-0.8,0.8]"
"SERPINA1","SERPINA1",0.772263499695447,36.5414141037992,1.04,">=",4.981315,"maximize_metric",0.55,0.733333333333333,0.65,0.9,0.685,"COVID19","HC",0.666666666666667,"class","x",NA,7,13,9,1,1.31657231563957,-0.325422400434628,"Sensitivity: 42",0.65,0.9,-2.29354240168229,0.18475039282083,11.4666666666667,6.80677018368848,0.296806839405021,0.593613678810041,-1.5688427081592,1.31657231563957,"FN: 146","(0.8, Inf]"
"SERPING1","SERPING1",2.85437941632534,73.918574715855,0.49,">=",6.78729,"maximize_metric",0.7,0.8,0.7,1,0.845,"COVID19","HC",0.666666666666667,"class","x",NA,6,14,10,0,-1.25711858641341,-0.356674943938732,"Specificity: 49",0.7,0.9999,-4.51291577471788,0.000511095272142122,4901.51015101564,960.236134537971,0.0979530904714133,0.195906180942827,-3.10418106842248,-1.25711858641341,"FN: 146","(-Inf,-0.8]"
"CFL1;HEL-S-15","CFL1;HEL-S-15",0.454194425344908,22.0944827644244,1.13,"<=",-1.15079,"maximize_metric",0.3,0.6,0.5,0.8,0.615,"COVID19","HC",0.666666666666667,"class","x",NA,10,10,8,2,1.73772173597552,-0.470003629245736,"Sensitivity: 42",0.5,0.8,-1.62452995140717,0.305148794809132,6.7375,4.9551780832347,0.367731212113892,0.735462424227785,-1.02123970504007,1.73772173597552,"FN: 146","(0.8, Inf]"
"F9 p22;F9;factor IX F9","F9 p22;F9;factor IX F9",1.59844672279845,156.045428471382,0.73,">=",2.299415,"maximize_metric",0.55,0.733333333333333,0.65,0.9,0.73,"COVID19","HC",0.666666666666667,"class","x",NA,7,13,9,1,-0.13405346551756,-0.325422400434628,"Neither: 116",0.65,0.9,-1.54707926300021,0.215183318915998,8.71111111111111,5.01066856414999,0.287602149727997,0.575204299455994,-1.63991158783203,-0.13405346551756,"FN: 146","(-0.8,0.8]"
"IGFBP6","IGFBP6",1.52277570648793,69.756057574619,0.5,">=",-1.4285995,"maximize_metric",0.45,0.633333333333333,0.45,1,0.705,"COVID19","HC",0.666666666666667,"class","x",NA,11,9,10,0,-1.21032420637608,-0.798507696217772,"Specificity: 49",0.45,0.9999,-4.60502017848765,0.000354629219409022,5001.50015001555,1411.42383409066,0.141100049160878,0.282200098321755,-2.77104588158349,-1.21032420637608,"FN: 146","(-Inf,-0.8]"
"MST1","MST1",1.33964956441839,32.484154596854,0.69,">=",-1.01781,"maximize_metric",0.5,0.733333333333333,0.7,0.8,0.715,"COVID19","HC",0.666666666666667,"class","x",NA,6,14,8,2,-0.321230985666868,-0.133531392624523,"Neither: 116",0.7,0.8,-0.818194107357915,0.368962480832284,5.0875,3.94605514316532,0.387818687288975,0.77563737457795,-0.86614546436051,-0.321230985666868,"FN: 146","(-0.8,0.8]"
"FCGR3A","FCGR3A",1.77412307872536,47.248753158728,1.06,">=",-0.9963814,"maximize_metric",0.35,0.6,0.45,0.9,0.675,"COVID19","HC",0.666666666666667,"class","x",NA,11,9,9,1,1.41016107571423,-0.693147180559945,"Sensitivity: 42",0.45,0.9,-2.34170131385533,0.164829600421577,11.6444444444444,7.55640257370291,0.324463850970068,0.648927701940135,-1.35530451230532,1.41016107571423,"FN: 146","(0.8, Inf]"
"KLKB1","KLKB1",2.02397247725999,65.2547152871631,0.59,"<=",2.753555,"maximize_metric",0.45,0.666666666666667,0.55,0.9,0.705,"COVID19","HC",0.666666666666667,"class","x",NA,9,11,9,1,-0.789174786040137,-0.492476485097794,"Neither: 116",0.55,0.9,-1.20996687778895,0.219934214630631,7.46666666666667,4.49016021016377,0.300680371216324,0.601360742432648,-1.53893539179485,-0.789174786040137,"FN: 146","(-0.8,0.8]"
"SHBG","SHBG",1.71843249524359,94.6216122616098,0.54,"<=",-0.7910161925,"maximize_metric",0.3,0.566666666666667,0.4,0.9,0.64,"COVID19","HC",0.666666666666667,"class","x",NA,12,8,9,1,-1.02314668622677,-0.810930216216329,"Specificity: 49",0.4,0.9,-1.08956959735636,0.204534171781479,7.02222222222222,4.47554816890102,0.318670360127446,0.637340720254892,-1.40003572194161,-1.02314668622677,"FN: 146","(-Inf,-0.8]"
"CRISP3","CRISP3",0.681697535679867,131.187313786934,0.72,"<=",-2.8347375,"maximize_metric",0.25,0.533333333333333,0.35,0.9,0.605,"COVID19","HC",0.666666666666667,"class","x",NA,13,7,9,1,-0.180847845554887,-0.944461608840852,"Neither: 116",0.35,0.9,-1.5229998069137,0.17838121823549,8.62222222222222,5.59419949839425,0.324405898747089,0.648811797494178,-1.35575195808635,-0.180847845554887,"FN: 146","(-0.8,0.8]"
"APOC4-APOC2;APOC2","APOC4-APOC2;APOC2",0.27040809241428,79.6986963250065,0.87,">=",5.357245,"maximize_metric",0.2,0.566666666666667,0.5,0.7,0.565,"COVID19","HC",0.666666666666667,"class","x",NA,10,10,7,3,0.521067855005017,-0.336472236621213,"Neither: 116",0.5,0.7,-0.644413653112796,0.435324681433634,4.51428571428571,3.99965830082802,0.443000128256268,0.886000256512536,-0.440092731907498,0.521067855005017,"Neither: 57","(-0.8,0.8]"
"MASP2","MASP2",1.87026840716544,221.64947684587,0.65,">=",-0.677093,"maximize_metric",0.65,0.766666666666667,0.65,1,0.73,"COVID19","HC",0.666666666666667,"class","x",NA,7,13,10,0,-0.508408505816175,-0.430782916092454,"Neither: 116",0.65,0.9999,-5.98658623503414,0.000325118493826882,6501.35013501422,2000.62151203606,0.153862003313846,0.307724006627692,-2.6725115674554,-0.508408505816175,"FN: 146","(-0.8,0.8]"
"QSOX1;BPGF-1","QSOX1;BPGF-1",1.31177585989733,157.401484167932,0.7,">=",-0.7139327,"maximize_metric",0.45,0.633333333333333,0.45,1,0.685,"COVID19","HC",0.666666666666667,"class","x",NA,11,9,10,0,-0.274436605629541,-0.798507696217772,"Neither: 116",0.45,0.9999,-6.44710825388297,0.000247066842933936,7001.30013001377,2834.541689017,0.202429665660643,0.404859331321285,-2.2975234394003,-0.274436605629541,"FN: 146","(-0.8,0.8]"
"CD5L","CD5L",-0.124145605683116,78.7335494346987,1.01,"<=",-1.3784395,"maximize_metric",0.25,0.6,0.55,0.7,0.52,"COVID19","HC",0.666666666666667,"class","x",NA,9,11,7,3,1.17618917552759,-0.241162056816888,"Sensitivity: 42",0.55,0.7,-0.86290433786985,0.438097482373791,4.78095238095238,4.06729441615664,0.425364455872956,0.850728911745911,-0.57625674422479,1.17618917552759,"Neither: 57","(0.8, Inf]"
"PGLYRP1","PGLYRP1",1.73717965868442,90.3542006423302,0.46,">=",-2.6075,"maximize_metric",0.55,0.7,0.55,1,0.73,"COVID19","HC",0.666666666666667,"class","x",NA,9,11,10,0,-1.39750172652539,-0.59783700075562,"Specificity: 49",0.55,0.9999,-4.23660256340858,0.000457470423222242,4601.54015401591,1007.07019186988,0.109427513198051,0.218855026396103,-3.01558771039649,-1.39750172652539,"FN: 146","(-Inf,-0.8]"
"FCN3;UNQ172","FCN3;UNQ172",1.76945789749903,49.6019074411061,0.57,">=",2.878005,"maximize_metric",0.55,0.733333333333333,0.65,0.9,0.755,"COVID19","HC",0.666666666666667,"class","x",NA,7,13,9,1,-0.882763546114791,-0.325422400434628,"Specificity: 49",0.65,0.9,-1.16180796561591,0.238249404197377,7.28888888888889,4.26970574311385,0.292891400061163,0.585782800122327,-1.59907359017246,-0.882763546114791,"FN: 146","(-Inf,-0.8]"
"ATRN","ATRN",0.915295355331067,76.9195036952905,0.46,"<=",0.1479075,"maximize_metric",0.4,0.6,0.4,1,0.61,"COVID19","HC",0.666666666666667,"class","x",NA,12,8,10,0,-1.39750172652539,-0.916290731874155,"Specificity: 49",0.4,0.9999,-4.23660256340858,0.000368197663363757,4601.54015401591,1250.86951679138,0.135918570187822,0.271837140375644,-2.81105178276912,-1.39750172652539,"FN: 146","(-Inf,-0.8]"
"APOM","APOM",1.0768632176079,66.6501323771031,0.74,"<=",3.51799,"maximize_metric",0.4,0.633333333333333,0.5,0.9,0.67,"COVID19","HC",0.666666666666667,"class","x",NA,10,10,9,1,-0.087259085480233,-0.587786664902119,"Neither: 116",0.5,0.9,-1.57115871908673,0.194735839688733,8.8,5.36472349533019,0.304813834961943,0.609627669923885,-1.50702115591326,-0.087259085480233,"FN: 146","(-0.8,0.8]"
"F13A1","F13A1",2.03786538651086,59.695416358852,0.56,"<=",0.428701,"maximize_metric",0.5,0.766666666666667,0.8,0.7,0.765,"COVID19","HC",0.666666666666667,"class","x",NA,4,16,7,3,-0.929557926152117,0.133531392624523,"Specificity: 49",0.8,0.7,-0.160612851150749,0.499020653391099,3.92380952380952,3.99656803268648,0.509271411932137,1.01854282386427,0.0715840383676386,-0.929557926152117,"Neither: 57","(-Inf,-0.8]"
"F2","F2",0.676683628737264,71.4633876858517,0.71,">=",6.155475,"maximize_metric",0.35,0.633333333333333,0.55,0.8,0.605,"COVID19","HC",0.666666666666667,"class","x",NA,9,11,8,2,-0.227642225592214,-0.374693449441411,"Neither: 116",0.55,0.8,-0.854845736632881,0.342086283575137,5.1625,4.03624319615977,0.390919437884724,0.781838875769447,-0.842204747322021,-0.227642225592214,"FN: 146","(-0.8,0.8]"
"HP","HP",3.04682555306129,84.3988815012265,0.47,">=",4.44308,"maximize_metric",0.8,0.866666666666667,0.8,1,0.865,"COVID19","HC",0.666666666666667,"class","x",NA,4,16,10,0,-1.35070734648806,-0.22314355131421,"Specificity: 49",0.8,0.9999,-4.32870696717835,0.000631067223462904,4701.53015301582,746.301067528792,0.0793678912226134,0.158735782445227,-3.24767632306485,-1.35070734648806,"FN: 146","(-Inf,-0.8]"
"HPR","HPR",1.77133610510147,60.0796023301361,0.67,">=",-3.12995,"maximize_metric",0.5,0.766666666666667,0.8,0.7,0.68,"COVID19","HC",0.666666666666667,"class","x",NA,4,16,7,3,-0.414819745741521,0.133531392624523,"Neither: 116",0.8,0.7,-0.332284103459863,0.494215571676681,4.13333333333333,3.98526249055755,0.482088204502929,0.964176409005858,-0.13829594299993,-0.414819745741521,"Neither: 57","(-0.8,0.8]"
"F10","F10",1.20062531322333,93.5693684814754,0.66,">=",0.740493,"maximize_metric",0.45,0.666666666666667,0.55,0.9,0.68,"COVID19","HC",0.666666666666667,"class","x",NA,9,11,9,1,-0.461614125778848,-0.492476485097794,"Neither: 116",0.55,0.9,-1.37852307039458,0.210476256649405,8.08888888888889,4.83297133569478,0.298741360036078,0.597482720072157,-1.55390638561305,-0.461614125778848,"FN: 146","(-0.8,0.8]"
"PLG","PLG",-0.103038105088637,80.4593265877318,1.02,">=",6.42271,"maximize_metric",0.2,0.533333333333333,0.4,0.8,0.525,"COVID19","HC",0.666666666666667,"class","x",NA,12,8,8,2,1.22298355556492,-0.693147180559945,"Sensitivity: 42",0.4,0.8,-1.42294599039486,0.29769232859222,6.325,4.82175617106259,0.381166495736173,0.762332991472346,-0.91750665279979,1.22298355556492,"FN: 146","(0.8, Inf]"
"HEL-S-11;CA1","HEL-S-11;CA1",1.3007044980654,78.0968884981531,0.54,">=",-2.23999,"maximize_metric",0.45,0.7,0.65,0.8,0.675,"COVID19","HC",0.666666666666667,"class","x",NA,7,13,8,2,-1.02314668622677,-0.207639364778244,"Specificity: 49",0.65,0.8,-0.543306887795668,0.375035913717484,4.525,3.77599634335519,0.417237165011623,0.834474330023246,-0.639007089598398,-1.02314668622677,"Neither: 57","(-Inf,-0.8]"
"A2M","A2M",-0.394942702507904,78.3463713377179,1.17,">=",2.405575,"maximize_metric",0.25,0.533333333333333,0.35,0.9,0.49,"COVID19","HC",0.666666666666667,"class","x",NA,13,7,9,1,1.92489925612482,-0.944461608840852,"Sensitivity: 42",0.35,0.9,-2.60657533080704,0.151315036630564,12.6222222222222,8.71019601178838,0.345034173002181,0.690068346004361,-1.19648223880915,1.92489925612482,"FN: 146","(0.8, Inf]"
"HEL-S-62p;C3","HEL-S-62p;C3",0.809879556449099,165.375996906606,0.81,">=",8.51205,"maximize_metric",0.4,0.633333333333333,0.5,0.9,0.64,"COVID19","HC",0.666666666666667,"class","x",NA,10,10,9,1,0.240301574781056,-0.587786664902119,"Neither: 116",0.5,0.9,-1.73971491169236,0.187923604831515,9.42222222222222,5.77564151919774,0.306490410806484,0.612980821612967,-1.49407641023047,0.240301574781056,"FN: 146","(-0.8,0.8]"
"C5","C5",1.73532357347978,111.364974877039,0.64,">=",4.109675,"maximize_metric",0.6,0.766666666666667,0.7,0.9,0.745,"COVID19","HC",0.666666666666667,"class","x",NA,6,14,9,1,-0.555202885853502,-0.251314428280906,"Neither: 116",0.7,0.9,-1.33036415822155,0.234736832169083,7.91111111111111,4.5036239288507,0.284639152806575,0.569278305613151,-1.66278871667268,-0.555202885853502,"FN: 146","(-0.8,0.8]"
"APOA2","APOA2",2.05114855099089,61.098642274055,0.58,"<=",8.28843,"maximize_metric",0.25,0.633333333333333,0.65,0.6,0.7,"COVID19","HC",0.666666666666667,"class","x",NA,7,13,6,4,-0.835969166077464,0.0800427076735366,"Specificity: 49",0.65,0.6,0.193923761260697,0.559474237370035,3.81666666666667,4.26010860506727,0.558092830358158,1.11618566071631,0.448531402517967,-0.835969166077464,"Neither: 57","(-Inf,-0.8]"
"FGA","FGA",2.68705773094143,57.2784475036525,0.54,">=",3.586635,"maximize_metric",0.5,0.7,0.6,0.9,0.785,"COVID19","HC",0.666666666666667,"class","x",NA,8,12,9,1,-1.02314668622677,-0.405465108108164,"Specificity: 49",0.6,0.9,-1.08956959735636,0.235318196987969,7.02222222222222,4.20405604984805,0.299339433929054,0.598678867858109,-1.54928869147812,-1.02314668622677,"FN: 146","(-Inf,-0.8]"
"HEL-S-78p;FGB","HEL-S-78p;FGB",3.36394294740651,81.736311409829,0.51,">=",0.322175,"maximize_metric",0.8,0.866666666666667,0.8,1,0.895,"COVID19","HC",0.666666666666667,"class","x",NA,4,16,10,0,-1.16352982633875,-0.22314355131421,"Specificity: 49",0.8,0.9999,-4.69712458225741,0.000546323998428951,5101.49014901546,935.002799053046,0.0916401651028859,0.183280330205772,-3.15292280216276,-1.16352982633875,"FN: 146","(-Inf,-0.8]"
"CRP","CRP",4.69157702795041,66.6031894395323,0.61,">=",1.222602625,"maximize_metric",0.75,0.833333333333333,0.75,1,0.92,"COVID19","HC",0.666666666666667,"class","x",NA,5,15,10,0,-0.695586025965483,-0.287682072451781,"Neither: 116",0.75,0.9999,-5.61816861995508,0.000391750607620103,6101.39013901457,1558.5036369402,0.127717094090947,0.255434188181893,-2.87437490808027,-0.695586025965483,"FN: 146","(-0.8,0.8]"
"HEL-S-92n;APCS","HEL-S-92n;APCS",1.76746645635596,108.807899608552,0.46,">=",5.746015,"maximize_metric",0.6,0.733333333333333,0.6,1,0.73,"COVID19","HC",0.666666666666667,"class","x",NA,8,12,10,0,-1.39750172652539,-0.510825623765991,"Specificity: 49",0.6,0.9999,-4.23660256340858,0.000491794544244003,4601.54015401591,936.890702919398,0.10180186106838,0.20360372213676,-3.07446493197011,-1.39750172652539,"FN: 146","(-Inf,-0.8]"
"RBP4","RBP4",1.67632845467004,42.2564146737942,0.6,"<=",5.44336,"maximize_metric",0.35,0.633333333333333,0.55,0.8,0.735,"COVID19","HC",0.666666666666667,"class","x",NA,9,11,8,2,-0.74238040600281,-0.374693449441411,"Neither: 116",0.55,0.8,-0.653261775620567,0.351776364976643,4.75,3.86537755025697,0.40688184739547,0.81376369479094,-0.718959901421414,-0.74238040600281,"Neither: 57","(-0.8,0.8]"
"AMBP","AMBP",0.646929370934945,89.6969417009731,0.66,"<=",5.37447,"maximize_metric",0.3,0.566666666666667,0.4,0.9,0.595,"COVID19","HC",0.666666666666667,"class","x",NA,12,8,9,1,-0.461614125778848,-0.810930216216329,"Neither: 116",0.4,0.9,-1.37852307039458,0.190362924510634,8.08888888888889,5.12212422208687,0.316614821420205,0.63322964284041,-1.41590641809472,-0.461614125778848,"FN: 146","(-0.8,0.8]"
"HEL-S-153w;ORM1","HEL-S-153w;ORM1",2.91492511758486,79.7201669359428,0.48,">=",2.45601,"maximize_metric",0.75,0.833333333333333,0.75,1,0.85,"COVID19","HC",0.666666666666667,"class","x",NA,5,15,10,0,-1.30391296645073,-0.287682072451781,"Specificity: 49",0.75,0.9999,-4.42081137094811,0.000566684646247278,4801.52015201573,848.552810179891,0.0883629333330674,0.176725866666135,-3.17822612019754,-1.30391296645073,"FN: 146","(-Inf,-0.8]"
"HEL-S-51;GC","HEL-S-51;GC",0.0386684286700046,111.705223261504,0.79,"<=",6.9268025,"maximize_metric",0.15,0.466666666666667,0.25,0.9,0.515,"COVID19","HC",0.666666666666667,"class","x",NA,15,5,9,1,0.146712814706402,-1.28093384546206,"Neither: 116",0.25,0.9,-1.69155599951933,0.161870971852195,9.24444444444445,6.3241221201553,0.342049874287246,0.684099748574491,-1.21952383757254,0.146712814706402,"FN: 146","(-0.8,0.8]"
"PF4","PF4",0.421079236125031,177.120816694161,0.95,"<=",3.878395,"maximize_metric",0.5,0.7,0.6,0.9,0.615,"COVID19","HC",0.666666666666667,"class","x",NA,8,12,9,1,0.895422895303632,-0.405465108108164,"Sensitivity: 42",0.6,0.9,-2.07682729690363,0.186782203684933,10.6666666666667,6.37730467959129,0.298936156855842,0.597872313711684,-1.55240237056961,0.895422895303632,"FN: 146","(0.8, Inf]"
"HPX","HPX",0.391415427551542,148.332963987882,0.83,">=",9.439315,"maximize_metric",0.3,0.533333333333333,0.3,1,0.58,"COVID19","HC",0.666666666666667,"class","x",NA,14,6,10,0,0.333890334855709,-1.20397280432594,"Neither: 116",0.3,0.9999,-7.64446550288993,0.000190112009721272,8301.17011701261,4367.01749964896,0.263036261038615,0.52607252207723,-1.82958340172053,0.333890334855709,"FN: 146","(-0.8,0.8]"
"F11","F11",1.17424262805226,127.069903901968,0.76,">=",-0.379775695,"maximize_metric",0.5,0.733333333333333,0.7,0.8,0.69,"COVID19","HC",0.666666666666667,"class","x",NA,6,14,8,2,0.00632967459442092,-0.133531392624523,"Neither: 116",0.7,0.8,-0.946474809820296,0.362451677122168,5.35,4.041781851965,0.377736621678972,0.755473243357945,-0.943988513157626,0.00632967459442092,"FN: 146","(-0.8,0.8]"
"HEL-S-87p;ALDOA","HEL-S-87p;ALDOA",-0.390289411820397,55.3764313616364,1.19,"<=",-3.593615,"maximize_metric",0.3,0.566666666666667,0.4,0.9,0.57,"COVID19","HC",0.666666666666667,"class","x",NA,12,8,9,1,2.01848801619948,-0.810930216216329,"Sensitivity: 42",0.4,0.9,-2.65473424298008,0.154314222236197,12.8,8.66934062970425,0.338646118347822,0.677292236695645,-1.24580404144496,2.01848801619948,"FN: 146","(0.8, Inf]"
"HEL-S-163pA;A1BG","HEL-S-163pA;A1BG",0.586975761298164,43.728280751507,0.87,">=",7.114345,"maximize_metric",0.35,0.666666666666667,0.65,0.7,0.61,"COVID19","HC",0.666666666666667,"class","x",NA,7,13,7,3,0.521067855005017,-0.0741079721537217,"Neither: 116",0.65,0.7,-0.644413653112796,0.460387244023098,4.51428571428571,3.98380782764879,0.441244537872493,0.882489075744986,-0.453647544303915,0.521067855005017,"Neither: 57","(-0.8,0.8]"
"HEL-S-162eP;GAPDH","HEL-S-162eP;GAPDH",-0.239498030172778,42.9832120809025,1.05,"<=",-0.9691755,"maximize_metric",0.2,0.6,0.6,0.6,0.495,"COVID19","HC",0.666666666666667,"class","x",NA,8,12,6,4,1.3633666956769,0,"Sensitivity: 42",0.6,0.6,-0.476820925890172,0.548090500836718,4.20833333333333,4.0179328327789,0.477378158349968,0.954756316699937,-0.174661938491748,1.3633666956769,"Neither: 57","(0.8, Inf]"
"S100A8","S100A8",1.94751708396828,31.0534116062907,0.79,">=",-3.74952,"maximize_metric",0.6,0.8,0.8,0.8,0.745,"COVID19","HC",0.666666666666667,"class","x",NA,4,16,8,2,0.146712814706402,0,"Neither: 116",0.8,0.8,-1.00145225373275,0.376162637935874,5.4625,4.03976351152104,0.369772403800553,0.739544807601106,-1.00547978140781,0.146712814706402,"FN: 146","(-0.8,0.8]"
"F13B","F13B",0.755338053539752,68.3041165780515,0.71,"<=",1.1148675,"maximize_metric",0.25,0.566666666666667,0.45,0.8,0.61,"COVID19","HC",0.666666666666667,"class","x",NA,11,9,8,2,-0.227642225592214,-0.575364144903562,"Neither: 116",0.45,0.8,-0.854845736632881,0.325680528423844,5.1625,4.09309032280958,0.396425212862913,0.792850425725826,-0.799694975329669,-0.227642225592214,"Neither: 57","(-0.8,0.8]"
"MPO","MPO",2.48401645943428,128.961794481434,0.41,">=",-3.919685,"maximize_metric",0.65,0.766666666666667,0.65,1,0.74,"COVID19","HC",0.666666666666667,"class","x",NA,7,13,10,0,-1.63147362671202,-0.430782916092454,"Specificity: 49",0.65,0.9999,-3.77608054455975,0.000647400585148724,4101.59015901635,634.892898158922,0.0773959456630819,0.154791891326164,-3.2629016013316,-1.63147362671202,"FN: 146","(-Inf,-0.8]"
"SERPINA7","SERPINA7",0.933973154290662,91.5843697397947,0.85,"<=",2.80159,"maximize_metric",0.4,0.7,0.7,0.7,0.665,"COVID19","HC",0.666666666666667,"class","x",NA,6,14,7,3,0.427479094930363,0,"Neither: 116",0.7,0.7,-0.613200698147503,0.469612516785924,4.47619047619048,3.97822899300427,0.444376642835584,0.888753285671168,-0.429464741998236,0.427479094930363,"Neither: 57","(-0.8,0.8]"
"SERPIND1","SERPIND1",0.00635281689313341,52.4424831731077,1.08,">=",4.8174,"maximize_metric",0.35,0.666666666666667,0.65,0.7,0.545,"COVID19","HC",0.666666666666667,"class","x",NA,7,13,7,3,1.50374983578888,-0.0741079721537217,"Sensitivity: 42",0.65,0.7,-0.972149680248377,0.45169383241959,4.91428571428571,4.06889478044709,0.413986387545489,0.827972775090977,-0.664106155475713,1.50374983578888,"Neither: 57","(0.8, Inf]"
"GSN","GSN",1.36617519190768,54.2760485982523,0.54,"<=",4.97743,"maximize_metric",0.4,0.733333333333333,0.8,0.6,0.68,"COVID19","HC",0.666666666666667,"class","x",NA,4,16,6,4,-1.02314668622677,0.287682072451781,"Specificity: 49",0.8,0.6,0.251008415486303,0.582704433930027,3.78333333333333,4.42543256593994,0.584858929419375,1.16971785883875,0.65519091416245,-1.02314668622677,"Neither: 57","(-Inf,-0.8]"
"C2","C2",1.57967207447714,56.7398544256001,0.54,">=",1.40936,"maximize_metric",0.6,0.766666666666667,0.7,0.9,0.735,"COVID19","HC",0.666666666666667,"class","x",NA,6,14,9,1,-1.02314668622677,-0.251314428280906,"Specificity: 49",0.7,0.9,-1.08956959735636,0.251384567866389,7.02222222222222,4.09837025731689,0.291814337941867,0.583628675883734,-1.60738952485818,-1.02314668622677,"FN: 146","(-Inf,-0.8]"
"APOA4","APOA4",5.27839211625403,136.351194883074,0.74,"<=",6.003585,"maximize_metric",0.7,0.8,0.7,1,0.9,"COVID19","HC",0.666666666666667,"class","x",NA,6,14,10,0,-0.087259085480233,-0.356674943938732,"Neither: 116",0.7,0.9999,-6.81552586896204,0.000294688747046659,7401.26012601342,2512.38442150811,0.169726801837282,0.339453603674563,-2.55002037037461,-0.087259085480233,"FN: 146","(-0.8,0.8]"
"LDHB","LDHB",1.54939717291822,82.1713069931812,0.72,">=",-0.5431495,"maximize_metric",0.4,0.666666666666667,0.6,0.8,0.63,"COVID19","HC",0.666666666666667,"class","x",NA,8,12,8,2,-0.180847845554887,-0.287682072451781,"Neither: 116",0.6,0.8,-0.873171551270364,0.349494651223482,5.2,4.02781832623219,0.387290223676173,0.774580447352345,-0.870225701525211,-0.180847845554887,"FN: 146","(-0.8,0.8]"
"C8A","C8A",0.582045485716516,123.196275382797,0.77,">=",3.568745,"maximize_metric",0.4,0.666666666666667,0.6,0.8,0.6,"COVID19","HC",0.666666666666667,"class","x",NA,8,12,8,2,0.0531240546317479,-0.287682072451781,"Neither: 116",0.6,0.8,-0.964800624457779,0.345211894665074,5.3875,4.10898439100143,0.381344259025655,0.762688518051309,-0.916134152664132,0.0531240546317479,"FN: 146","(-0.8,0.8]"
"C8G","C8G",0.237498288751975,52.4424812592254,1.03,">=",4.445765,"maximize_metric",0.35,0.6,0.45,0.9,0.575,"COVID19","HC",0.666666666666667,"class","x",NA,11,9,9,1,1.26977793560225,-0.693147180559945,"Sensitivity: 42",0.45,0.9,-2.26946294559578,0.166557408863904,11.3777777777778,7.34790134557911,0.322905820850644,0.645811641701288,-1.36733397326155,1.26977793560225,"FN: 146","(0.8, Inf]"
"PFN1","PFN1",1.69240130492188,83.0943803892106,0.7,"<=",0.333330425,"maximize_metric",0.45,0.7,0.65,0.8,0.755,"COVID19","HC",0.666666666666667,"class","x",NA,7,13,8,2,-0.274436605629541,-0.207639364778244,"Neither: 116",0.65,0.8,-0.836519921995398,0.359613371877941,5.125,3.97655860840408,0.387956937405277,0.775913874810553,-0.865078043162736,-0.274436605629541,"FN: 146","(-0.8,0.8]"
"SERPINA6","SERPINA6",-0.15015895404799,23.383840933309,1.14,">=",3.94203,"maximize_metric",0.2,0.533333333333333,0.4,0.8,0.51,"COVID19","HC",0.666666666666667,"class","x",NA,12,8,8,2,1.78451611601284,-0.693147180559945,"Sensitivity: 42",0.4,0.8,-1.64285576604465,0.291385370751039,6.775,5.12598034617149,0.378301132558782,0.756602265117564,-0.939629957117293,1.78451611601284,"FN: 146","(0.8, Inf]"
"PLEK","PLEK",1.25812135933101,27.967293351067,0.85,"<=",-3.25266,"maximize_metric",0.45,0.7,0.65,0.8,0.73,"COVID19","HC",0.666666666666667,"class","x",NA,7,13,8,2,0.427479094930363,-0.207639364778244,"Neither: 116",0.65,0.8,-1.11140714155764,0.346561668422595,5.6875,4.21258718115697,0.370337334607206,0.740674669214412,-1.00111798313647,0.427479094930363,"FN: 146","(-0.8,0.8]"
"SERPINF2","SERPINF2",1.06428498647565,31.7140651577776,0.66,">=",5.155305,"maximize_metric",0.4,0.666666666666667,0.6,0.8,0.665,"COVID19","HC",0.666666666666667,"class","x",NA,8,12,8,2,-0.461614125778848,-0.287682072451781,"Neither: 116",0.6,0.8,-0.763216663445465,0.354841013637731,4.975,3.93699534041848,0.395677923660149,0.791355847320297,-0.805464752290716,-0.461614125778848,"FN: 146","(-0.8,0.8]"
"SAA2","SAA2",2.70758457006382,139.475777231766,0.41,">=",-3.662475,"maximize_metric",0.7,0.8,0.7,1,0.765,"COVID19","HC",0.666666666666667,"class","x",NA,6,14,10,0,-1.63147362671202,-0.356674943938732,"Specificity: 49",0.7,0.9999,-3.77608054455975,0.000702084556800342,4101.59015901635,585.56636057728,0.0713828463931305,0.142765692786261,-3.30932839500653,-1.63147362671202,"FN: 146","(-Inf,-0.8]"
"C7","C7",2.49133911757272,65.0838850264896,0.55,">=",2.902445,"maximize_metric",0.6,0.8,0.8,0.8,0.775,"COVID19","HC",0.666666666666667,"class","x",NA,4,16,8,2,-0.976352306189444,0,"Specificity: 49",0.8,0.8,-0.561632702433151,0.400429887652097,4.5625,3.79192324771164,0.415553232625933,0.831106465251866,-0.652008634712357,-0.976352306189444,"Neither: 57","(-Inf,-0.8]"
"CLU","CLU",-0.0114034974417976,78.2834158052833,1.03,">=",6.082325,"maximize_metric",0.2,0.6,0.6,0.6,0.54,"COVID19","HC",0.666666666666667,"class","x",NA,8,12,6,4,1.26977793560225,0,"Sensitivity: 42",0.6,0.6,-0.448278598777369,0.548247131238655,4.19166666666667,4.02590647818186,0.480227412904396,0.960454825808793,-0.152663007925803,1.26977793560225,"Neither: 57","(0.8, Inf]"
"MBL2","MBL2",0.855816801125544,42.1383620814147,0.87,">=",-1.28029175,"maximize_metric",0.3,0.6,0.5,0.8,0.655,"COVID19","HC",0.666666666666667,"class","x",NA,10,10,8,2,0.521067855005017,-0.470003629245736,"Neither: 116",0.5,0.8,-1.14805877083261,0.321702808416683,5.7625,4.37029578395198,0.379201369540302,0.758402739080605,-0.932679279151863,0.521067855005017,"FN: 146","(-0.8,0.8]"
"C6","C6",1.08596981989042,52.9876202914338,0.55,">=",2.431515,"maximize_metric",0.4,0.666666666666667,0.6,0.8,0.655,"COVID19","HC",0.666666666666667,"class","x",NA,8,12,8,2,-0.976352306189444,-0.287682072451781,"Specificity: 49",0.6,0.8,-0.561632702433151,0.365228722726814,4.5625,3.79019300981089,0.415363617513522,0.830727235027044,-0.653472642091303,-0.976352306189444,"Neither: 57","(-Inf,-0.8]"
"CPN1","CPN1",1.45755119420236,72.4836634394588,0.65,">=",2.883755,"maximize_metric",0.35,0.633333333333333,0.55,0.8,0.615,"COVID19","HC",0.666666666666667,"class","x",NA,9,11,8,2,-0.508408505816175,-0.374693449441411,"Neither: 116",0.55,0.8,-0.744890848807982,0.347274551142988,4.9375,3.93996882297882,0.39898418460545,0.797968369210901,-0.779937301661376,-0.508408505816175,"Neither: 57","(-0.8,0.8]"
"IGFBP2","IGFBP2",2.42601960432913,85.739227916564,0.48,">=",-2.5683825,"maximize_metric",0.55,0.733333333333333,0.65,0.9,0.815,"COVID19","HC",0.666666666666667,"class","x",NA,7,13,9,1,-1.30391296645073,-0.325422400434628,"Specificity: 49",0.65,0.9,-0.945092860837246,0.254162327534687,6.48888888888889,3.92653380180699,0.302558255276224,0.605116510552447,-1.52443635695767,-1.30391296645073,"FN: 146","(-Inf,-0.8]"
"LBP","LBP",5.91487905713939,129.558320201939,0.79,">=",2.05708,"maximize_metric",0.75,0.833333333333333,0.75,1,0.925,"COVID19","HC",0.666666666666667,"class","x",NA,5,15,10,0,0.146712814706402,-0.287682072451781,"Neither: 116",0.75,0.9999,-7.27604788781087,0.000287072822903107,7901.21012101297,2753.12532154317,0.174221750806331,0.348443501612663,-2.51531512787043,0.146712814706402,"FN: 146","(-0.8,0.8]"
"VCAM1","VCAM1",1.43803756598638,64.5187316112182,0.5,">=",-4.56067,"maximize_metric",0.45,0.666666666666667,0.55,0.9,0.695,"COVID19","HC",0.666666666666667,"class","x",NA,9,11,9,1,-1.21032420637608,-0.492476485097794,"Specificity: 49",0.55,0.9,-0.993251773010284,0.233944400605095,6.66666666666667,4.09534237630202,0.307150678222652,0.614301356445303,-1.48897852347947,-1.21032420637608,"FN: 146","(-Inf,-0.8]"
"ORM2","ORM2",5.72216036063117,148.196153774052,0.86,">=",-1.172875,"maximize_metric",0.65,0.833333333333333,0.85,0.8,0.915,"COVID19","HC",0.666666666666667,"class","x",NA,3,17,8,2,0.47427347496769,0.0606246218164348,"Neither: 116",0.85,0.8,-1.12973295619513,0.377749677526856,5.725,4.10870005084281,0.358838432388018,0.717676864776036,-1.08990034591672,0.47427347496769,"FN: 146","(-0.8,0.8]"
"C4BPB","C4BPB",1.72226685249679,56.8140428493395,0.62,">=",3.834265,"maximize_metric",0.45,0.733333333333333,0.75,0.7,0.665,"COVID19","HC",0.666666666666667,"class","x",NA,5,15,7,3,-0.648791645928156,0.0689928714869514,"Neither: 116",0.75,0.7,-0.254251716046629,0.488020181439073,4.03809523809524,3.96585800872354,0.491055531740533,0.982111063481066,-0.0690597250721295,-0.648791645928156,"Neither: 57","(-0.8,0.8]"
"FLNA;FLJ00119","FLNA;FLJ00119",0.956644757896126,28.6137843898054,0.91,"<=",-2.44951,"maximize_metric",0.55,0.733333333333333,0.65,0.9,0.7,"COVID19","HC",0.666666666666667,"class","x",NA,7,13,9,1,0.708245375154325,-0.325422400434628,"Neither: 116",0.65,0.9,-1.98050947255755,0.195667919448624,10.3111111111111,6.00589849606115,0.291234302071931,0.582468604143861,-1.61186794845451,0.708245375154325,"FN: 146","(-0.8,0.8]"
"CPN2","CPN2",2.02864917682455,85.8949858803033,0.5,">=",3.545995,"maximize_metric",0.3,0.566666666666667,0.4,0.9,0.69,"COVID19","HC",0.666666666666667,"class","x",NA,12,8,9,1,-1.21032420637608,-0.810930216216329,"Specificity: 49",0.4,0.9,-0.993251773010284,0.210036281486956,6.66666666666667,4.27936247964055,0.320952185973041,0.641904371946082,-1.3824178758061,-1.21032420637608,"FN: 146","(-Inf,-0.8]"
"PON1","PON1",0.34995405102115,178.517466822871,0.78,"<=",4.747315,"maximize_metric",0.25,0.533333333333333,0.35,0.9,0.565,"COVID19","HC",0.666666666666667,"class","x",NA,13,7,9,1,0.0999184346690748,-0.944461608840852,"Neither: 116",0.35,0.9,-1.66747654343281,0.17343467446287,9.15555555555556,5.97335795871348,0.326214937065663,0.652429874131327,-1.34178447725891,0.0999184346690748,"FN: 146","(-0.8,0.8]"
"HEL-S-99n;CALR","HEL-S-99n;CALR",0.959239985851204,102.026782986664,0.45,"<=",-4.608335,"maximize_metric",0.45,0.633333333333333,0.45,1,0.615,"COVID19","HC",0.666666666666667,"class","x",NA,11,9,10,0,-1.44429610656271,-0.798507696217772,"Specificity: 49",0.45,0.9999,-4.14449815963882,0.00040810156814433,4501.550155016,1104.21730975639,0.122648562354235,0.24529712470847,-2.91350875014922,-1.44429610656271,"FN: 146","(-Inf,-0.8]"
"CDH5","CDH5",0.344290209953852,26.9151751039403,1.14,"<=",-3.30766,"maximize_metric",0.35,0.633333333333333,0.55,0.8,0.6,"COVID19","HC",0.666666666666667,"class","x",NA,9,11,8,2,1.78451611601284,-0.374693449441411,"Sensitivity: 42",0.55,0.8,-1.64285576604465,0.311324219279872,6.775,4.91055083691262,0.362402275786909,0.724804551573819,-1.06238411597571,1.78451611601284,"FN: 146","(0.8, Inf]"
"IGFALS","IGFALS",2.32000359202362,144.750462306346,0.59,"<=",2.5235,"maximize_metric",0.65,0.766666666666667,0.65,1,0.79,"COVID19","HC",0.666666666666667,"class","x",NA,7,13,10,0,-0.789174786040137,-0.430782916092454,"Neither: 116",0.65,0.9999,-5.43395981241554,0.000366488888272126,5901.41014101475,1611.28197247364,0.136516691262928,0.273033382525856,-2.80643372434369,-0.789174786040137,"FN: 146","(-0.8,0.8]"
"CFHR2","CFHR2",1.08279412938895,39.7056821764121,0.87,">=",1.799885,"maximize_metric",0.6,0.766666666666667,0.7,0.9,0.7,"COVID19","HC",0.666666666666667,"class","x",NA,6,14,9,1,0.521067855005017,-0.251314428280906,"Neither: 116",0.7,0.9,-1.88419164821148,0.205347324567958,9.95555555555556,5.65872920249306,0.284199569321638,0.568399138643276,-1.66618271548126,0.521067855005017,"FN: 146","(-0.8,0.8]"
"TAGLN2","TAGLN2",0.316436297912793,42.8249207892879,1.13,"<=",0.569614,"maximize_metric",0.4,0.766666666666667,0.9,0.5,0.68,"COVID19","HC",0.666666666666667,"class","x",NA,2,18,5,5,1.73772173597552,0.587786664902119,"Sensitivity: 42",0.9,0.5,-0.180218266945586,0.687027980217955,4,4.42456682960151,0.553070853700189,1.10614170740038,0.409757009534806,1.73772173597552,"Neither: 57","(0.8, Inf]"
"BTD","BTD",0.933372048134613,65.1342387774211,0.49,"<=",-0.308943,"maximize_metric",0.35,0.566666666666667,0.35,1,0.615,"COVID19","HC",0.666666666666667,"class","x",NA,13,7,10,0,-1.25711858641341,-1.04982212449868,"Specificity: 49",0.35,0.9999,-4.51291577471788,0.000317653733786054,4901.51015101564,1544.07065739596,0.157509686792754,0.315019373585508,-2.64434801307787,-1.25711858641341,"FN: 146","(-Inf,-0.8]"
"AFM","AFM",3.50403687712406,115.599328712031,0.61,"<=",4.00469,"maximize_metric",0.55,0.733333333333333,0.65,0.9,0.815,"COVID19","HC",0.666666666666667,"class","x",NA,7,13,9,1,-0.695586025965483,-0.325422400434628,"Neither: 116",0.65,0.9,-1.25812578996199,0.231891064175155,7.64444444444445,4.44018466776913,0.290419055304667,0.580838110609333,-1.6181624218631,-0.695586025965483,"FN: 146","(-0.8,0.8]"
"MASP1","MASP1",1.05890410749596,43.3115010838192,0.75,">=",-0.042152415,"maximize_metric",0.2,0.633333333333333,0.7,0.5,0.565,"COVID19","HC",0.666666666666667,"class","x",NA,6,14,5,5,-0.040464705442906,0.336472236621213,"Neither: 116",0.7,0.5,0.346573590279973,0.648031905220923,4,4.70880869079644,0.588601086349555,1.17720217269911,0.684083892624467,-0.040464705442906,"Neither: 57","(-0.8,0.8]"
"LUM","LUM",3.17914386979233,149.862247169168,0.78,"<=",2.398005,"maximize_metric",0.4,0.666666666666667,0.6,0.8,0.75,"COVID19","HC",0.666666666666667,"class","x",NA,8,12,8,2,0.0999184346690748,-0.287682072451781,"Neither: 116",0.6,0.8,-0.983126439095263,0.344374064194897,5.425,4.12579610400054,0.380257705437838,0.760515410875676,-0.92452337043248,0.0999184346690748,"FN: 146","(-0.8,0.8]"
"DEFA3;DEFA1","DEFA3;DEFA1",4.56177283917229,162.54483244363,0.88,">=",0.023795115,"maximize_metric",0.7,0.866666666666667,0.9,0.8,0.87,"COVID19","HC",0.666666666666667,"class","x",NA,2,18,8,2,0.567862235042344,0.117783035656383,"Neither: 116",0.9,0.8,-1.16638458547009,0.383973713913551,5.8,4.10992778530759,0.354304119423068,0.708608238846137,-1.12490951556959,0.567862235042344,"FN: 146","(-0.8,0.8]"
"GPLD1","GPLD1",1.10605599366851,75.1969743155353,0.69,"<=",0.8418785,"maximize_metric",0.3,0.6,0.5,0.8,0.665,"COVID19","HC",0.666666666666667,"class","x",NA,10,10,8,2,-0.321230985666868,-0.470003629245736,"Neither: 116",0.5,0.8,-0.818194107357915,0.335488619856109,5.0875,4.02807496741332,0.395879603676985,0.791759207353969,-0.803907592478506,-0.321230985666868,"FN: 146","(-0.8,0.8]"
"CFHR3;CFHR4","CFHR3;CFHR4",-1.04020996298418,116.220757479576,1.16,"<=",-1.441355,"maximize_metric",0.4,0.666666666666667,0.6,0.8,0.55,"COVID19","HC",0.666666666666667,"class","x",NA,8,12,8,2,1.8781048760875,-0.287682072451781,"Sensitivity: 42",0.6,0.8,-1.67950739531962,0.316912177920188,6.85,4.89003016216073,0.356936508186915,0.713873016373829,-1.10458499330168,1.8781048760875,"FN: 146","(0.8, Inf]"
"CFHR1","CFHR1",1.53634382514582,224.12431966114,0.77,">=",3.6717675,"maximize_metric",0.55,0.733333333333333,0.65,0.9,0.72,"COVID19","HC",0.666666666666667,"class","x",NA,7,13,9,1,0.0531240546317479,-0.325422400434628,"Neither: 116",0.65,0.9,-1.64339708734629,0.210324938616467,9.06666666666667,5.21860459071875,0.287790694341107,0.575581388682215,-1.63845584571662,0.0531240546317479,"FN: 146","(-0.8,0.8]"
"HGFAC","HGFAC",0.914764627287344,19.9246511295962,0.87,"<=",0.7404075,"maximize_metric",0.4,0.7,0.7,0.7,0.665,"COVID19","HC",0.666666666666667,"class","x",NA,6,14,7,3,0.521067855005017,0,"Neither: 116",0.7,0.7,-0.644413653112796,0.468755627830645,4.51428571428571,3.98305907396066,0.441161606293112,0.882323212586223,-0.454287854259268,0.521067855005017,"Neither: 57","(-0.8,0.8]"
"ITIH3","ITIH3",1.89404136214613,40.9855345258091,0.62,">=",2.9564325,"maximize_metric",0.5,0.733333333333333,0.7,0.8,0.78,"COVID19","HC",0.666666666666667,"class","x",NA,6,14,8,2,-0.648791645928156,-0.133531392624523,"Neither: 116",0.7,0.8,-0.689913404895533,0.375758625650531,4.825,3.86067871952406,0.400070333629436,0.800140667258872,-0.771551207507102,-0.648791645928156,"Neither: 57","(-0.8,0.8]"
"SPP2","SPP2",0.848342413741593,21.583605291293,0.89,"<=",-1.809375,"maximize_metric",0.5,0.7,0.6,0.9,0.675,"COVID19","HC",0.666666666666667,"class","x",NA,8,12,9,1,0.614656615079671,-0.405465108108164,"Neither: 116",0.6,0.9,-1.93235056038451,0.191956117751785,10.1333333333333,6.01016412063833,0.296554150689391,0.593108301378783,-1.57079370320149,0.614656615079671,"FN: 146","(-0.8,0.8]"
"APOF","APOF",0.356422179964024,235.377173127172,0.81,">=",1.89909,"maximize_metric",0.4,0.6,0.4,1,0.57,"COVID19","HC",0.666666666666667,"class","x",NA,12,8,10,0,0.240301574781056,-0.916290731874155,"Neither: 116",0.4,0.9999,-7.4602566953504,0.000209715052291121,8101.19011901279,3863.57395145445,0.238457183123439,0.476914366246878,-2.01935704886293,0.240301574781056,"FN: 146","(-0.8,0.8]"
"HABP2","HABP2",1.2736018545677,148.377032310274,0.73,">=",2.875215,"maximize_metric",0.4,0.666666666666667,0.6,0.8,0.695,"COVID19","HC",0.666666666666667,"class","x",NA,8,12,8,2,-0.13405346551756,-0.287682072451781,"Neither: 116",0.6,0.8,-0.891497365907847,0.348625582237474,5.2375,4.04366046862757,0.386029639009792,0.772059278019584,-0.879958603243346,-0.13405346551756,"FN: 146","(-0.8,0.8]"
"PON3","PON3",3.14759479515788,94.7628906150458,0.89,"<=",-2.70328,"maximize_metric",0.6,0.766666666666667,0.7,0.9,0.795,"COVID19","HC",0.666666666666667,"class","x",NA,6,14,9,1,0.614656615079671,-0.251314428280906,"Neither: 116",0.7,0.9,-1.93235056038451,0.203278015358382,10.1333333333333,5.77144900457715,0.284775444304794,0.569550888609587,-1.66173641785249,0.614656615079671,"FN: 146","(-0.8,0.8]"
"VASN","VASN",0.328609278956906,92.8591874229426,1.03,"<=",-0.963119,"maximize_metric",0.4,0.666666666666667,0.6,0.8,0.6,"COVID19","HC",0.666666666666667,"class","x",NA,8,12,8,2,1.26977793560225,-0.287682072451781,"Sensitivity: 42",0.6,0.8,-1.44127180503234,0.325389062698332,6.3625,4.60330717607202,0.36175301973061,0.723506039461221,-1.06739698465037,1.26977793560225,"FN: 146","(0.8, Inf]"
"PI16","PI16",2.73951380957988,33.0032640889736,1.05,"<=",-3.31668,"maximize_metric",0.7,0.833333333333333,0.8,0.9,0.85,"COVID19","HC",0.666666666666667,"class","x",NA,4,16,9,1,1.3633666956769,-0.117783035656383,"Sensitivity: 42",0.8,0.9,-2.31762185776881,0.199013128155146,11.5555555555556,6.46207076322657,0.27960883110115,0.559217662202299,-1.70162754128736,1.3633666956769,"FN: 146","(0.8, Inf]"
"FERMT3","FERMT3",1.89195735274634,46.1380120598238,0.58,"<=",-2.2498375,"maximize_metric",0.45,0.666666666666667,0.55,0.9,0.765,"COVID19","HC",0.666666666666667,"class","x",NA,9,11,9,1,-0.835969166077464,-0.492476485097794,"Specificity: 49",0.55,0.9,-1.18588742170243,0.221383791543408,7.37777777777778,4.44363297984828,0.301149825441525,0.60229965088305,-1.53531076271843,-0.835969166077464,"FN: 146","(-Inf,-0.8]"
"CFHR4","CFHR4",0.471770377204442,80.9071650951946,0.89,"<=",-2.6161375,"maximize_metric",0.3,0.6,0.5,0.8,0.6,"COVID19","HC",0.666666666666667,"class","x",NA,10,10,8,2,0.614656615079671,-0.470003629245736,"Neither: 116",0.5,0.8,-1.18471040010758,0.320294777602411,5.8375,4.41175119332903,0.377880187865442,0.755760375730883,-0.942880046887793,0.614656615079671,"FN: 146","(-0.8,0.8]"
"CPB2","CPB2",0.614188878377712,184.267708928869,0.91,">=",1.9353575,"maximize_metric",0.3,0.6,0.5,0.8,0.635,"COVID19","HC",0.666666666666667,"class","x",NA,10,10,8,2,0.708245375154325,-0.470003629245736,"Neither: 116",0.5,0.8,-1.22136202938254,0.318910415360973,5.9125,4.45384275854317,0.376646322075533,0.753292644151065,-0.952406653697182,0.708245375154325,"FN: 146","(-0.8,0.8]"
"PGLYRP2","PGLYRP2",2.86319063633631,57.7297871380503,0.86,"<=",3.732645,"maximize_metric",0.75,0.866666666666667,0.85,0.9,0.82,"COVID19","HC",0.666666666666667,"class","x",NA,3,17,9,1,0.47427347496769,-0.0571584138399486,"Neither: 116",0.85,0.9,-1.86011219212496,0.224773462031301,9.86666666666667,5.29661234281648,0.268409409264349,0.536818818528697,-1.78809763325707,0.47427347496769,"FN: 146","(-0.8,0.8]"
"COLEC11","COLEC11",1.37363739766453,56.5517416384092,0.55,">=",-2.6962,"maximize_metric",0.45,0.733333333333333,0.75,0.7,0.695,"COVID19","HC",0.666666666666667,"class","x",NA,5,15,7,3,-0.976352306189444,0.0689928714869514,"Specificity: 49",0.75,0.7,-0.145006373668103,0.491088828250882,3.90476190476191,3.96918053604522,0.508248727176523,1.01649745435305,0.0636879481798946,-0.976352306189444,"Neither: 57","(-Inf,-0.8]"
"APMAP","APMAP",1.96519564655677,198.397061500505,0.68,">=",-1.13530975,"maximize_metric",0.5,0.7,0.6,0.9,0.75,"COVID19","HC",0.666666666666667,"class","x",NA,8,12,9,1,-0.368025365704194,-0.405465108108164,"Neither: 116",0.6,0.9,-1.42668198256762,0.214798432521454,8.26666666666667,4.84685567039151,0.293156592967228,0.586313185934456,-1.59702605099488,-0.368025365704194,"FN: 146","(-0.8,0.8]"
"C1RL","C1RL",1.00876725643666,161.883107844664,0.67,">=",1.1592025,"maximize_metric",0.45,0.633333333333333,0.45,1,0.635,"COVID19","HC",0.666666666666667,"class","x",NA,11,9,10,0,-0.414819745741521,-0.798507696217772,"Neither: 116",0.45,0.9999,-6.17079504257367,0.000257271401990876,6701.33013301404,2605.58404016424,0.194407974868143,0.388815949736285,-2.35945845271508,-0.414819745741521,"FN: 146","(-0.8,0.8]"
"FETUB;GUGU","FETUB;GUGU",1.77851815017763,36.3855194403413,0.77,"<=",0.548475,"maximize_metric",0.3,0.6,0.5,0.8,0.695,"COVID19","HC",0.666666666666667,"class","x",NA,10,10,8,2,0.0531240546317479,-0.470003629245736,"Neither: 116",0.5,0.8,-0.964800624457779,0.329108671935746,5.3875,4.17303459516786,0.387288593519059,0.774577187038118,-0.870238287874541,0.0531240546317479,"FN: 146","(-0.8,0.8]"
"TLN1","TLN1",0.855664050457744,21.9543026112492,0.9,"<=",-2.25034,"maximize_metric",0.5,0.7,0.6,0.9,0.68,"COVID19","HC",0.666666666666667,"class","x",NA,8,12,9,1,0.661450995116998,-0.405465108108164,"Neither: 116",0.6,0.9,-1.95643001647103,0.191057922361559,10.2222222222222,6.07041404732934,0.296922426228066,0.593844852456131,-1.56795026894538,0.661450995116998,"FN: 146","(-0.8,0.8]"
"VWF","VWF",4.63691317295461,103.026880144186,0.57,">=",-3.301573,"maximize_metric",0.85,0.9,0.85,1,0.905,"COVID19","HC",0.666666666666667,"class","x",NA,3,17,10,0,-0.882763546114791,-0.162518929497775,"Specificity: 49",0.85,0.9999,-5.24975100487601,0.000484517042819393,5701.43014301493,1177.8598992417,0.103295126809959,0.206590253619919,-3.06293551305088,-0.882763546114791,"FN: 146","(-Inf,-0.8]"
"FBLN1","FBLN1",0.0075339488625766,49.5598091192118,1.04,">=",0.869067,"maximize_metric",0.4,0.633333333333333,0.5,0.9,0.54,"COVID19","HC",0.666666666666667,"class","x",NA,10,10,9,1,1.31657231563957,-0.587786664902119,"Sensitivity: 42",0.5,0.9,-2.29354240168229,0.170516099571755,11.4666666666667,7.25647698216148,0.316416147477972,0.632832294955943,-1.4174403681778,1.31657231563957,"FN: 146","(0.8, Inf]"
