"mean_covid","mean_healthy","sd_covid","sd_healthy","number_covid","number_healthy","uniprot","gene_name","gene_id","prot_id","entrez_id"
21.3833491830452,21.4619679136292,1.46854990193605,1.32932942132663,5,6,"A0A075B6I0","IGLV8-61","ENSG00000211638","ENSP00000374818",NA
19.4055052174519,18.7146989943001,1.21363620325181,0.59283708804713,6,6,"A0A075B6I9","IGLV7-46","ENSG00000211649","ENSP00000374830",NA
17.9682735779992,17.8708699500405,1.16778416360791,0.803033822791896,6,6,"A0A075B6J9","IGLV2-18","ENSG00000211664","ENSP00000374845",NA
18.6554363508592,18.2937998360866,0.121741413131179,1.25828669113682,4,5,"A0A075B6K2","IGLV3-12","ENSG00000211667","ENSP00000374848",NA
18.1284670865072,17.3983698581675,1.12171186516134,1.96326980359875,6,6,"A0A075B6K4","IGLV3-10","ENSG00000211669","ENSP00000374850",NA
20.0462373474831,19.4184546012094,0.916088478689478,0.612395935098093,6,6,"A0A075B6K5","IGLV3-9","ENSG00000211670","ENSP00000374851",NA
19.648151225187,19.2100368833307,0.657549829692073,0.948428644610349,6,6,"A0A075B6P5","IGKV2-28","ENSG00000282025","ENSP00000487690",NA
14.8272680761045,14.6190349971156,1.57865721739043,0.478222755079176,4,2,"A0A075B6S2","IGKV2D-29","ENSG00000243264","ENSP00000417637",NA
17.0769964931999,17.9397884178589,1.48954420474386,0.941665077940709,4,4,"A0A075B6S5","IGKV1-27","ENSG00000282666","ENSP00000488456",NA
20.6565711022702,19.3586781961638,0.689510544874066,0.690055800641877,6,6,"A0A087WSX0","IGLV5-45","ENSG00000281145","ENSP00000487513",NA
16.3972463611289,16.5076582981918,0.874850509826352,1.01350676665891,6,5,"A0A087WSY4","IGHV4-30-2",NA,NA,NA
17.64878640999,15.5905269429098,1.00427466414921,NA,2,1,"A0A0A0MS14","IGHV1-45","ENSG00000282776","ENSP00000488436",NA
16.6996615136946,15.8270846338018,0.659618958933403,0.371903699352855,3,3,"A0A0A0MS15","IGHV3-49","ENSG00000275316","ENSP00000488069",NA
19.92940637092,18.9500950627879,0.712240894947535,1.01180337829018,6,6,"A0A0A0MT36","IGKV6D-21","ENSG00000225523","ENSP00000413304",NA
15.8111267991042,15.9169804009717,1.34725775871816,NA,2,1,"A0A0B4J1V0","IGHV3-15","ENSG00000282290","ENSP00000488894",NA
17.3093657890754,16.975289129367,0.795808469147693,0.755530873434717,6,6,"A0A0B4J1V1","IGHV3-21","ENSG00000282281","ENSP00000487805",NA
17.6391962318488,17.5420732034158,1.52047454275001,1.15575642426641,6,6,"A0A0B4J1V2","IGHV2-26","ENSG00000282344","ENSP00000487857",NA
17.3066570225566,NA,0.40900166666637,NA,3,0,"A0A0B4J1V6","IGHV3-73","ENSG00000273539","ENSP00000488432",NA
15.7282272725898,14.969061394985,1.0084131384675,1.10788578010146,4,3,"A0A0B4J1X5","IGHV3-74","ENSG00000282305","ENSP00000488600",NA
21.2246286455411,20.2324618377127,1.14977931281572,1.45623214709063,6,5,"A0A0B4J1Y8","IGLV9-49","ENSG00000223350","ENSP00000414456",NA
15.8005900028139,16.0310814411396,1.17254184900759,0.733690213821083,4,4,"A0A0B4J1Y9","IGHV3-72","ENSG00000278042","ENSP00000488019",NA
17.5102914237053,17.1008608917822,1.51360989335016,0.919266186690054,5,5,"A0A0C4DH24","IGKV6-21","ENSG00000282210","ENSP00000488349",NA
15.4656473565567,15.2542806402637,0.314917776602518,0.877319517166756,6,6,"A0A0C4DH25","IGKV3D-20","ENSG00000211625","ENSP00000374805",NA
16.722593588815,16.2216266658974,1.25325528835704,1.26191521909401,5,3,"A0A0C4DH31","IGHV1-18","ENSG00000282716","ENSP00000488395",NA
17.2579273321174,16.643106159074,1.36907900000852,1.70077592213698,6,6,"A0A0C4DH34","IGHV4-28","ENSG00000282726","ENSP00000488402",NA
18.7262077536874,18.1528362196131,1.86105614216748,0.836032967725351,5,5,"A0A0C4DH38","IGHV5-51","ENSG00000277574","ENSP00000483207",NA
16.0272057235801,16.5490817576648,1.17307785300579,0.369733595029726,4,2,"A0A0C4DH67","IGKV1-8","ENSG00000283113","ENSP00000488413",NA
21.0145981907515,21.1069576171049,0.891762939808111,0.785167183092164,6,6,"A0A0C4DH68","IGKV2-24","ENSG00000282671","ENSP00000488087",NA
18.5026161995954,17.1627532887015,1.9351917803651,2.10578768891412,4,6,"A0A0C4DH72","IGKV1-6","ENSG00000282163","ENSP00000488804",NA
17.9643795376412,17.6490465664694,1.02235975973603,1.10626100459405,6,6,"A0A0J9YX35","IGHV3-64D","ENSG00000282639","ENSP00000488230",NA
15.0380722917229,14.0465182502533,1.18713373182824,0.930965511995847,4,6,"A1L4H1","SSC5D","ENSG00000179954","ENSP00000470226",284297
15.6766090160878,15.5507216165348,1.89994307542035,0.9411767905334,2,3,"A2NJV5","IGKV2-29",NA,NA,NA
19.5811436379875,21.30903688471,0.782156131927158,NA,3,1,"A6NH11","GLTPD2","ENSG00000182327","ENSP00000328070",388323
23.6014709009312,23.160465438323,0.76861298708813,0.564337988476766,6,6,"A8K2U0","A2ML1","ENSG00000166535","ENSP00000299698",144568
15.7708552617662,18.6580326179059,0.223715002986893,0.0494174693145548,2,2,"O00151","PDLIM1","ENSG00000107438","ENSP00000360305",9124
19.0600400333989,16.6867872195579,NA,1.99425243783997,1,2,"O00194","RAB27B","ENSG00000041353","ENSP00000468542",5874
16.9127563686528,17.1965801508815,0.683229385795515,0.383497675639276,3,5,"O00299","CLIC1","ENSG00000226651","ENSP00000406335",1192
15.3122319884403,15.0890325494595,0.830632932061938,0.871701386258471,6,6,"O00391","QSOX1","ENSG00000116260","ENSP00000356574",5768
16.2237005563424,17.5419023589758,1.26942878799481,NA,2,1,"O00461","GOLIM4","ENSG00000173905","ENSP00000417354",27333
15.194300714539,15.5184293328622,1.08380878362104,0.88068898387325,6,6,"O00533","CHL1","ENSG00000134121","ENSP00000256509",10752
16.5834670651264,17.5327741625589,0.885015675729042,0.710206222382106,2,3,"O14773","TPP1","ENSG00000166340","ENSP00000299427",1200
18.952267915173,18.9026041450518,0.645309988096033,0.305058315046273,6,6,"O14791","APOL1","ENSG00000100342","ENSP00000411507",8542
15.9996656196511,16.9026417887219,1.23436196944782,1.03737281359984,5,6,"O15204","ADAMDEC1","ENSG00000134028","ENSP00000256412",27299
14.2753646271718,14.1430351813804,0.575021409697592,0.863945732087023,4,5,"O15394","NCAM2","ENSG00000154654","ENSP00000383392",4685
19.7674970200495,18.6168091082812,0.198058060379924,0.603227959444387,2,2,"O43548","TGM5","ENSG00000104055","ENSP00000220420",9333
18.8181573873269,19.2546821052693,0.553422808157135,1.21049844309358,6,6,"O43866","CD5L","ENSG00000073754","ENSP00000357156",922
17.4904786855302,18.9502748796744,0.561329135057247,NA,3,1,"O60462","NRP2","ENSG00000118257","ENSP00000353582",8828
18.6651762036592,16.4805728105975,2.22075404135878,0.250483814751556,3,2,"O60568","PLOD3","ENSG00000106397","ENSP00000407555",8985
16.2805322013752,15.6602136991246,0.308971357687861,NA,2,1,"O60664","PLIN3","ENSG00000105355","ENSP00000221957",10226
14.404365234594,14.7981322483619,0.081128871935563,0.837520850513519,3,3,"O75015","FCGR3B","ENSG00000162747","ENSP00000497461",2215
16.3321099009354,16.1332073673875,0.814155136691685,0.18255949944227,2,2,"O75023","LILRB5","ENSG00000273991","ENSP00000480909",10990
16.9212640055426,15.9926837677757,0.854284410528351,NA,2,1,"O75083","WDR1","ENSG00000071127","ENSP00000427687",9948
16.3020047678135,18.16080015113,0.904558625744936,0.667676718127286,6,4,"O75368","SH3BGRL","ENSG00000131171","ENSP00000362308",6451
14.6688745138961,18.9439019270027,NA,0.279887460739239,1,2,"O75563","SKAP2","ENSG00000005020","ENSP00000005587",8935
18.9781599221507,18.3292671998051,0.664632350800486,1.08112506816148,6,6,"O75636","FCN3","ENSG00000142748","ENSP00000270879",8547
17.4792882537625,17.6214584682657,0.622037138348143,0.390809085168642,6,6,"O75882","ATRN","ENSG00000088812","ENSP00000262919",8455
15.4260357733168,14.8901320315199,0.193585910209685,1.30937196484389,3,3,"O76076","WISP2",NA,NA,NA
18.0173719462442,17.4345407051241,NA,0.934293756710926,1,2,"O95071","UBR5","ENSG00000104517","ENSP00000429084",51366
17.2445374980101,18.6203009280462,1.21616380744916,NA,2,1,"O95394","PGM3","ENSG00000013375","ENSP00000421154",5238
17.1037305481245,16.3751117836792,NA,1.01393972082493,1,2,"O95428","PAPLN","ENSG00000100767","ENSP00000495882",89932
17.3961748476864,17.8176468798404,0.50052165192305,0.702611610403341,6,6,"O95445","APOM","ENSG00000235754","ENSP00000397018",55937
16.3829955607564,16.0719361528248,0.980815305849093,0.873281033097482,2,3,"O95479","H6PD","ENSG00000049239","ENSP00000366620",9563
19.782319816416,19.4364801225097,1.19452502240803,0.901558584149735,6,6,"O95497","VNN1","ENSG00000112299","ENSP00000356905",8876
15.2954486768651,15.4545143094267,0.869559897739699,0.865934066786277,4,3,"P00338","LDHA","ENSG00000288299","ENSP00000500621",3939
18.182599256436,18.0583317268597,0.618735446925059,0.345383830222458,6,6,"P00450","CP","ENSG00000047457","ENSP00000418773",1356
15.8793583475492,15.6851726219573,0.920171536741342,1.21344372677962,2,3,"P00451","F8","ENSG00000185010","ENSP00000327895",2157
16.0998634027802,15.0683185031902,1.08825528155802,0.820505560846412,2,4,"P00488","F13A1","ENSG00000124491","ENSP00000264870",2162
15.6762029514441,15.3189291071989,0.356436603007294,0.992733135349475,4,3,"P00533","EGFR","ENSG00000146648","ENSP00000345973",1956
17.3893308786448,14.9288673210556,1.69525173526253,NA,4,1,"P00558","PGK1","ENSG00000102144","ENSP00000496140",5230
17.5484495296978,17.6561941886669,0.42886886142636,0.342513957129994,6,6,"P00734","F2","ENSG00000180210","ENSP00000308541",2147
17.7613955905196,17.6615591873721,0.148867757489269,0.496788395375146,6,6,"P00736","C1R","ENSG00000288512","ENSP00000500036",715
19.5122151098434,19.4514917854082,0.891868154319743,0.541978767929473,6,6,"P00738","HP","ENSG00000257017","ENSP00000348170",3240
16.419002550614,16.3341413602828,1.71781963038886,0.395617115898321,6,6,"P00739","HPR","ENSG00000261701","ENSP00000497360",3250
16.7616533848441,17.3504716337505,0.431277291901824,0.635415002991956,6,6,"P00740","F9","ENSG00000101981","ENSP00000218099",2158
17.9729438705099,18.2827820780868,0.72099351435025,1.14632057363933,6,6,"P00742","F10","ENSG00000126218","ENSP00000387092",2159
15.4668975643973,14.2449864695076,0.589624943444393,0.613269831724535,4,5,"P00746","CFD","ENSG00000274619","ENSP00000478745",1675
16.9406556036382,17.0018609366648,0.329889710195576,0.40185193853091,6,6,"P00747","PLG","ENSG00000122194","ENSP00000355891",5340
16.0667486928703,15.9179137089154,0.467177233075182,0.979452430764705,5,6,"P00748","F12","ENSG00000131187","ENSP00000253496",2161
19.2317343216498,18.8885596823157,0.309644650296331,0.437772171815479,6,6,"P00751","CFB","ENSG00000242335","ENSP00000391902",629
20.2104577882881,19.8502936227534,1.40100500670057,0.515451069904344,6,6,"P00915","CA1","ENSG00000133742","ENSP00000430656",759
19.0438113687941,18.8435283948137,0.526556428487918,0.402311853626868,6,6,"P01008","SERPINC1","ENSG00000117601","ENSP00000356671",462
19.6352731129559,18.9901986800663,0.367850377466578,0.338701635122634,6,6,"P01009","SERPINA1","ENSG00000277377","ENSP00000486067",5265
18.1256210981487,17.995384436162,0.923406633397495,1.27407525487733,6,6,"P01011","SERPINA3","ENSG00000196136","ENSP00000376795",12
20.6466170209643,20.6110865228336,0.604730214442695,0.411388152071006,6,6,"P01019","AGT","ENSG00000135744","ENSP00000506329",183
18.5879446120347,18.6826475749392,0.320984443307878,0.227856154827274,6,6,"P01023","A2M","ENSG00000175899","ENSP00000323929",2
17.9007817150429,17.680790103996,0.337345226314542,0.165316907792754,6,6,"P01024","C3","ENSG00000125730","ENSP00000245907",718
16.5414375514475,15.6068905598859,0.820985345732212,1.21905519583112,6,6,"P01031","C5","ENSG00000106804","ENSP00000223642",727
14.8217698765206,14.9669219619929,0.248827842871632,0.535806754637231,5,5,"P01033","TIMP1","ENSG00000102265","ENSP00000406671",7076
17.4358092814422,17.9778118273408,1.29708255234457,1.55533024814327,5,5,"P01034","CST3","ENSG00000101439","ENSP00000381448",1471
17.344517344556,18.2513676414648,1.15088978653261,0.724280538307177,3,4,"P01040","CSTA","ENSG00000121552","ENSP00000264474",1475
18.3664492945081,18.2983794316345,0.22990311274597,0.50416559166299,6,6,"P01042","KNG1","ENSG00000113889","ENSP00000396025",3827
17.8071100492749,17.2645465542841,0.396418845112092,1.37926605095591,2,4,"P01127","PDGFB","ENSG00000100311","ENSP00000330382",5155
17.1181019151641,16.6458392617693,1.92491255914575,0.238849951276866,4,2,"P01130","LDLR","ENSG00000130164","ENSP00000453557",3949
15.5640085718503,15.9754907100514,1.29866736350597,0.57092810805277,4,3,"P01137","TGFB1","ENSG00000105329","ENSP00000221930",7040
20.6859713666778,20.5166973171785,0.64463247183916,0.544395397450009,6,6,"P01591","JCHAIN","ENSG00000132465","ENSP00000254801",3512
17.1952718828025,17.6872163780469,1.7230044706805,1.78108345706976,5,6,"P01594","IGKV1-33","ENSG00000282811","ENSP00000488818",NA
15.9305728830236,15.8729938619542,1.52297806607664,1.28772416594759,6,6,"P01601","IGKV1D-16","ENSG00000241244","ENSP00000418200",NA
22.8502049311686,21.8194731324623,1.11488093648411,1.44408057513123,6,6,"P01619","IGKV3-20","ENSG00000282402","ENSP00000487628",NA
18.9599285208311,19.1646642028869,0.631985650621386,0.516837920665799,6,6,"P01624","IGKV3-15","ENSG00000282447","ENSP00000488086",NA
20.7307403478261,19.8161853299067,0.880435409492737,0.427151932061201,6,6,"P01700","IGLV1-47","ENSG00000211648","ENSP00000374829",NA
19.0297523141246,18.2682078425673,0.837294050682256,0.625260219624476,6,6,"P01703","IGLV1-40","ENSG00000274575","ENSP00000479659",NA
19.1865124425176,18.7197176842461,1.51479951906049,0.985700417913003,6,6,"P01704","IGLV2-14","ENSG00000211666","ENSP00000374847",NA
19.3255770492056,17.8477872668755,1.31889347005499,0.741349653651296,6,6,"P01714","IGLV3-19","ENSG00000211663","ENSP00000374844",NA
18.7452392238795,16.9605250365984,1.28632004704798,0.835251210333866,6,6,"P01715","IGLV3-1","ENSG00000211673","ENSP00000374854",NA
22.051977609683,21.0098601466545,1.51964523662456,0.707919021468632,6,6,"P01717","IGLV3-25","ENSG00000211659","ENSP00000374840",NA
24.466542234531,22.9688788599301,0.989030961638241,1.31810480748225,6,6,"P01718","IGLV3-27","ENSG00000211658","ENSP00000374839",NA
19.6820546229657,19.4379209585471,1.15747266036842,0.941050909870331,6,6,"P01721","IGLV6-57","ENSG00000211640","ENSP00000374820",NA
17.3460888347639,15.9581745448255,0.784566236867191,1.36526690825842,5,4,"P01742","IGHV1-69","ENSG00000282350","ENSP00000488090",NA
20.0454445324158,18.9395525024394,0.810997208011962,1.47574525340676,6,6,"P01766","IGHV3-13","ENSG00000282286","ENSP00000488851",NA
19.7332151155569,20.0456067258915,1.06748422488694,1.00729499960802,6,6,"P01767","IGHV3-53","ENSG00000282593","ENSP00000488526",NA
19.4680339953562,19.302259098262,2.21159948005957,0.757011578883348,6,6,"P01780","IGHV3-7","ENSG00000282211","ENSP00000487659",NA
17.9613467233343,16.8275187086038,0.926775027615769,1.54547597437285,6,6,"P01824","IGHV4-39","ENSG00000282579","ENSP00000488798",NA
14.8496313893539,16.1494725711112,0.489257514601644,0.108846739938585,4,3,"P01833","PIGR","ENSG00000162896","ENSP00000348888",5284
17.9559816550941,18.0216514876824,1.39675179595376,1.15369967149022,5,6,"P01834","IGKC","ENSG00000211592","ENSP00000374777",NA
15.6018239674854,16.7872314231926,NA,0.824989661992295,1,2,"P01854","IGHE","ENSG00000276192","ENSP00000481089",NA
18.8326427064563,18.4553114670453,0.664351402702297,0.947591094090866,6,6,"P01859","IGHG2","ENSG00000274497","ENSP00000480351",NA
20.0176260281451,18.9608117476101,1.10427547796872,0.671349741748122,6,6,"P01860","IGHG3","ENSG00000282184","ENSP00000487823",NA
14.1599071464541,14.6675537606234,2.12546886342089,1.42920143551624,6,6,"P01861","IGHG4","ENSG00000277016","ENSP00000483393",NA
19.4601090181337,19.1208523579101,0.571345772574741,0.352089864226882,6,6,"P01871","IGHM","ENSG00000282657","ENSP00000485962",NA
17.5498292793365,17.8468496347298,0.773166750641146,0.456505521274272,6,6,"P01876","IGHA1","ENSG00000282633","ENSP00000488021",NA
15.5830719130057,15.0028532522122,1.28784807498393,1.41113559549002,6,6,"P01877","IGHA2","ENSG00000276173","ENSP00000478870",NA
17.7876846020428,17.1970894792313,0.901444890845122,0.979298613527741,6,6,"P02042","HBD","ENSG00000223609","ENSP00000292901",3045
16.4795885623544,17.4364766935606,1.30279654891461,0.551005625976701,4,4,"P02452","COL1A1","ENSG00000108821","ENSP00000225964",1277
17.9813364787581,18.0071061763372,0.538189976069931,0.743649597511373,6,6,"P02533","KRT14","ENSG00000186847","ENSP00000167586",3861
15.5678839739134,16.1658619586236,1.06922808157214,0.564059385172142,6,6,"P02538","KRT6A","ENSG00000205420","ENSP00000369317",3853
19.25510308894,18.6367025251476,0.599433304638201,0.396514042830999,6,6,"P02647","APOA1","ENSG00000118137","ENSP00000364469",335
20.2833105433381,20.0049272581893,0.897812071575403,0.28012079214567,6,6,"P02649","APOE","ENSG00000130203","ENSP00000413135",348
20.4208921680177,20.4257279589784,1.8799073122329,2.03814304392593,6,6,"P02652","APOA2","ENSG00000158874","ENSP00000356969",336
18.9050767886353,18.2576639424329,0.491260435534857,0.474686267714218,6,6,"P02654","APOC1","ENSG00000130208","ENSP00000465356",341
20.2658581003057,19.6402498840997,0.552867932818362,0.871940576778044,6,6,"P02655","APOC2","ENSG00000234906","ENSP00000477261",344
20.2487999831661,19.3789344925612,0.495247892829948,0.77455684838862,6,6,"P02656","APOC3","ENSG00000110245","ENSP00000410614",345
19.8319008997808,19.472699607042,0.861514358920604,1.45645706310807,6,6,"P02671","FGA","ENSG00000171560","ENSP00000498441",2243
15.417594863294,17.8078333818412,1.38689056678886,3.5866564011552,6,4,"P02675","FGB","ENSG00000171564","ENSP00000306099",2244
15.4586250094366,15.1203543875019,1.19091362910231,2.75327875172918,6,6,"P02679","FGG","ENSG00000171557","ENSP00000384860",2266
15.4881404471427,20.0865209395719,0.829817403891364,NA,2,1,"P02741","CRP","ENSG00000132693","ENSP00000255030",1401
19.7727963992885,19.7971174514096,0.350126084703093,0.574639632665016,6,6,"P02743","APCS","ENSG00000132703","ENSP00000255040",325
16.4787913609543,15.7462264574777,1.28388796302807,1.43208140443857,6,6,"P02745","C1QA","ENSG00000173372","ENSP00000363773",712
16.3826667551159,16.3732897062006,0.283114204014868,0.568693693204085,6,6,"P02746","C1QB","ENSG00000173369","ENSP00000426317",713
18.9538930564943,19.0769034064185,0.375935032173153,0.604458956645561,6,6,"P02747","C1QC","ENSG00000159189","ENSP00000363771",714
17.8061446174113,17.5824421973656,0.294707356886555,0.46726184582339,6,6,"P02748","C9","ENSG00000113600","ENSP00000263408",735
17.7467423536611,17.3656282953958,0.464403441111031,0.577452134657457,6,6,"P02749","APOH","ENSG00000091583","ENSP00000205948",350
22.0070312632713,20.8296507014447,2.01167804659793,0.686279618161317,6,6,"P02750","LRG1","ENSG00000171236","ENSP00000302621",116844
18.5938973792536,18.1206200231286,0.465822676885687,0.972146419590192,6,6,"P02751","FN1","ENSG00000115414","ENSP00000394423",2335
16.877259730633,17.3413320041231,0.453453922506658,0.971118277068437,6,5,"P02753","RBP4","ENSG00000138207","ENSP00000360522",5950
16.5890350418063,16.7672787463514,0.879682735390452,0.934148188145693,6,6,"P02760","AMBP","ENSG00000106927","ENSP00000265132",259
19.9117275827742,19.4536160045236,0.94859286575961,0.560756548140434,6,6,"P02763","ORM1","ENSG00000229314","ENSP00000259396",5004
19.5385359554792,19.2397103220537,0.950756588933449,0.850746549513746,6,6,"P02765","AHSG","ENSG00000145192","ENSP00000393887",197
18.7328471393996,17.2758569434293,1.1703728219984,1.15366413406158,6,6,"P02766","TTR","ENSG00000118271","ENSP00000477599",7276
19.5156044069298,19.4365957959298,0.564555453492174,0.265637769210647,6,6,"P02768","ALB","ENSG00000163631","ENSP00000392541",213
18.0961084811047,18.1653946099905,0.918133968972392,0.479377053279074,6,6,"P02774","GC","ENSG00000145321","ENSP00000273951",2638
18.7001025821215,18.805550318256,0.483952432783493,0.633344162409402,6,6,"P02775","PPBP","ENSG00000163736","ENSP00000296028",5473
16.0120310600098,16.6236463304683,0.326614185564316,0.617309620943385,2,3,"P02776","PF4","ENSG00000163737","ENSP00000296029",5196
17.1760197783606,16.6585025070239,0.68215535663835,0.75402306199596,6,5,"P02786","TFRC","ENSG00000072274","ENSP00000414015",7037
19.2531170561262,18.9318454801322,0.645109769987751,0.285642024756025,6,6,"P02787","TF","ENSG00000091513","ENSP00000417468",7018
14.3619236444374,13.5551512405455,1.32597190539125,1.34196603702038,6,5,"P02788","LTF","ENSG00000012223","ENSP00000231751",4057
20.3388232715797,20.1185960591697,0.268609439807526,0.290637951965295,6,6,"P02790","HPX","ENSG00000110169","ENSP00000265983",3263
17.4461130587882,17.6061400532414,1.83682743310294,0.395932894727451,4,2,"P02810","PRH1","ENSG00000277823","ENSP00000488708",5554
16.7333038896884,14.4320862662881,1.64819827720223,0.440319326927199,5,3,"P03950","ANG","ENSG00000214274","ENSP00000336762",283
16.0604029399422,15.9465285868163,1.08733044526087,0.750891303456976,6,6,"P03951","F11","ENSG00000088926","ENSP00000384957",2160
18.7005782524493,18.6858754261785,0.519033909448265,0.348086009046681,6,6,"P03952","KLKB1","ENSG00000164344","ENSP00000426629",3818
17.8689519858332,17.9320371783255,0.335660202036827,0.376237531919,6,6,"P04003","C4BPA","ENSG00000123838","ENSP00000356037",722
19.1719290233617,19.2000489187959,0.446977720868722,0.210130195213739,6,6,"P04004","VTN","ENSG00000109072","ENSP00000226218",7448
14.2990572150671,14.6346889987095,1.09895126012615,0.616474779782657,3,2,"P04040","CAT","ENSG00000121691","ENSP00000241052",847
15.021546657703,15.5167295068154,0.909329057555913,0.769632293147385,6,6,"P04070","PROC","ENSG00000115718","ENSP00000392606",5624
18.2797552664843,18.771411755552,0.616343482140272,0.806064153685985,6,6,"P04075","ALDOA","ENSG00000149925","ENSP00000456020",226
18.1056411193683,18.0148316359917,0.227598469273977,0.393527057492523,6,6,"P04114","APOB","ENSG00000084674","ENSP00000233242",338
15.0283107763193,16.0866493187812,0.238876302268206,0.822352493552843,4,5,"P04156","PRNP","ENSG00000171867","ENSP00000399376",5621
17.9733195022095,17.5917359275853,0.597838424003519,0.565196536958177,6,6,"P04180","LCAT","ENSG00000213398","ENSP00000264005",3931
19.742763797938,19.2953079451204,0.638130537494668,0.623211804628246,6,6,"P04196","HRG","ENSG00000113905","ENSP00000232003",3273
21.1701317967224,20.8975467623295,0.976050219845531,0.513875517376878,6,6,"P04217","A1BG","ENSG00000121410","ENSP00000263100",1
18.5234716694621,18.605314970333,0.257748209202119,0.346283421091912,6,6,"P04264","KRT1","ENSG00000167768","ENSP00000252244",3848
15.6601461175,14.9067503410287,0.983298640532422,2.06491180400338,6,6,"P04275","VWF","ENSG00000110799","ENSP00000261405",7450
19.4027828319417,18.4880873575116,0.639378326914621,1.74833239712686,6,6,"P04278","SHBG","ENSG00000129214","ENSP00000458875",6462
14.9002424374724,14.8073605350843,1.09298553095072,1.32168878868016,6,6,"P04406","GAPDH","ENSG00000111640","ENSP00000229239",2597
16.1451948710295,16.7003674067708,0.404057805928359,NA,2,1,"P04424","ASL","ENSG00000126522","ENSP00000307188",435
16.0544049558048,15.4941600338582,1.17848089315323,0.734608941804522,5,6,"P04430","IGKV1-16","ENSG00000282282","ENSP00000488377",NA
17.5729552667769,19.2131962351799,1.64807672224048,3.92879560360839,4,5,"P04433","IGKV3-11","ENSG00000282823","ENSP00000487987",NA
17.4543856925099,17.7042598927344,NA,0.762056075665452,1,2,"P05062","ALDOB","ENSG00000136872","ENSP00000497767",229
15.4474774630877,16.7533187414041,1.41624575877417,0.350250813700568,6,4,"P05067","APP","ENSG00000142192","ENSP00000284981",351
19.2833293050453,18.9913904311035,0.509481096187878,0.689815329314659,6,6,"P05090","APOD","ENSG00000189058","ENSP00000345179",347
18.3916058406746,18.1189833394331,1.06373387481796,NA,3,1,"P05091","ALDH2","ENSG00000111275","ENSP00000403349",217
16.901890599438,NA,2.13262814036919,NA,3,0,"P05106","ITGB3","ENSG00000259207","ENSP00000452786",3690
15.0718826720568,15.8667830400283,0.864152570371054,1.19869800158992,6,6,"P05109","S100A8","ENSG00000143546","ENSP00000357721",6279
20.3666028796893,16.0875433711893,NA,2.94688883015614,1,2,"P05154","SERPINA5","ENSG00000188488","ENSP00000450484",5104
17.9857596937593,17.7538183059758,0.32507587780357,0.420307507971021,6,6,"P05155","SERPING1","ENSG00000149131","ENSP00000384561",710
18.2800846029837,18.3345431130918,0.464645979320923,0.455997752049984,6,6,"P05156","CFI","ENSG00000205403","ENSP00000378130",3426
15.7959755955048,15.9873943946467,0.716647933615774,0.457078107108,6,6,"P05160","F13B","ENSG00000143278","ENSP00000497116",2165
16.1892979153432,15.5651303720998,0.966006037872276,0.962579146174008,5,5,"P05164","MPO","ENSG00000005381","ENSP00000225275",4353
18.6849447715557,19.1668519153522,0.705099373222264,0.641880899129776,6,6,"P05362","ICAM1","ENSG00000090339","ENSP00000413124",3383
19.6373847847053,19.5274285329618,0.579442335131954,0.473871772469537,6,6,"P05452","CLEC3B","ENSG00000163815","ENSP00000296130",7123
21.1562223351306,20.9975668063406,1.10761703287032,0.543142760176334,6,6,"P05543","SERPINA7","ENSG00000123561","ENSP00000329374",6906
18.1603639822555,17.8549762245397,0.974320729808343,0.559159253325887,6,6,"P05546","SERPIND1","ENSG00000099937","ENSP00000215727",3053
19.623576964887,19.7360896498634,0.740702700140715,0.390850306608635,6,6,"P06276","BCHE","ENSG00000114200","ENSP00000264381",590
17.6604640946442,17.8630184600699,1.47898138946826,1.21346086844456,6,6,"P06312","IGKV4-1","ENSG00000211598","ENSP00000374778",NA
18.9548082051595,18.7842706195321,0.459046299028868,0.513009688377453,6,6,"P06396","GSN","ENSG00000148180","ENSP00000362929",2934
18.0143119593427,18.047437579393,0.300888259490725,0.446256268983933,6,6,"P06681","C2","ENSG00000231543","ENSP00000400097",717
19.9153981628386,18.1477615778074,0.76903078779597,0.807189050544048,6,6,"P06702","S100A9","ENSG00000163220","ENSP00000357727",6280
19.197877704897,19.1164288721338,0.472446739076807,0.522572251135643,6,6,"P06727","APOA4","ENSG00000110244","ENSP00000350425",337
18.6612644548887,20.094191851311,0.578593048916806,1.18961846071022,6,6,"P06753","TPM3","ENSG00000143549","ENSP00000357521",7170
15.2203069699028,16.6939099692074,0.566022268782948,1.60644702827281,4,3,"P07108","DBI","ENSG00000155368","ENSP00000348116",1622
16.6761997991116,16.7804473036739,0.502445753878217,1.35158844070886,3,3,"P07148","FABP1","ENSG00000163586","ENSP00000295834",2168
16.9280924995519,16.2729959487555,0.69075533933062,1.99296073132511,4,3,"P07195","LDHB","ENSG00000111716","ENSP00000379386",3945
19.5402793226436,19.2026740417139,0.648074164366767,0.512342041356597,6,6,"P07225","PROS1","ENSG00000184500","ENSP00000377783",5627
18.4694759684049,18.5072449824249,0.899728967238662,0.334141710479153,6,6,"P07307","ASGR2","ENSG00000161944","ENSP00000347140",433
15.7221893104428,15.4985144622838,1.15403256334524,1.03781629803872,4,2,"P07333","CSF1R","ENSG00000182578","ENSP00000422212",1436
15.5433501534377,15.8777740661756,NA,0.0498669208758408,1,2,"P07339","CTSD","ENSG00000117984","ENSP00000490344",1509
16.3423523346073,16.5504200787339,1.07709634362037,1.26481892129267,2,2,"P07355","ANXA2","ENSG00000182718","ENSP00000379342",302
18.557353701544,17.805319384777,0.764348187090022,0.769300438334291,6,6,"P07357","C8A","ENSG00000157131","ENSP00000354458",731
17.5802008560331,17.5545942868951,0.715500332438475,0.523041478911461,6,6,"P07358","C8B","ENSG00000021852","ENSP00000360281",732
18.5166529740323,18.7081478827401,1.11293367078302,0.735626329457373,6,6,"P07359","GP1BA","ENSG00000185245","ENSP00000329380",2811
14.9709117134695,15.4734023855707,1.09126911628396,1.19380931176717,6,6,"P07360","C8G","ENSG00000176919","ENSP00000360697",733
16.1398523708399,18.59044824098,NA,0.0245553326526068,1,2,"P07437","TUBB","ENSG00000224156","ENSP00000399155",203068
18.471534628049,18.1805356637867,0.841931684583641,0.888021698387804,6,6,"P07602","PSAP","ENSG00000197746","ENSP00000378394",5660
16.7659111359197,18.238434032033,1.64738834323991,2.41296887816322,4,3,"P07711","CTSL","ENSG00000135047","ENSP00000503897",1514
15.4125245265181,16.5943596556827,0.336853773321063,0.695290443000554,2,5,"P07737","PFN1","ENSG00000108518","ENSP00000225655",5216
18.6106198503436,17.2173230241699,0.268239399769679,1.21429528251113,2,3,"P07900","HSP90AA1","ENSG00000080824","ENSP00000216281",3320
16.0547636589673,16.2708852229802,0.823150418093736,1.16783575142251,3,6,"P07942","LAMB1","ENSG00000091136","ENSP00000503498",3912
16.3736173005488,15.2638720638397,2.05611518403441,2.29920598214326,6,5,"P07988","SFTPB","ENSG00000168878","ENSP00000428719",6439
17.5498813935486,18.4046204371678,1.02485715209471,0.556918603862482,6,6,"P07996","THBS1","ENSG00000137801","ENSP00000380720",7057
13.9518794705972,15.2275493679415,NA,1.48895426265123,1,2,"P08123","COL1A2","ENSG00000164692","ENSP00000297268",1278
19.3060606708962,19.3377171564234,0.830845296205228,0.527308025380056,6,6,"P08185","SERPINA6","ENSG00000277405","ENSP00000486588",866
16.5337801045266,NA,1.22581164449587,NA,3,0,"P08238","HSP90AB1","ENSG00000096384","ENSP00000360709",3326
14.9281805274289,15.4605574017112,0.741943206887647,1.61184728525948,4,6,"P08294","SOD3","ENSG00000109610","ENSP00000472134",6649
15.7323580457511,16.99586647026,0.600013144256585,NA,4,1,"P08319","ADH4","ENSG00000198099","ENSP00000424630",127
17.1274960225934,17.6635326642194,0.496927026245842,NA,2,1,"P08493","MGP","ENSG00000111341","ENSP00000445907",4256
17.6221179957732,17.8699684660916,1.44728860188859,1.43306695694176,6,6,"P08519","LPA","ENSG00000198670","ENSP00000321334",4018
15.8600772597417,14.9183793935475,0.732817441555857,0.424367797609224,6,6,"P08571","CD14","ENSG00000170458","ENSP00000385519",929
16.9385940566966,16.3923758102385,1.01561729538104,0.0565467739742284,3,2,"P08575","PTPRC","ENSG00000262418","ENSP00000458846",5788
15.67736204642,17.1950681754228,0.348130907387539,NA,3,1,"P08581","MET","ENSG00000105976","ENSP00000317272",4233
19.1670241205935,19.0913928847621,0.381469366701613,0.1728355150668,6,6,"P08603","CFH","ENSG00000000971","ENSP00000356399",3075
19.298392748914,19.8418115089706,1.26209580918658,0.793347534181297,6,6,"P08637","FCGR3A","ENSG00000203747","ENSP00000392047",2214
15.3035793656159,17.4274054079522,NA,1.21014184201299,1,3,"P08670","VIM","ENSG00000026025","ENSP00000446007",7431
17.1332096140762,17.2469389162982,0.558911497072274,0.742794867774054,6,6,"P08697","SERPINF2","ENSG00000276838","ENSP00000488707",5345
17.0437669699596,16.2977531795831,2.01394047768994,0.677441008296365,3,4,"P08727","KRT19","ENSG00000171345","ENSP00000355124",3880
17.5310032988813,17.0704916989309,NA,0.896650849234512,1,2,"P08754","GNAI3","ENSG00000065135","ENSP00000358867",2773
19.0406450889484,19.6052548814646,0.78879189636853,0.893788759954755,6,6,"P08779","KRT16","ENSG00000186832","ENSP00000301653",3868
15.9961652900078,14.8206700660343,0.73710999289934,0.701887579427566,5,4,"P08887","IL6R","ENSG00000160712","ENSP00000477739",3570
18.2321992027664,17.5958648780548,0.587898534942128,1.28951914634713,5,6,"P09172","DBH","ENSG00000123454","ENSP00000376776",1621
17.9799521624901,16.7920198155676,1.26230797098859,2.11396580717863,3,2,"P09211","GSTP1","ENSG00000084207","ENSP00000381604",2950
16.5409782583367,17.2348732106518,0.557822018666734,0.745627968675791,6,6,"P09486","SPARC","ENSG00000113140","ENSP00000231061",6678
17.0756221507735,18.5753024707393,NA,0.574934615719307,1,3,"P09622","DLD","ENSG00000091140","ENSP00000402593",1738
17.3602648868479,17.602868247622,0.730068508639076,0.462034007153904,6,6,"P09871","C1S","ENSG00000182326","ENSP00000385035",716
18.3578033308074,16.7223478132574,1.60652727485654,NA,2,1,"P09960","LTA4H","ENSG00000111144","ENSP00000228740",4048
17.6345332815953,17.6080994200191,0.330232783631927,0.62203215232246,6,6,"P0C0L4","C4A","ENSG00000227746","ENSP00000388662",110384692
18.5500060461037,20.045726703811,1.00811196833341,0.605715905634515,6,6,"P0C0L5","C4B","ENSG00000228454","ENSP00000364321",721
17.5674573880552,18.9790251021934,0.660902962151603,1.00785214946713,5,6,"P0CG38","POTEI","ENSG00000196834","ENSP00000392718",653269
14.2388147259457,13.9824553142624,2.04281490939935,2.2209974177479,5,6,"P0DJI8","SAA1","ENSG00000288411","ENSP00000500630",6288
18.0279141843722,20.2125397170997,2.08804042475903,NA,2,1,"P0DJI9","SAA2","ENSG00000134339","ENSP00000416716",6289
19.8807143206229,20.0141250019523,1.00541463837569,0.595479956483303,6,6,"P0DOY2","IGLC2","ENSG00000211677","ENSP00000374856",NA
16.5510505334578,17.0526668069293,1.14488273776717,1.30313378084445,5,5,"P0DOY3","IGLC3","ENSG00000211679","ENSP00000374857",NA
17.0794267021253,17.484686438996,0.593213788229756,0.608307957721388,6,6,"P0DP02","IGHV3-30-3",NA,NA,NA
20.215022450664,20.3198281245938,0.67984979922817,0.56632690078825,6,6,"P10124","SRGN","ENSG00000122862","ENSP00000242465",5552
16.6923953130071,16.8499530981603,0.71149140197266,0.655251967173124,6,6,"P10643","C7","ENSG00000112936","ENSP00000322061",730
17.1757408616854,16.3202985111742,1.37161286015185,0.865621682829984,6,4,"P10645","CHGA","ENSG00000276781","ENSP00000478198",1113
16.5120868113714,16.6060771007382,0.675910568470531,1.50569865906645,6,6,"P10720","PF4V1","ENSG00000109272","ENSP00000226524",5197
17.4578246769623,17.3997413412931,0.694447909270921,0.915710924363848,5,6,"P10721","KIT","ENSG00000157404","ENSP00000509156",3815
17.7658258376733,18.7701967974297,1.61729183671659,NA,2,1,"P10768","ESD","ENSG00000139684","ENSP00000367992",2098
18.94018102602,18.6852195172385,0.311840100818852,0.467091484967061,6,6,"P10909","CLU","ENSG00000120885","ENSP00000315130",1191
15.162061522509,15.8823582675255,0.998116252303689,0.799138775932729,6,6,"P11021","HSPA5","ENSG00000044574","ENSP00000324173",3309
18.2913536355409,18.7732776801409,1.166519472241,0.0212705392519529,3,2,"P11047","LAMC1","ENSG00000135862","ENSP00000258341",3915
14.7171276955414,16.1645880029785,1.22529598795144,0.764827263879293,3,2,"P11142","HSPA8","ENSG00000109971","ENSP00000437125",3312
18.9908957932747,18.0864161765689,1.15376247368213,1.17390700333294,6,6,"P11226","MBL2","ENSG00000165471","ENSP00000363079",4153
16.8628909369505,17.3217499931736,0.0678557141894281,NA,2,1,"P11277","SPTB","ENSG00000070182","ENSP00000495909",6710
14.9544118271709,15.9690738608825,1.55292895139926,0.829823802285716,4,4,"P11362","FGFR1","ENSG00000077782","ENSP00000497266",2260
16.7414327543882,NA,0.663860911366035,NA,3,0,"P11586","MTHFD1","ENSG00000100714","ENSP00000438588",4522
16.5194662170016,15.7147945364273,1.87518760808285,0.780407661446515,3,3,"P11717","IGF2R","ENSG00000197081","ENSP00000504419",3482
18.738024043509,17.2968650886482,1.43231254237858,NA,4,1,"P11766","ADH5","ENSG00000197894","ENSP00000296412",128
19.3389327961082,18.8896395562838,0.801599895709725,1.04045938959088,6,6,"P12081","HARS",NA,NA,NA
15.7276086235949,15.1413141020779,0.983854624212053,0.720466712866129,5,4,"P12111","COL6A3","ENSG00000163359","ENSP00000295550",1293
17.3946232025097,17.2126493746415,0.473440412222107,0.190973672100083,6,6,"P12259","F5","ENSG00000198734","ENSP00000356771",2153
16.2310769529008,17.1383972512724,0.833921744696314,0.910481838951994,6,6,"P12830","CDH1","ENSG00000039068","ENSP00000261769",999
16.3931361710874,16.5815093224789,NA,1.74478363857051,1,3,"P12838","DEFA4","ENSG00000285318","ENSP00000493844",1669
14.5780369147021,15.2504820930965,0.350909036334626,NA,2,1,"P12955","PEPD","ENSG00000124299","ENSP00000244137",5184
14.7621836321741,15.6771651003384,NA,0.350517651918225,1,3,"P13489","RNH1","ENSG00000276230","ENSP00000480036",6050
15.3594230876799,15.5923160273918,0.153218348149624,0.165143242352682,2,5,"P13497","BMP1","ENSG00000168487","ENSP00000380915",649
14.5067282836175,16.6321667162181,NA,0.66993391157357,1,2,"P13521","SCG2","ENSG00000171951","ENSP00000304133",7857
17.6854567552674,17.6529015704074,0.607487264336289,0.820208463147147,6,6,"P13591","NCAM1","ENSG00000149294","ENSP00000480132",4684
17.6988386123807,17.5035238900132,0.958607260831612,0.273679384467251,6,6,"P13598","ICAM2","ENSG00000108622","ENSP00000463199",3384
18.5623099032153,NA,1.40223891665677,NA,3,0,"P13639","EEF2","ENSG00000167658","ENSP00000471265",1938
16.9014715455912,17.0478773405379,0.908999038091926,0.339166349205966,6,6,"P13645","KRT10","ENSG00000186395","ENSP00000269576",3858
17.2201197714491,17.0976175176779,0.921482359310239,0.469959137450021,6,6,"P13647","KRT5","ENSG00000186081","ENSP00000252242",3852
16.679933367411,15.9344579272361,0.668162190019359,1.16713912255576,3,4,"P13667","PDIA4","ENSG00000155660","ENSP00000499129",9601
17.5346967474945,17.6037347839227,0.369041808953201,0.53711983469523,6,6,"P13671","C6","ENSG00000039537","ENSP00000338861",729
17.9427448664528,18.3865414367815,2.03786532180419,0.815998894143015,2,2,"P13716","ALAD","ENSG00000148218","ENSP00000386284",210
14.9067388005527,15.0818676231405,0.531559153755702,1.31066028581108,6,6,"P13796","LCP1","ENSG00000136167","ENSP00000381581",3936
16.8175741021906,15.5769725076616,0.706946735731179,1.04519770608838,4,3,"P13798","APEH","ENSG00000164062","ENSP00000414369",327
15.1559975944368,16.2820347298885,NA,1.12020064058019,1,4,"P14151","SELL","ENSG00000188404","ENSP00000236147",6402
16.1978109963047,16.0244321991128,2.41764905983753,NA,2,1,"P14324","FDPS","ENSG00000160752","ENSP00000483188",2224
15.2058670362314,14.5277826159451,2.0791140701484,1.00055109366174,5,6,"P14543","NID1","ENSG00000116962","ENSP00000355554",4811
15.7703880085221,15.2292777880153,0.728154431697016,1.16240291284442,6,6,"P14618","PKM","ENSG00000067225","ENSP00000334983",5315
15.1250092750061,15.5662178448634,1.36428065277155,1.28525911555034,6,5,"P14625","HSP90B1","ENSG00000166598","ENSP00000446748",7184
14.3409608906336,15.9920701549963,0.756333071706599,1.37286183051705,5,6,"P14649","MYL6B","ENSG00000196465","ENSP00000450385",140465
16.5315729864474,16.9749721273729,1.33233239073162,1.16161713605389,3,2,"P14923","JUP","ENSG00000173801","ENSP00000377507",3728
15.9842403555525,15.8674900871211,0.738192444546254,0.536371971461066,6,6,"P15144","ANPEP","ENSG00000166825","ENSP00000502886",290
14.9011092507672,15.3525428675087,0.221257635749541,0.657398708806382,6,6,"P15151","PVR","ENSG00000073008","ENSP00000402060",5817
17.8649105473339,17.6908431818427,0.796435381831538,1.14133608760705,6,6,"P15169","CPN1","ENSG00000120054","ENSP00000359446",1369
20.8595268883079,20.1827277903137,1.18824536998253,1.85195958534727,6,6,"P15814","IGLL1","ENSG00000128322","ENSP00000249053",3543
16.7271686281338,15.81274873092,1.64057704347041,1.37471392489474,3,5,"P15924","DSP","ENSG00000096696","ENSP00000396591",1832
17.5756755717024,18.1485416555802,0.687287115918143,0.760852562958913,5,6,"P16070","CD44","ENSG00000026508","ENSP00000435377",960
18.5404123384634,19.3383911962305,0.735701012770052,0.943423395355888,6,5,"P16109","SELP","ENSG00000174175","ENSP00000391694",6403
17.294113803603,NA,0.691313003575856,NA,3,0,"P16152","CBR1","ENSG00000159228","ENSP00000434613",873
14.6032733782509,14.7913984659805,NA,0.951309504155124,1,2,"P16278","GLB1","ENSG00000170266","ENSP00000306920",2720
16.2849647027712,16.7586232999347,0.927101578412561,0.612634324960013,6,6,"P16284","PECAM1","ENSG00000261371","ENSP00000457421",5175
20.8413670859419,18.9385529807261,1.16396539846107,1.92403840510524,3,3,"P17081","RHOQ","ENSG00000119729","ENSP00000238738",23433
16.3023188953237,17.2324914764754,NA,0.130631739409356,1,2,"P17301","ITGA2","ENSG00000164171","ENSP00000296585",3673
15.3572667209804,16.0158593233062,0.851389047300304,0.450511508920809,2,4,"P17813","ENG","ENSG00000106991","ENSP00000479015",2022
16.0593874901505,16.8619117549611,2.17834481434712,0.805236875742443,2,2,"P17858","PFKL","ENSG00000141959","ENSP00000381052",5211
18.4174448354482,18.304811174809,0.435647487201107,0.982514682770083,6,6,"P17936","IGFBP3","ENSG00000146674","ENSP00000477772",3486
17.2260664681618,17.6263140363631,0.23980559569711,1.17319447196269,6,6,"P18206","VCL","ENSG00000035403","ENSP00000485551",7414
16.1635172414975,16.3552519130303,0.861772622166464,1.69895917588112,5,5,"P18428","LBP","ENSG00000129988","ENSP00000217407",3929
15.6676331043247,NA,1.84874461494132,NA,3,0,"P18669","PGAM1","ENSG00000171314","ENSP00000359991",5223
17.5525224630978,17.4103426024895,1.95461446269924,1.19884560100629,3,3,"P19013","KRT4","ENSG00000170477","ENSP00000448220",3851
17.4732957360541,16.7222046811941,0.877362106058071,1.07305156424716,6,5,"P19021","PAM","ENSG00000145730","ENSP00000421569",5066
15.8602315810232,15.8911400512168,0.908061104665544,0.885361233408557,6,6,"P19320","VCAM1","ENSG00000162692","ENSP00000359137",7412
19.792929978968,19.1898097924323,0.395661520782583,0.215441972376046,6,6,"P19652","ORM2","ENSG00000228278","ENSP00000394936",5005
18.7722163982152,18.5862501057088,0.519281226765211,0.283822455612889,6,6,"P19823","ITIH2","ENSG00000151655","ENSP00000351190",3698
16.5127245794384,16.5786590150304,0.367352308644602,0.713607446046403,6,6,"P19827","ITIH1","ENSG00000055957","ENSP00000273283",3697
17.9283270704347,NA,2.35262399192876,NA,3,0,"P19971","TYMP","ENSG00000025708","ENSP00000498433",1890
17.9399971225772,18.4354976735003,0.622480634645231,NA,2,1,"P20062","TCN2","ENSG00000185339","ENSP00000394184",6948
17.3101494565784,16.541529297113,0.608714228803912,0.340008900926785,6,6,"P20742","PZP","ENSG00000126838","ENSP00000261336",5858
21.3590713707656,21.1789790257655,1.18655194682852,0.253243499822044,5,4,"P20848","SERPINA2","ENSG00000274821","ENSP00000487283",390502
18.6282649006594,18.7483066101784,0.479199797948795,0.386307991451463,6,6,"P20851","C4BPB","ENSG00000123843","ENSP00000356045",725
14.7396291882579,16.7322112934349,NA,0.10826699285642,1,2,"P20908","COL5A1","ENSG00000130635","ENSP00000360882",1289
15.5684449876732,15.7688585694337,0.298880596405346,0.540306518718811,2,5,"P20930","FLG","ENSG00000143631","ENSP00000357789",2312
14.9468146373948,19.4645567055877,NA,0.575187505415396,1,2,"P21291","CSRP1","ENSG00000159176","ENSP00000345079",1465
15.1695388179297,17.0770433722082,0.389989083124029,1.33372701268954,6,6,"P21333","FLNA","ENSG00000196924","ENSP00000408921",2316
14.8894196602408,15.7056700249841,1.78857593499474,0.295520519805799,3,3,"P21583","KITLG","ENSG00000049130","ENSP00000495951",4254
15.5976222188629,16.6289944128017,1.5985300904348,NA,3,1,"P21695","GPD1","ENSG00000167588","ENSP00000301149",2819
17.3814583024889,16.4101190847704,NA,0.534209890049612,1,2,"P21926","CD9","ENSG00000010278","ENSP00000371958",928
17.2216272304634,17.3287648805517,0.631627885078652,0.565697090643243,6,6,"P22105","TNXB","ENSG00000229341","ENSP00000389677",7148
19.3815882689168,19.6784788636592,0.167692204231906,NA,2,1,"P22314","UBA1","ENSG00000130985","ENSP00000366568",7317
14.8276990984931,14.3236979430763,1.14556336132541,1.25801626350688,5,5,"P22352","GPX3","ENSG00000211445","ENSP00000373477",2878
16.0804365386127,16.2980534054723,1.04664700853373,1.4883666505655,5,4,"P22692","IGFBP4","ENSG00000141753","ENSP00000269593",3487
19.181585167296,19.5915243143345,1.04296928117946,1.03469636720097,6,6,"P22792","CPN2","ENSG00000178772","ENSP00000319464",1370
18.1970169752228,17.0683962471561,0.540133309742207,1.4644975432444,6,6,"P22891","PROZ","ENSG00000126231","ENSP00000364697",8858
15.5610385350061,14.0335659930534,1.42383159292659,1.02183104099738,5,4,"P22897","MRC1","ENSG00000260314","ENSP00000455897",4360
14.7403955546987,14.6860533604185,1.21037351038298,0.423811735471965,3,3,"P23083","IGHV1-2","ENSG00000282550","ENSP00000488290",NA
19.0349969232357,18.6538836196411,0.539996332119837,0.643291422277513,6,6,"P23142","FBLN1","ENSG00000077942","ENSP00000415289",2192
17.5475962274035,16.5480836111722,NA,0.385617750826044,1,2,"P23378","GLDC","ENSG00000178445","ENSP00000370737",2731
16.6968304726117,16.5036938055204,0.400418069564059,NA,3,1,"P23468","PTPRD","ENSG00000282932","ENSP00000489063",5789
17.7383776301725,17.92744901276,0.509496640966147,0.356791382710745,6,6,"P23470","PTPRG","ENSG00000144724","ENSP00000295874",5793
16.8105082823051,17.3612324324383,0.996426185229127,0.934903981716298,6,6,"P23528","CFL1","ENSG00000172757","ENSP00000309629",1072
15.5548793920026,14.7709636480989,0.855225220593675,1.1215384234229,4,2,"P24043","LAMA2","ENSG00000196569","ENSP00000481744",3908
17.505729709674,17.4733195542134,1.01418592235942,1.03731617354775,6,5,"P24593","IGFBP5","ENSG00000115461","ENSP00000233813",3488
16.7402088300027,16.6797287150783,0.743165856590258,0.573189399652537,6,6,"P24821","TNC","ENSG00000041982","ENSP00000265131",3371
18.807365138439,18.7645737919113,0.577086458848287,0.266391377478123,6,6,"P25311","AZGP1","ENSG00000160862","ENSP00000292401",563
17.3826254073201,17.5598169137866,0.621753862373999,NA,3,1,"P25705","ATP5F1A","ENSG00000152234","ENSP00000381736",498
16.785739107834,17.905729623669,1.24308580042914,0.0583239353452341,2,2,"P25774","CTSS","ENSG00000163131","ENSP00000506001",1520
15.7828164360633,15.1850936128563,0.969223122305405,NA,2,1,"P25788","PSMA3","ENSG00000100567","ENSP00000216455",5684
17.2706393206919,19.5266342390509,NA,0.849863121972059,1,3,"P26038","MSN","ENSG00000147065","ENSP00000477441",4478
15.3496847699471,16.5438102693009,0.927809853907134,0.596262563938972,4,4,"P26447","S100A4","ENSG00000196154","ENSP00000357704",6275
14.3391722199545,15.4621244300255,1.90178560256242,1.47152624400872,5,6,"P26927","MST1","ENSG00000173531","ENSP00000394756",4485
17.6644272795555,17.6591242220841,0.498566107101943,0.455745107341752,6,6,"P27169","PON1","ENSG00000005421","ENSP00000222381",5444
16.3187635222509,16.2480048970279,0.0442555603562997,NA,2,1,"P27348","YWHAQ","ENSG00000134308","ENSP00000371267",10971
17.0548334630351,16.898085931378,0.91165128743693,0.443100047983614,5,3,"P27487","DPP4","ENSG00000197635","ENSP00000504418",1803
16.2824149956011,16.1778466331419,0.416587742035615,NA,3,1,"P27824","CANX","ENSG00000283777","ENSP00000491696",821
17.2769767419387,17.4851654060737,0.928709622556154,0.52899634657679,6,6,"P27918","CFP","ENSG00000126759","ENSP00000380189",5199
15.183661602037,16.0923431282434,0.780623259846071,NA,5,1,"P28066","PSMA5","ENSG00000143106","ENSP00000271308",5686
15.7188734121765,NA,1.04956476074671,NA,3,0,"P28074","PSMB5","ENSG00000100804","ENSP00000451816",5693
15.2605820649338,15.9642095537999,0.339529254383874,NA,2,1,"P28370","SMARCA1","ENSG00000102038","ENSP00000360163",6594
17.1592597414381,16.4441919684564,0.785101324698498,NA,2,1,"P28827","PTPRM","ENSG00000173482","ENSP00000463325",5797
18.465488379864,15.4333091683141,NA,1.27398514494057,1,2,"P29508","SERPINB3","ENSG00000057149","ENSP00000283752",6317
15.9447668969349,15.5901937640474,0.598366815464866,0.569944432709794,6,6,"P29622","SERPINA4","ENSG00000100665","ENSP00000450838",5267
16.3879643155299,16.8054335718309,0.843326371260727,1.01173123287496,6,6,"P30101","PDIA3","ENSG00000167004","ENSP00000510198",2923
18.0861605636524,18.4409644900159,1.31367674481754,NA,2,1,"P30530","AXL","ENSG00000167601","ENSP00000301178",558
16.6522074436213,16.6606269498115,0.465169158798762,NA,3,1,"P30990","NTS","ENSG00000133636","ENSP00000448328",4922
18.3150062251516,19.3380595349507,0.531619352093197,1.23059100705657,6,6,"P31146","CORO1A","ENSG00000102879","ENSP00000456266",11151
16.2197241564908,15.9306470955951,0.253350455243412,0.593686276608019,4,4,"P31944","CASP14","ENSG00000105141","ENSP00000393417",23581
18.1178090428175,18.1165149803481,0.682853464636951,0.412701779477105,5,6,"P32004","L1CAM","ENSG00000198910","ENSP00000354712",3897
17.6434362378871,16.868176067827,0.911216056356506,0.879708902055991,6,6,"P32119","PRDX2","ENSG00000167815","ENSP00000334063",7001
19.8832984135625,19.8809208999041,0.81549098720418,0.191347265655131,6,6,"P32942","ICAM3","ENSG00000076662","ENSP00000160262",3385
16.8106099347054,17.8337903265519,0.585370635699139,0.746409486291107,6,6,"P33151","CDH5","ENSG00000179776","ENSP00000479381",1003
15.8870847974207,16.2400555090529,0.420326343069576,2.92909991698409,3,2,"P34896","SHMT1","ENSG00000284320","ENSP00000492715",6470
16.0353077745486,17.2551182619887,0.557765846999634,1.61762081723345,2,2,"P35442","THBS2","ENSG00000186340","ENSP00000482784",7058
26.3296023652669,19.3362088033554,NA,0.729091917402202,1,2,"P35443","THBS4","ENSG00000113296","ENSP00000339730",7060
19.3804238141557,19.2856624319097,0.71973253747764,0.280341250499448,6,6,"P35527","KRT9","ENSG00000171403","ENSP00000246662",3857
15.6674729988428,15.193681906092,NA,0.285524591083275,1,2,"P35542","SAA4","ENSG00000148965","ENSP00000278222",6291
14.7002214544785,14.4695987149621,0.888059722756691,0.924864997285214,4,5,"P35555","FBN1","ENSG00000166147","ENSP00000325527",2200
15.5570041913498,16.4615456269699,1.46529204981582,2.25225934086797,6,6,"P35579","MYH9","ENSG00000100345","ENSP00000216181",4627
15.4788044726897,17.4418315928609,NA,0.0780599702879092,1,2,"P35606","COPB2","ENSG00000184432","ENSP00000504033",9276
18.7391888255709,NA,0.408077864998222,NA,3,0,"P35625","TIMP3","ENSG00000100234","ENSP00000266085",7078
17.4893076352261,17.3569529169846,0.377138610922309,0.909331454193718,6,6,"P35858","IGFALS","ENSG00000099769","ENSP00000215539",3483
16.4921905774909,17.1023437609289,3.27141528951846,0.515696659691559,3,4,"P35900","KRT20","ENSG00000263057","ENSP00000460501",54474
18.9604797790782,18.3811038062861,0.969564328687605,0.615802309346922,6,6,"P35908","KRT2","ENSG00000172867","ENSP00000310861",3849
17.0972861403213,17.0479130279537,0.597450979273576,0.620962828616493,6,6,"P35916","FLT4","ENSG00000037280","ENSP00000261937",2324
18.9807857765256,19.0727273980783,0.580448604069704,0.425505453539732,6,6,"P36955","SERPINF1","ENSG00000282307","ENSP00000488386",5176
17.0231073511339,17.0285048816112,0.341648816056416,0.48543588331309,6,6,"P36980","CFHR2","ENSG00000080910","ENSP00000356385",3080
15.6889553277262,17.2408404790888,0.448059148371193,1.65336376894593,6,6,"P37802","TAGLN2","ENSG00000158710","ENSP00000357076",8407
15.0034622911505,14.9093989305951,1.28053895735548,1.39736897724704,6,5,"P37840","SNCA","ENSG00000145335","ENSP00000501102",6622
16.5347498778288,16.0854106991386,NA,0.615707441037519,1,3,"P39060","COL18A1","ENSG00000182871","ENSP00000498485",80781
17.3613357029256,16.6752708849865,1.17669788320909,NA,3,1,"P40189","IL6ST","ENSG00000134352","ENSP00000370698",3572
15.7916683173994,16.7715012136148,1.0619561468655,0.580503459577662,6,5,"P40197","GP5","ENSG00000178732","ENSP00000383931",2814
15.4596605531494,15.8542309276231,0.44909765349643,0.512876947812745,6,6,"P41222","PTGDS","ENSG00000107317","ENSP00000491730",5730
18.7626190976167,19.0558796936343,0.595393669876615,0.269275454703873,6,6,"P43121","MCAM","ENSG00000076706","ENSP00000264036",4162
18.6178180696954,18.5731611516349,0.529289171299499,0.459351020659037,6,6,"P43251","BTD","ENSG00000169814","ENSP00000397113",686
16.8856433846092,NA,0.867902586188818,NA,3,0,"P43405","SYK","ENSG00000165025","ENSP00000364907",6850
19.2998716096651,19.1624751969256,0.435036350632654,0.558713448911324,6,6,"P43652","AFM","ENSG00000079557","ENSP00000226355",173
15.1262802812206,15.0397993396087,0.672271694317608,NA,2,1,"P47756","CAPZB","ENSG00000077549","ENSP00000264202",832
17.5180526736167,18.8436379628528,1.03177873525007,NA,3,1,"P48357","LEPR","ENSG00000116678","ENSP00000360098",3953
16.2443339038802,16.1527187804506,0.552375945629504,NA,3,1,"P48507","GCLM","ENSG00000023909","ENSP00000359258",2730
15.2178252904233,15.4373130223102,1.47097761410019,0.499320085907811,2,5,"P48643","CCT5","ENSG00000150753","ENSP00000280326",22948
17.7787870251327,17.344406227156,0.317254141491015,0.7260705860145,6,6,"P48740","MASP1","ENSG00000127241","ENSP00000336792",5648
18.2775385228312,NA,0.416797868248396,NA,4,0,"P48960","CD97",NA,NA,NA
15.3587709748593,NA,0.716925809853897,NA,3,0,"P49189","ALDH9A1","ENSG00000143149","ENSP00000346827",223
15.0406734265008,NA,1.44245959459431,NA,3,0,"P49327","FASN","ENSG00000169710","ENSP00000304592",2194
20.7229597134323,20.6767289588983,0.448888080749238,NA,2,1,"P49368","CCT3","ENSG00000163468","ENSP00000295688",7203
18.4440292711242,15.7789854782715,1.51141066586377,NA,2,1,"P49641","MAN2A2","ENSG00000196547","ENSP00000453740",4122
15.4523602802333,15.5825291867084,0.499928414716956,0.220627275333318,2,2,"P49746","THBS3","ENSG00000169231","ENSP00000357362",7059
15.5652625567651,14.0865995920345,0.698038263797735,0.905058703568391,3,4,"P49747","COMP","ENSG00000105664","ENSP00000439156",1311
18.3041847698746,20.0742400091711,NA,1.02719304261902,1,2,"P49767","VEGFC","ENSG00000150630","ENSP00000480043",7424
15.3395566405633,15.21407235071,2.03921654832124,1.41755371594685,4,4,"P50552","VASP","ENSG00000125753","ENSP00000467061",7408
19.1866124644343,18.4102084318292,NA,0.21770714236919,1,2,"P51149","RAB7A","ENSG00000075785","ENSP00000501618",7879
19.2534108933386,18.8790649049343,1.29735544372401,0.626638260798667,6,6,"P51884","LUM","ENSG00000139329","ENSP00000266718",4060
18.9089276411478,18.9311619476762,0.776736335335311,NA,3,1,"P51888","PRELP","ENSG00000188783","ENSP00000343924",5549
18.4076928901344,18.8917313349172,0.737127703633594,NA,3,1,"P53634","CTSC","ENSG00000109861","ENSP00000504541",1075
16.8928700367785,16.7068934537336,0.844289729456178,0.666525531392909,6,5,"P54289","CACNA2D1","ENSG00000153956","ENSP00000349320",781
16.5228566513674,17.2752093827731,0.631640734654946,0.819298286916148,5,6,"P54652","HSPA2","ENSG00000126803","ENSP00000378199",3306
16.7985594420763,15.2654414172285,1.42934655639293,0.352723036376454,5,2,"P54725","RAD23A","ENSG00000179262","ENSP00000466243",5886
15.9564051975909,15.5552285571348,0.201025974314337,1.22987973335253,2,3,"P54802","NAGLU","ENSG00000108784","ENSP00000225927",4669
18.2013562888371,NA,1.65955352388446,NA,4,0,"P54920","NAPA","ENSG00000105402","ENSP00000263354",8775
16.5533105319145,16.3518672950977,1.32153146923009,0.921813150122,6,6,"P55056","APOC4","ENSG00000267467","ENSP00000468236",346
14.8231679085473,13.4158216392977,0.825922592226862,0.830307879058222,5,4,"P55058","PLTP","ENSG00000100979","ENSP00000335290",5360
13.9355502594219,16.5529766876935,NA,0.584526819412948,1,2,"P55103","INHBC","ENSG00000175189","ENSP00000308716",3626
17.8001413191659,17.7974834171265,0.717841579936209,0.789557318524148,6,6,"P55285","CDH6","ENSG00000113361","ENSP00000424843",1004
17.1340481818762,17.6725880989406,0.462942987234508,0.714643694639866,6,6,"P55290","CDH13","ENSG00000140945","ENSP00000268613",1012
16.3918715114359,15.9188964708451,0.412723143387888,0.364114107294319,3,2,"P58166","INHBE","ENSG00000139269","ENSP00000450212",83729
18.7901355743245,19.5806247732925,0.473829812825513,0.956741849263511,6,6,"P59665","DEFA1","ENSG00000284983","ENSP00000496058",1667
16.8188377976039,17.1195193557212,0.758914227850284,0.96255177319925,4,3,"P60174","TPI1","ENSG00000111669","ENSP00000229270",7167
17.052982591725,18.3775573942123,0.293556588179223,1.05274944028836,6,6,"P60709","ACTB","ENSG00000075624","ENSP00000502821",60
18.3828750932644,15.5665763045076,2.67323251076843,NA,2,1,"P60900","PSMA6","ENSG00000100902","ENSP00000444844",5687
17.2342390759657,16.585895471757,1.25518347490278,2.8661412179825,2,2,"P61106","RAB14","ENSG00000119396","ENSP00000362946",51552
16.3377660163605,NA,0.917970512233709,NA,3,0,"P61160","ACTR2","ENSG00000138071","ENSP00000260641",10097
18.512587174531,18.551120960286,1.10586401582334,1.25451518370637,6,6,"P61769","B2M","ENSG00000273686","ENSP00000481426",567
19.0453887657531,20.5855321636364,1.91556329410728,NA,2,1,"P61981","YWHAG","ENSG00000170027","ENSP00000306330",7532
16.827596084918,17.4013385592645,NA,0.433576945424621,1,2,"P62258","YWHAE","ENSG00000274474","ENSP00000487356",7531
17.594274678834,16.3333588078097,0.621771105265964,0.392034056121438,4,3,"P62805","HIST1H4A",NA,NA,NA
16.1349071547139,16.4451470521014,0.394952605024382,0.579184193895012,3,3,"P62879","GNB2","ENSG00000172354","ENSP00000399904",2783
18.1683581419227,18.8542703828609,0.680531323299674,1.03169088536938,6,6,"P62979","RPS27A","ENSG00000143947","ENSP00000383981",6233
14.256768886324,15.9503265429123,1.3385259058039,0.866928114786251,2,4,"P63104","YWHAZ","ENSG00000164924","ENSP00000379287",7534
17.9245236944774,18.3926146712096,1.08077222524901,0.117090207972574,2,2,"P63241","EIF5A","ENSG00000288145","ENSP00000500669",1984
18.5578472772976,19.2691306553799,0.755070301141862,0.922955842776479,6,6,"P68133","ACTA1","ENSG00000143632","ENSP00000508084",58
16.5282710788159,16.42706830694,NA,1.32164718287824,1,2,"P68371","TUBB4B","ENSG00000188229","ENSP00000341289",10383
19.1169876213606,18.9938987279952,0.783680396822249,0.703860860269176,6,6,"P68871","HBB","ENSG00000244734","ENSP00000333994",3043
15.4672108957719,15.8789972009183,0.664770875907797,NA,3,1,"P69891","HBG1","ENSG00000213934","ENSP00000327431",3047
19.5681331548012,19.5283820929166,0.926807610397279,1.9066039664787,6,6,"P69905","HBA1","ENSG00000206172","ENSP00000322421",3039
13.6710422173232,14.2467195023186,0.718821160389427,0.858379342222373,5,4,"P78509","RELN","ENSG00000189056","ENSP00000345694",5649
19.6274555828227,19.8265702692052,0.949814661999829,0.49545187712826,6,6,"P80108","GPLD1","ENSG00000112293","ENSP00000230036",2822
17.9951556897357,18.6304115609242,0.972647764319133,0.978484283431437,6,6,"P80748","IGLV3-21","ENSG00000211662","ENSP00000374843",NA
16.1454048167561,NA,2.00418256758936,NA,3,0,"P84085","ARF5","ENSG00000004059","ENSP00000000233",381
13.8753341837562,13.5690520433621,1.91138206153763,0.962569529447375,5,4,"P98160","HSPG2","ENSG00000142798","ENSP00000363827",3339
16.7271187152809,13.9875677000865,1.72473930015876,NA,2,1,"P98172","EFNB1","ENSG00000090776","ENSP00000204961",1947
16.7769694658447,17.7750892362424,0.796731033541599,0.24825420954249,3,2,"Q00610","CLTC","ENSG00000141367","ENSP00000376763",1213
17.3200703190474,16.9147661459729,0.390034117351331,1.19734010160024,6,6,"Q01459","CTBS","ENSG00000117151","ENSP00000359664",1486
15.939616092579,15.8978759110833,0.522545275437432,0.527267405899602,2,3,"Q01469","FABP5","ENSG00000164687","ENSP00000297258",2171
15.8300815044841,15.7387838889179,0.761945081926047,0.747992363434395,5,5,"Q02413","DSG1","ENSG00000134760","ENSP00000257192",1828
16.8468101487372,16.9827416807111,0.32978830997685,0.853193600763772,5,4,"Q02818","NUCB1","ENSG00000104805","ENSP00000385923",4924
16.9834917265108,17.5202312985236,0.403496508052448,0.0784427280254964,5,2,"Q02985","CFHR3","ENSG00000116785","ENSP00000436258",10878
16.3457395300495,16.7188049199254,0.735274224497407,0.508787039147767,6,6,"Q03591","CFHR1","ENSG00000244414","ENSP00000314299",3078
17.0100506708261,19.7746421384045,1.10812994925329,NA,3,1,"Q04695","KRT17","ENSG00000128422","ENSP00000308452",3872
14.5148225485712,14.8493745823634,0.591038647118833,0.732021474302014,6,5,"Q04756","HGFAC","ENSG00000109758","ENSP00000372224",3083
15.5023023443459,16.7770374901094,0.37535351713015,2.17763096586443,2,2,"Q04759","PRKCQ","ENSG00000065675","ENSP00000263125",5588
15.28533132365,15.3409995376494,1.56299867942524,0.78792104206735,5,4,"Q05639","EEF1A2","ENSG00000101210","ENSP00000501859",1917
19.7644161695243,19.5960663707289,0.600761174530904,0.957370319396433,6,6,"Q06033","ITIH3","ENSG00000162267","ENSP00000413922",3699
14.7847433380597,15.4812697576507,0.865959923435399,0.329123427113209,4,3,"Q06323","PSME1","ENSG00000284916","ENSP00000495602",5720
16.7871629323188,16.6766151079861,0.778914955308066,1.68238465409195,2,2,"Q06481","APLP2","ENSG00000084234","ENSP00000497691",334
15.2002701049176,14.3228321274696,0.657284668448286,0.843211394243477,6,6,"Q07954","LRP1","ENSG00000123384","ENSP00000451449",4035
17.7617919212025,17.8448606558667,0.996654086916924,0.460778597444011,6,6,"Q08380","LGALS3BP","ENSG00000108679","ENSP00000465120",3959
16.5814118262655,14.7499248822139,NA,0.139632112594606,1,2,"Q08830","FGL1","ENSG00000104760","ENSP00000381133",2267
16.2197148046034,15.7673917455953,1.2203225930036,0.459117027668417,2,2,"Q09327","MGAT3","ENSG00000128268","ENSP00000345270",4248
15.2848709123988,16.3634428248252,NA,0.496380972253347,1,3,"Q0ZGT2","NEXN","ENSG00000162614","ENSP00000383814",91624
15.2607340359553,15.8023676217077,0.820871169233645,0.723012433191784,6,6,"Q10588","BST1","ENSG00000109743","ENSP00000265016",683
18.276301509147,18.7228260854387,0.611870017979739,0.592667537045613,6,6,"Q12805","EFEMP1","ENSG00000115380","ENSP00000378058",2202
16.3848497542937,16.4650227291008,0.48260210194408,0.484220588403073,6,6,"Q12841","FSTL1","ENSG00000163430","ENSP00000295633",11167
16.437225571472,16.7547369195962,0.562256361204132,0.738402170851489,5,6,"Q12860","CNTN1","ENSG00000018236","ENSP00000448004",1272
20.3051412135474,20.3149870176203,0.431425379135797,0.408156471661231,6,6,"Q12913","PTPRJ","ENSG00000149177","ENSP00000400010",5795
14.5452756065654,15.1860748685641,1.1087026852862,0.95514661268893,5,6,"Q13093","PLA2G7","ENSG00000146070","ENSP00000274793",7941
14.5515729250078,15.8133907659888,2.71036082289829,3.27732836229838,5,4,"Q13103","SPP2","ENSG00000072080","ENSP00000362466",6694
14.9437909162079,16.4774499467124,NA,1.68338813938191,1,3,"Q13162","PRDX4","ENSG00000123131","ENSP00000368654",10549
16.2480801926148,16.952335946008,1.1527559726906,0.755359203913787,6,6,"Q13201","MMRN1","ENSG00000138722","ENSP00000378431",22915
17.3951793502838,16.7483005138662,1.22597144780672,1.16162473484016,3,2,"Q13231","CHIT1","ENSG00000133063","ENSP00000356198",1118
18.7598438769763,18.0539037695318,NA,0.878329780501427,1,2,"Q13308","PTK7","ENSG00000112655","ENSP00000417607",5754
17.4983142723281,17.8265315411029,0.309622068980839,0.404728451134152,5,5,"Q13421","MSLN","ENSG00000102854","ENSP00000442965",10232
16.1218548695289,15.8043887490866,0.966459820292064,0.937794769398262,5,5,"Q13740","ALCAM","ENSG00000170017","ENSP00000305988",214
17.5152750408986,18.2007721109104,1.58251841755956,1.39704572462091,6,6,"Q13790","APOF","ENSG00000175336","ENSP00000381250",319
15.2389512989901,15.3886835068451,0.166981325132817,0.329381150295143,3,3,"Q13835","PKP1","ENSG00000081277","ENSP00000263946",5317
22.2180277386572,19.6461880356356,NA,2.7249407029472,1,2,"Q14118","DAG1","ENSG00000173402","ENSP00000440705",1605
18.8092607260231,18.4261655559349,0.467055184890759,0.665152176801822,6,6,"Q14126","DSG2","ENSG00000046604","ENSP00000261590",1829
14.6675757385348,16.3783919734445,NA,2.43361725063907,1,3,"Q14247","CTTN","ENSG00000288401","ENSP00000500927",2017
18.3891409839202,19.1152983634431,1.94828969886042,1.02464810431098,2,3,"Q14393","GAS6","ENSG00000183087","ENSP00000331831",2621
14.657273970652,15.6576161330347,1.64312675391484,0.529851717421853,5,4,"Q14515","SPARCL1","ENSG00000152583","ENSP00000282470",8404
17.1456343221709,17.188496356708,0.961994564679264,0.684994862587909,6,6,"Q14520","HABP2","ENSG00000148702","ENSP00000277903",3026
18.4914205832024,18.532580347256,0.196232664154205,0.430392610308538,6,6,"Q14624","ITIH4","ENSG00000055955","ENSP00000266041",3700
15.3393676636467,17.3903255926923,NA,0.610836403843436,1,3,"Q14697","GANAB","ENSG00000089597","ENSP00000432181",23193
14.9832848955627,15.3530323805153,1.38244167084982,0.499565658624222,6,6,"Q14766","LTBP1","ENSG00000049323","ENSP00000386043",4052
16.3461406279854,16.6237372814159,0.937755156949068,1.11774507759983,6,6,"Q14847","LASP1","ENSG00000002834","ENSP00000325240",3927
17.3284124505329,17.653898181375,NA,0.728885397565238,1,3,"Q15084","PDIA6","ENSG00000143870","ENSP00000272227",10130
15.4411747701149,15.4673079390914,0.853993115135413,0.825422521276242,6,6,"Q15113","PCOLCE","ENSG00000106333","ENSP00000223061",5118
16.602656647901,15.7826972795776,0.0574934175133776,1.26105649767479,2,2,"Q15155","NOMO1","ENSG00000274779","ENSP00000482008",23420
18.6898302746494,15.9888766793706,2.23391990819887,NA,2,1,"Q15165","PON2","ENSG00000105854","ENSP00000414515",5445
18.4683042045707,18.2200541970179,0.544088778042407,1.72925039518726,6,6,"Q15166","PON3","ENSG00000105852","ENSP00000265627",5446
16.2351631577681,16.7546946337681,1.19750486992289,0.819363363158994,3,5,"Q15223","NECTIN1","ENSG00000110400","ENSP00000344974",5818
16.697454460508,16.9160937253769,1.27582571719845,1.16754697286485,6,6,"Q15485","FCN2","ENSG00000160339","ENSP00000291744",2220
16.8098737007452,16.4181878867286,1.07961237367164,0.707442891384942,6,6,"Q15517","CDSN","ENSG00000237123","ENSP00000392863",1041
15.9195050672625,15.5944757570803,0.748031681411884,0.721455353881134,6,6,"Q15582","TGFBI","ENSG00000120708","ENSP00000416330",7045
17.5266368358551,17.8189760051857,0.815231117927324,NA,2,1,"Q15833","STXBP2","ENSG00000076944","ENSP00000470313",6813
16.8518591130508,18.1567375145385,1.32095213208192,0.843673969245054,4,6,"Q15907","RAB11B","ENSG00000185236","ENSP00000473042",9230
18.9468310575729,18.7399311283178,1.06099532147308,0.83592112065136,6,6,"Q15942","ZYX","ENSG00000285443","ENSP00000494648",7791
16.5444347391153,16.6358980921533,0.497828140805356,0.311758880772159,6,6,"Q16610","ECM1","ENSG00000143369","ENSP00000358045",1893
16.1142889564811,17.5336565534894,1.15487637650618,0.622316596875216,3,2,"Q16627","CCL14","ENSG00000277236","ENSP00000487948",6358
17.4779636166723,17.1468699278326,0.762528307698344,1.16229970524914,2,3,"Q16706","MAN2A1","ENSG00000112893","ENSP00000261483",4124
15.9135857959613,16.5237371869652,0.996618152328328,1.18791931317075,4,2,"Q16769","QPCT","ENSG00000115828","ENSP00000498156",25797
17.8374856537033,16.5850759144507,1.35437652485235,1.0602235104067,5,3,"Q16853","AOC3","ENSG00000131471","ENSP00000312326",8639
15.9388587549443,17.233365265844,2.3086034453031,NA,2,1,"Q1KMD3","HNRNPUL2","ENSG00000214753","ENSP00000301785",221092
16.6720373212336,16.4212710905404,0.496217778120585,1.21090724804044,5,6,"Q2TV78","MST1L",NA,NA,NA
16.8294653092756,19.0289570439004,NA,1.6104358699797,1,2,"Q53RD9","FBLN7","ENSG00000144152","ENSP00000331411",129804
18.3293720730658,17.4599828977409,2.36246209648212,0.818576166360774,4,3,"Q5JU69","TOR2A","ENSG00000160404","ENSP00000338317",27433
17.2130126188762,18.1455867123689,0.577324995168165,0.46126060777913,2,2,"Q5T4S7","UBR4","ENSG00000127481","ENSP00000364373",23352
16.0618247278237,NA,1.00000275192364,NA,3,0,"Q5T749","KPRP","ENSG00000203786","ENSP00000475216",448834
15.7143841143044,16.682774488526,1.26789655232724,1.30522914268261,3,4,"Q5XKE5","KRT79","ENSG00000185640","ENSP00000328358",338785
17.1416782991818,16.4290204782304,0.928349323879822,0.807474562881527,6,5,"Q6E0U4","DMKN","ENSG00000161249","ENSP00000386225",93099
15.1625660865074,17.3129614723103,NA,1.24123175938617,1,3,"Q6EEV6","SUMO4","ENSG00000177688","ENSP00000318635",387082
17.8661003181999,17.4869519046837,0.886402371054326,0.594277196064356,6,6,"Q6EMK4","VASN","ENSG00000274334","ENSP00000481884",114990
17.5119066673098,18.282609907505,NA,0.535022834864235,1,2,"Q6NUJ1","PSAPL1","ENSG00000178597","ENSP00000317445",768239
16.8942434585322,16.9098570751657,0.637346316125351,0.30981520505996,2,2,"Q6P4E1","CASC4",NA,NA,NA
18.3101832471689,18.5349544817144,0.979270874248607,NA,4,1,"Q6PL18","ATAD2","ENSG00000156802","ENSP00000429331",29028
17.5019652577473,16.7326200052022,1.49139562938825,0.657640341689307,4,3,"Q6Q788","APOA5","ENSG00000110243","ENSP00000227665",116519
16.3788444155905,15.7697183608028,NA,1.44902172782099,1,4,"Q6UWP8","SBSN","ENSG00000189001","ENSP00000468646",374897
15.4669439720909,NA,1.81464307237996,NA,3,0,"Q6UX71","PLXDC2","ENSG00000120594","ENSP00000366450",84898
16.7877561005334,16.5700693649045,0.348778531907372,0.710740818903799,6,6,"Q6UXB8","PI16","ENSG00000164530","ENSP00000497550",221476
16.828767385561,17.6067538768296,0.561804954508447,0.904491462257689,5,3,"Q6UXH0","ANGPTL8","ENSG00000130173","ENSP00000479969",55908
15.0540697299909,14.0734659084929,1.43504476220651,1.92756587437279,5,5,"Q6UY14","ADAMTSL4","ENSG00000143382","ENSP00000358035",54507
17.1743034682288,16.5788403379278,2.0924841784271,1.42166975027085,6,2,"Q6WN34","CHRDL2","ENSG00000054938","ENSP00000432345",25884
16.7275974895612,NA,0.36180344133894,NA,3,0,"Q6YHK3","CD109","ENSG00000156535","ENSP00000287097",135228
16.1691880596568,15.6949309105667,0.346892373093509,0.398041273070886,3,2,"Q71U36","TUBA1A","ENSG00000167552","ENSP00000505459",7846
16.5016770959539,16.2676313158699,2.16619150236719,0.57532205832799,3,3,"Q76LX8","ADAMTS13","ENSG00000281244","ENSP00000486201",11093
18.4473864626163,18.7452664773323,0.671934925776648,0.342248059783915,3,3,"Q7Z5L0","VMO1","ENSG00000182853","ENSP00000328397",284013
20.4057311591411,20.2229072832864,0.986041737988632,0.333346026890251,6,6,"Q7Z794","KRT77","ENSG00000189182","ENSP00000342710",374454
15.4674428536411,15.6444066244186,0.725120974955614,1.13599948621153,6,6,"Q7Z7G0","ABI3BP","ENSG00000154175","ENSP00000420524",25890
16.656815362459,NA,0.927121842594048,NA,3,0,"Q7Z7M0","MEGF8","ENSG00000105429","ENSP00000334219",1954
22.8394295378775,22.7893651402263,0.796726468577899,0.691721736708347,6,6,"Q86SG6","NEK8","ENSG00000160602","ENSP00000467335",284086
17.1971376522836,16.9206284813575,0.528109641190607,0.528465387603182,6,6,"Q86SQ4","ADGRG6","ENSG00000112414","ENSP00000230173",57211
17.2440935938961,16.2118623702442,1.09264995508372,0.88043233072642,6,6,"Q86U17","SERPINA11","ENSG00000186910","ENSP00000335024",256394
17.0002913492389,14.8308764049494,0.504600103107711,2.28126879854703,3,3,"Q86UX7","FERMT3","ENSG00000149781","ENSP00000445778",83706
14.3903478367807,14.1733473995097,0.499054339554125,0.9027258759492,5,6,"Q86VB7","CD163","ENSG00000177575","ENSP00000352071",9332
18.0545871359649,19.9330504069044,NA,0.140837827881367,1,2,"Q86X29","LSR","ENSG00000105699","ENSP00000472569",51599
14.6441885824444,15.6996270042726,0.847277247926298,0.156112022713863,3,3,"Q86YW5","TREML1","ENSG00000161911","ENSP00000362219",340205
18.2044246759813,19.3903780271423,0.170251515603114,NA,2,1,"Q86YZ3","HRNR","ENSG00000197915","ENSP00000357791",388697
18.6557330447104,16.9798329052109,NA,0.296599328209696,1,2,"Q8IUL8","CILP2","ENSG00000160161","ENSP00000467413",148113
18.0752971673433,18.6786598927674,0.455412995813128,NA,3,1,"Q8IUX7","AEBP1","ENSG00000106624","ENSP00000223357",165
17.162746104934,17.8916077438059,0.751272770077258,NA,3,1,"Q8IWU5","SULF2","ENSG00000196562","ENSP00000353007",55959
23.3101748041364,23.4024173803662,0.734888314840915,1.07833388590349,4,5,"Q8IX30","SCUBE3","ENSG00000146197","ENSP00000274938",222663
15.7869332883825,16.3215807988321,1.83022877192844,0.751458589700938,5,3,"Q8IZ83","ALDH16A1","ENSG00000161618","ENSP00000445088",126133
15.59846180286,16.004057422992,0.526008909253616,0.885249843390514,3,3,"Q8IZF2","ADGRF5","ENSG00000069122","ENSP00000283296",221395
14.1518896947082,15.7882226939467,0.651680162550224,1.01154838365791,3,2,"Q8N1N4","KRT78","ENSG00000170423","ENSP00000352479",196374
18.1909517917454,16.2198143696378,0.0650358769815196,2.97245996429908,3,2,"Q8N2S1","LTBP4","ENSG00000090006","ENSP00000483230",8425
17.8373818806922,17.8733208840798,0.548481583320425,0.746811777325097,6,6,"Q8NBJ4","GOLM1","ENSG00000135052","ENSP00000373364",51280
15.8357374143827,16.1376329744519,NA,0.0765040969435846,1,3,"Q8NCC3","PLA2G15","ENSG00000103066","ENSP00000394197",23659
15.1597083586569,14.7729550008664,1.06961621650693,1.10712249363864,2,4,"Q8NDA2","HMCN2","ENSG00000148357","ENSP00000508292",256158
17.4383793424356,16.8865796035879,0.503350095669363,1.25347581753881,3,3,"Q8TDL5","BPIFB1","ENSG00000125999","ENSP00000390471",92747
15.6014857943928,17.3008597675277,2.26152162659225,1.42647858584372,5,6,"Q8TF30","WHAMM","ENSG00000156232","ENSP00000286760",123720
15.3764422909436,15.3490010994004,0.510775504908139,0.276930637803471,4,2,"Q8WUA8","TSKU","ENSG00000182704","ENSP00000435133",25987
17.2272103733931,18.3516825431684,0.441341557386321,NA,2,1,"Q8WUJ3","CEMIP","ENSG00000103888","ENSP00000220244",57214
15.0263126337878,15.8326334959542,1.59889832713183,0.969929380386737,6,5,"Q8WWU7","ITLN2","ENSG00000158764","ENSP00000357008",142683
15.7370257103359,16.1318270560343,0.659309425426191,0.860316607795232,6,3,"Q8WWZ8","OIT3","ENSG00000138315","ENSP00000333900",170392
16.3867188313441,16.4001748361489,1.1225081206773,1.79245486005533,6,6,"Q92496","CFHR4","ENSG00000134365","ENSP00000356386",10877
15.8687640586065,15.4540110276487,1.20881993496517,1.2947493107364,4,3,"Q92786","PROX1","ENSG00000117707","ENSP00000419517",5629
16.549304465992,16.4528180681351,1.22643226530559,0.939552750905881,6,6,"Q92820","GGH","ENSG00000137563","ENSP00000503731",8836
15.2719035631993,15.7048645495294,0.472464813050819,0.125422672214758,3,3,"Q92823","NRCAM","ENSG00000091129","ENSP00000368314",4897
17.4256045122277,17.9536497837048,0.250649490009025,0.37274439239513,5,4,"Q92859","NEO1","ENSG00000067141","ENSP00000341198",4756
15.9144034344164,16.1942836267566,0.89671878578426,1.07982581789234,4,5,"Q92954","PRG4","ENSG00000116690","ENSP00000431330",10216
19.6210758439968,NA,0.447774788368878,NA,3,0,"Q93077","HIST1H2AC",NA,NA,NA
17.2486420345161,NA,2.87965902414644,NA,3,0,"Q969J3","BORCS5","ENSG00000280689","ENSP00000486120",118426
16.2109040949838,16.1667161125753,0.592186098649003,NA,4,1,"Q96FJ2","DYNLL2","ENSG00000264364","ENSP00000477310",140735
15.0580441309685,16.8344170984656,NA,1.26841700245847,1,2,"Q96IU4","ABHD14B","ENSG00000114779","ENSP00000420065",84836
16.4431464369619,15.897314550434,1.2428453635419,1.24009880821305,6,6,"Q96IY4","CPB2","ENSG00000080618","ENSP00000181383",1361
18.8033243393286,18.4741430476116,0.737144064998384,0.530367615169284,6,6,"Q96KN2","CNDP1","ENSG00000150656","ENSP00000351682",84735
17.7267260629852,17.3646180082627,0.434063199167082,0.674583667838957,6,6,"Q96PD5","PGLYRP2","ENSG00000161031","ENSP00000292609",114770
16.8859836213557,16.9326761657025,0.778352871040922,1.4978343491168,5,3,"Q96RW7","HMCN1","ENSG00000143341","ENSP00000271588",83872
13.9542000469542,17.8917249950639,NA,0.355491714052074,1,2,"Q96S96","PEBP4","ENSG00000134020","ENSP00000256404",157310
17.8430655001791,16.5581091178395,0.503105461760768,0.052977531725818,4,2,"Q96SM3","CPXM1","ENSG00000088882","ENSP00000369979",56265
16.5410732275941,17.6690703311743,0.962805447768516,0.798366313672383,4,2,"Q99715","COL12A1","ENSG00000111799","ENSP00000399812",1303
17.6288839302852,17.8020560162597,0.785062045319534,0.285836150314766,6,6,"Q99784","OLFM1","ENSG00000130558","ENSP00000360864",10439
16.8597670351221,18.0714113480631,0.998242784217571,1.51660737650525,3,2,"Q99969","RARRES2","ENSG00000106538","ENSP00000223271",5919
16.8918013281514,15.7538576474099,1.16787704463845,1.80188847475578,2,2,"Q9BS26","ERP44","ENSG00000023318","ENSP00000262455",23071
16.8582926131512,16.2118461959743,0.768977435424495,1.2217921098242,2,3,"Q9BT78","COPS4","ENSG00000138663","ENSP00000425976",51138
17.3483338894595,17.5413072284463,1.34550235443402,0.642463708607951,6,6,"Q9BWP8","COLEC11","ENSG00000118004","ENSP00000236693",78989
15.2831369155467,17.4908949550146,NA,0.159992868797143,1,2,"Q9BXJ4","C1QTNF3","ENSG00000082196","ENSP00000371497",114899
19.4854222339711,18.6650938203257,0.862669460858788,0.954676353994987,6,6,"Q9BXR6","CFHR5","ENSG00000134389","ENSP00000256785",81494
16.1610353006754,16.944362803914,0.581249444497961,0.841805436402956,6,6,"Q9BY67","CADM1","ENSG00000182985","ENSP00000395359",23705
15.2291577350261,16.9197421701288,3.37410947676362,NA,2,1,"Q9BYJ0","FGFBP2","ENSG00000137441","ENSP00000259989",83888
17.0660251204041,17.1745763507455,1.04247259497903,0.496545301310754,3,3,"Q9H1B5","XYLT2","ENSG00000015532","ENSP00000017003",64132
18.6898184138296,15.3493228793567,4.95835526826907,NA,2,1,"Q9H1U4","MEGF9","ENSG00000106780","ENSP00000363040",1955
15.1880516725456,16.9850227022118,0.65141505120922,0.638224034200073,3,4,"Q9H299","SH3BGRL3","ENSG00000142669","ENSP00000270792",83442
18.0414745854165,17.5202487416856,1.35412233993225,0.421272188764674,3,2,"Q9H2M3","BHMT2","ENSG00000132840","ENSP00000255192",23743
15.958399694661,15.8545350527709,1.0314975473566,0.915569778546824,4,5,"Q9H4A9","DPEP2","ENSG00000167261","ENSP00000377430",64174
17.5625695505541,15.7034128855086,1.25434944486348,NA,2,1,"Q9H4G4","GLIPR2","ENSG00000122694","ENSP00000379857",152007
18.6973695720367,18.1673435005963,0.714982765495183,0.450019574245745,4,2,"Q9HBW9","ADGRL4","ENSG00000162618","ENSP00000383813",64123
17.6330439513776,16.7937701581957,1.00786016878699,0.963644077848879,2,2,"Q9HCU0","CD248","ENSG00000174807","ENSP00000308117",57124
16.8034231465619,15.4362071878016,1.05411618673501,0.441487671717007,6,5,"Q9HDC9","APMAP","ENSG00000101474","ENSP00000395874",57136
19.3958330407815,16.3517330531818,NA,1.81223107653783,1,4,"Q9NPG4","PCDH12","ENSG00000113555","ENSP00000231484",51294
15.5795674272713,15.2739087793787,0.500297928925367,0.684830384163884,6,6,"Q9NPH3","IL1RAP","ENSG00000196083","ENSP00000072516",3556
14.8104549633122,15.1158012562293,0.345046366780822,NA,2,1,"Q9NPR2","SEMA4B","ENSG00000185033","ENSP00000453272",10509
19.1353090821997,18.5679785726029,1.15214884407971,0.607021807474749,6,6,"Q9NQ79","CRTAC1","ENSG00000095713","ENSP00000408445",55118
18.251765518217,18.3090641130064,0.279753263689338,NA,2,1,"Q9NS15","LTBP3","ENSG00000168056","ENSP00000301873",4054
17.4648659162474,16.5995552519081,1.89194445787236,NA,2,1,"Q9NS69","TOMM22","ENSG00000100216","ENSP00000216034",56993
16.097826585001,15.9576219921266,0.557962676360062,0.877208248961437,6,6,"Q9NY97","B3GNT2","ENSG00000170340","ENSP00000305595",10678
16.8214287400122,15.544877893354,0.994488522981457,NA,5,1,"Q9NZK5","ADA2","ENSG00000093072","ENSP00000382731",51816
20.8974093059229,17.0289105841445,NA,0.250572891876931,1,2,"Q9NZN3","EHD3","ENSG00000013016","ENSP00000327116",30845
16.4657180807926,16.893342204118,1.35140719782335,1.17359993358826,6,6,"Q9NZP8","C1RL","ENSG00000288124","ENSP00000499811",51279
17.9442682958679,18.1500787973403,0.646666241698604,NA,2,1,"Q9P2T1","GMPR2","ENSG00000284752","ENSP00000494224",51292
16.7004014564466,16.3816816421904,0.344113855091791,0.418287014189969,2,2,"Q9UBS4","DNAJB11","ENSG00000090520","ENSP00000414398",51726
14.9755231990525,16.55861772211,0.758853617086352,0.62509502026102,2,4,"Q9UBW5","BIN2","ENSG00000110934","ENSP00000474972",51411
16.0464414609097,16.6991263978946,1.22186860424964,0.797951535555799,6,6,"Q9UGM5","FETUB","ENSG00000090512","ENSP00000396581",26998
18.5429085836759,18.9897239363339,2.34518296852036,0.104771018465692,3,3,"Q9UHG3","PCYOX1","ENSG00000116005","ENSP00000404327",51449
16.5847980765304,16.1399202646091,0.783271130110253,0.810376003603866,6,6,"Q9UJJ9","GNPTG","ENSG00000090581","ENSP00000434413",84572
15.2083927395901,14.693708713468,0.894034716701288,0.610158579488492,6,4,"Q9UK55","SERPINA10","ENSG00000278767","ENSP00000484632",51156
17.5779326911667,NA,2.03237555567486,NA,3,0,"Q9UKU6","TRHDE","ENSG00000072657","ENSP00000447822",29953
18.160691806168,20.6105535376155,0.619384627724358,0.414651465980071,2,2,"Q9UKZ9","PCOLCE2","ENSG00000163710","ENSP00000419643",26577
15.9377624548575,16.1204472961921,0.827418707486697,0.731273733001747,5,6,"Q9ULI3","HEG1","ENSG00000173706","ENSP00000311502",57493
16.8700695554867,14.9345101684688,2.77375637447318,0.821901146136567,2,4,"Q9UM47","NOTCH3","ENSG00000074181","ENSP00000263388",4854
16.0886061648336,16.1205042110033,1.44200706964564,1.17698676524758,3,3,"Q9UN70","PCDHGC3","ENSG00000240184","ENSP00000481219",5098
18.3500197128857,18.1173997193268,1.07516195971435,0.635344926889562,6,6,"Q9UNN8","PROCR","ENSG00000101000","ENSP00000216968",10544
16.0152184322479,16.213880137825,0.71539500291777,NA,3,1,"Q9UNW1","MINPP1","ENSG00000107789","ENSP00000361064",9562
16.0009534436987,16.1436312391647,0.114601785556871,0.474556356060827,2,4,"Q9Y251","HPSE","ENSG00000173083","ENSP00000308107",10855
15.9604437281073,17.4326433957254,NA,3.02751467459322,1,2,"Q9Y3I1","FBXO7","ENSG00000100225","ENSP00000266087",25793
15.0398443265717,16.7236590989376,0.451999765628477,1.3508865344669,6,6,"Q9Y490","TLN1","ENSG00000137076","ENSP00000316029",7094
18.3153224238329,17.9819594355086,0.365777682899013,0.865352133427385,6,6,"Q9Y4L1","HYOU1","ENSG00000280682","ENSP00000486825",10525
16.6972417112357,15.9082461529883,0.614844232179741,0.802993133888843,6,6,"Q9Y5C1","ANGPTL3","ENSG00000132855","ENSP00000360170",27329
17.5503981982178,17.3853469128598,1.08077831638567,0.832972945201226,6,6,"Q9Y6R7","FCGBP","ENSG00000281123","ENSP00000487490",8857
17.4254275934871,17.5354329539645,1.10072101575049,0.31415791427436,6,6,"P01892","HLA-A","ENSG00000227715","ENSP00000403922",3105
19.0447755849246,18.975403819259,0.632912947327917,0.824689938144315,6,6,"P0DOX2","---",NA,NA,NA
