"mean_covid","mean_healthy","sd_covid","sd_healthy","number_covid","number_healthy","uniprot","gene_name","gene_id","entrez_id","prot_id"
28.381149457451,27.5924288762963,1.02003688308868,0.641327001175626,102,27,"A0A075B6H9","IGLV4-69","ENSG00000211637",NA,"ENSP00000374817"
28.9091440903922,28.3804359125926,1.19907580989246,0.916136832076774,102,27,"A0A075B6I0","IGLV8-61","ENSG00000211638",NA,"ENSP00000374818"
24.1324737239216,24.3542427785185,2.80934427443705,3.28802333500946,102,27,"A0A075B6I4;A0A1W2PQ80","IGLV10-54","ENSG00000211642",NA,"ENSP00000374822"
24.8542753881373,24.8869225481481,1.78160333571163,1.33898932491864,102,27,"A0A075B6I9","IGLV7-46","ENSG00000211649",NA,"ENSP00000374830"
22.9047387873529,23.8506417051852,2.10890371368847,1.68858668186819,102,27,"A0A075B6J1","IGLV5-37","ENSG00000281471",NA,"ENSP00000487591"
25.7900817306863,25.9641990325926,1.15833445911262,1.13112324875671,102,27,"A0A075B6J9","IGLV2-18","ENSG00000211664",NA,"ENSP00000374845"
30.7171859494118,30.2440659222222,0.995761626176321,0.688018544000815,102,27,"A0A075B6K4","IGLV3-10","ENSG00000211669",NA,"ENSP00000374850"
30.3217935131373,30.2876198892593,0.736848467391821,0.747339133208679,102,27,"A0A075B6K5","IGLV3-9","ENSG00000211670",NA,"ENSP00000374851"
30.1753270973529,30.0394082581481,0.736570131625837,0.601370048239811,102,27,"A0A075B6P5;P01615","IGKV2D-28","ENSG00000242534",NA,"ENSP00000393492"
24.8867480393137,24.4347591485185,1.16489344419309,1.20578765576076,102,27,"A0A075B6Q5","IGHV3-64","ENSG00000274236",NA,"ENSP00000488676"
24.6517462064706,24.5842255233333,2.68957266785207,2.13991484911599,102,27,"A0A075B6S2;A0A0A0MRZ7","IGKV2D-29;IGKV2D-26",NA,NA,NA
26.6372186326471,26.4247450003704,0.781354001123263,0.625963807323621,102,27,"A0A075B6S5","IGKV1-27","ENSG00000282666",NA,"ENSP00000488456"
23.7028803855882,23.8631754407407,1.12662077243528,1.25656872795295,102,27,"A0A075B6S9","IGKV1D-37","ENSG00000250036",NA,"ENSP00000425962"
29.1206272616667,29.0797833481481,0.629985983600963,0.645060931015713,102,27,"A0A075B7B8","IGHV3OR16-12","ENSG00000270467",NA,"ENSP00000474013"
29.5964029054902,29.1208631444444,1.55404423774926,1.45635556523527,102,27,"A0A075B7D0","IGHV1OR15-1","ENSG00000270505",NA,"ENSP00000474284"
26.313323702451,26.3852839918519,0.784007902992891,0.897368268864983,102,27,"A0A087WSY4","IGHV4-31","ENSG00000231475",NA,"ENSP00000395656"
28.9524160535294,28.88531727,0.372611964571912,0.350112273468472,102,27,"A0A087WSY5;Q96IY4;Q96IY4-2","CPB2","ENSG00000080618",1361,"ENSP00000181383"
28.7703263087255,28.2350655125926,0.833386394364448,0.635119210143385,102,27,"A0A087WSY6","IGKV3D-15","ENSG00000224041",NA,"ENSP00000403672"
21.1238781953922,20.7526987722222,1.49754356160633,1.67118376192484,102,27,"A0A087WUL2;P49720;A0A087WXQ8;A0A087WY10","PSMB3","ENSG00000275903",5691,"ENSP00000483956"
21.3073115517647,21.196559327037,1.9194821452139,3.00531883500414,102,27,"A0A087WYS1;E7EUC7;Q16851-2;Q16851;C9JNZ1","UGP2","ENSG00000169764",7360,"ENSP00000418619"
22.0488551306863,21.7497290422222,1.93845127671018,2.3031335438609,102,27,"A0A087WZB5;Q9HBI1-3;Q9HBI1;Q9HBI1-2","PARVB","ENSG00000188677",29780,"ENSP00000384515"
21.1596865939216,21.1506928855556,1.50308639224492,1.56227246426192,102,27,"A0A087X054;A0A494C039;Q9Y4L1","HYOU1","ENSG00000280682",10525,"ENSP00000486825"
22.2721199942157,23.0608021307407,1.34720661211859,0.669173181178362,102,27,"A0A087X0M8;O00533;O00533-2","CHL1","ENSG00000134121",10752,"ENSP00000256509"
31.935333920098,31.9671918559259,0.558220469282588,0.463097350554707,102,27,"A0A087X0Q4;A0A087WW87;P01614","IGKV2-40","ENSG00000282182",NA,"ENSP00000488763"
21.3102579101961,20.716531662963,1.62491923135107,1.99551968308672,102,27,"A0A087X0S5;P12109","COL6A1","ENSG00000142156",1291,"ENSP00000355180"
29.1366467812745,28.8687341037037,0.541575339378692,0.525975281508771,102,27,"A0A087X1J7;P22352","GPX3","ENSG00000211445",2878,"ENSP00000373477"
30.950072884902,30.9267187714815,0.663870304561173,0.666555199535998,102,27,"A0A096LPE2;A0A3B3ISW8;E9PR14;G3V1D9;P0DJI9-2;P35542","SAA2-SAA4;SAA2;SAA4",NA,NA,NA
29.5048741289216,29.214893607037,0.396302400343474,0.556212082794324,102,27,"A0A0A0MRJ7;P12259","F5","ENSG00000198734",2153,"ENSP00000356771"
27.1185002222549,27.1088403511111,2.89397429548458,2.6116076501962,102,27,"A0A0A0MS09;P01880;P01880-2","IGHD","ENSG00000278801",NA,"ENSP00000488303"
24.3282529394118,24.2311863281481,0.904174039357506,0.621848802212882,102,27,"A0A0A0MS14","IGHV1-45","ENSG00000282776",NA,"ENSP00000488436"
29.0683218360784,28.6437597496296,0.926230888829541,0.775560301485051,102,27,"A0A0A0MS15","IGHV3-49","ENSG00000275316",NA,"ENSP00000488069"
24.5423726930392,24.8171157085185,0.626936194262418,0.633335161439663,102,27,"A0A0A0MSA9;A0A0C4DG49;P15151-3;P15151-2;P15151-4;P15151","PVR","ENSG00000073008",5817,"ENSP00000402060"
23.0298909035294,23.3599901981481,1.89784364776703,1.56063050127084,102,27,"A0A0A0MSI0;Q06830","PRDX1","ENSG00000117450",5052,"ENSP00000407034"
25.9484097444118,25.6374964444444,1.1281792208137,1.05207245739877,102,27,"A0A0A0MT36","IGKV6D-21","ENSG00000225523",NA,"ENSP00000413304"
23.2608066992157,22.6180141025926,1.99739853101585,2.14571484532557,102,27,"A0A0A0MTH3;Q13418;Q13418-2;Q13418-3","ILK","ENSG00000166333",3611,"ENSP00000434492"
24.9301282239216,25.1547442892593,1.63916536855742,1.30034780102098,102,27,"A0A0B4J1U3","IGLV1-36","ENSG00000273737",NA,"ENSP00000479309"
29.3370048166667,29.3549747096296,0.833713478589631,0.881795654144726,102,27,"A0A0B4J1U7","IGHV6-1","ENSG00000282745",NA,"ENSP00000488134"
28.2467632142157,27.6794472996296,0.980580657744962,0.624058677457131,102,27,"A0A0B4J1V0","IGHV3-15","ENSG00000282290",NA,"ENSP00000488894"
24.6155673946078,22.8079149914815,1.52096514922581,2.21780725081125,102,27,"A0A0B4J1V1","IGHV3-21","ENSG00000282281",NA,"ENSP00000487805"
27.6562908688235,27.6661471781481,0.942481464591845,0.947989813490913,102,27,"A0A0B4J1V2","IGHV2-26","ENSG00000282344",NA,"ENSP00000487857"
27.4128243760784,27.1063087637037,0.995395072594619,0.695713398120754,102,27,"A0A0B4J1V6","IGHV3-73","ENSG00000273539",NA,"ENSP00000488432"
21.6616669738235,21.417048932963,1.64074339202187,2.1330042473508,102,27,"A0A0B4J1V7","IGHV7-81","ENSG00000211979",NA,"ENSP00000375048"
28.6085715582353,28.3070313118519,0.681019464667235,0.611375959310841,102,27,"A0A0B4J1X5","IGHV3-74","ENSG00000282305",NA,"ENSP00000488600"
25.7379554035294,25.6249365181481,1.25625107425926,1.07884564271947,102,27,"A0A0B4J1X8","IGHV3-43","ENSG00000282151",NA,"ENSP00000487611"
25.6493815397059,25.2367429003704,2.3327632177641,2.37305566213662,102,27,"A0A0B4J1Y8","IGLV9-49","ENSG00000223350",NA,"ENSP00000414456"
30.4476617104902,30.5183463333333,0.515961120385469,0.647381075574249,102,27,"A0A0B4J1Y9","IGHV3-72","ENSG00000278042",NA,"ENSP00000488019"
35.101949395098,35.16699068,0.451886824878514,0.449294352325712,102,27,"A0A0B4J231;B9A064;P0CG04","IGLL5;IGLC1",NA,NA,NA
24.6195630484314,24.0025326007407,2.30219229498508,1.61420032392714,102,27,"A0A0B4J2H0","IGHV1-69-2","ENSG00000275148",NA,"ENSP00000479304"
21.8942919785294,24.2170054181481,1.91990647493282,1.44270300302529,102,27,"A0A0C4DFP6;Q9NQ79-2;Q9NQ79;Q9NQ79-3;Q5T4F6","CRTAC1","ENSG00000095713",55118,"ENSP00000408445"
25.5755775946078,25.4052844362963,0.568531148039805,0.485465405125383,102,27,"A0A0C4DGZ8;P07359","GP1BA","ENSG00000185245",2811,"ENSP00000329380"
23.2794738883333,23.8901172203704,2.50456743279946,2.28141704210782,102,27,"A0A0C4DH24","IGKV6-21","ENSG00000282210",NA,"ENSP00000488349"
28.4892198555882,28.2695530874074,0.891705794528514,0.637623260427816,102,27,"A0A0C4DH25","IGKV3D-20","ENSG00000211625",NA,"ENSP00000374805"
29.8861875190196,29.44455537,0.963121602802577,0.859016955254718,102,27,"A0A0C4DH29","IGHV1-3","ENSG00000282213",NA,"ENSP00000487722"
28.3552922822549,27.7817723074074,0.912802685512928,0.738832216492446,102,27,"A0A0C4DH31","IGHV1-18","ENSG00000282716",NA,"ENSP00000488395"
24.6013688448039,22.822684322963,1.7708685123415,2.43636044440276,102,27,"A0A0C4DH32","IGHV3-20","ENSG00000282476",NA,"ENSP00000488747"
27.4403108339216,26.1694534718519,1.55475355275441,1.17207745762939,102,27,"A0A0C4DH33","IGHV1-24","ENSG00000282284",NA,"ENSP00000488412"
28.8539512764706,28.5468271666667,0.832959171380299,0.762043689790182,102,27,"A0A0C4DH34","IGHV4-28","ENSG00000282726",NA,"ENSP00000488402"
26.9026101811765,26.993150302963,0.742920277746487,0.591771357907829,102,27,"A0A0C4DH36","IGHV3-38","ENSG00000282425",NA,"ENSP00000487804"
28.1478267273529,27.9677497388889,0.809465674503697,0.695193564796978,102,27,"A0A0C4DH38","IGHV5-51","ENSG00000277574",NA,"ENSP00000483207"
30.5910454742157,30.1187731325926,0.667719363800151,0.553132714742679,102,27,"A0A0C4DH41;P01825;P0DP06;A0A0J9YWU9","IGHV4-61","ENSG00000282451",NA,"ENSP00000487694"
28.6664695294118,27.6002266377778,1.46300918100811,2.34860617562968,102,27,"A0A0C4DH43;A0A0J9YVU5",NA,NA,NA,NA
28.7024987081373,28.6811204062963,0.7320789105385,0.612993320441447,102,27,"A0A0C4DH67;A0A0C4DH69","IGKV1-8;IGKV1-9",NA,NA,NA
29.2911351919608,29.4190216581482,0.863441168133058,0.67627248886259,102,27,"A0A0C4DH68;A0A075B6R9","IGKV2-24;IGKV2D-24",NA,NA,NA
26.5532811628431,26.2181723096296,1.0036699079154,0.81213866640318,102,27,"A0A0C4DH73;P01611","IGKV1-12","ENSG00000282694",NA,"ENSP00000488148"
22.3567452412745,21.1113048855556,1.54838279281572,1.89930742071627,102,27,"A0A0G2JIW1;P0DMV9;P0DMV8;P0DMV8-2;V9GZ37","HSPA1B;HSPA1A",NA,NA,NA
22.5943341004902,21.7561325325926,2.69784398398234,3.14828754969114,102,27,"A0A0G2JPR0;A0A140TA49",NA,NA,NA,NA
23.0227655515686,22.9428193492593,1.03719572409957,0.868545728681674,102,27,"A0A0G2JQJ0;A0A087WSZ0","IGKV1D-8","ENSG00000281078",NA,"ENSP00000485892"
29.125639619902,28.7105413333333,0.863450418101987,0.861032751329919,102,27,"A0A0G2JRQ6",NA,NA,NA,NA
26.8154694826471,26.5991354674074,0.920170499474162,1.01940853837385,102,27,"A0A0G2JSC0;A0A087WSX0","IGLV5-45","ENSG00000281145",NA,"ENSP00000487513"
27.6674150677451,27.8164427881481,0.821564368192307,0.621048160793923,102,27,"A0A0J9YX35","IGHV3-64D","ENSG00000282639",NA,"ENSP00000488230"
24.243926095,23.7785314151852,1.15974740749566,2.05429070406647,102,27,"A0A0J9YXC7;P48059;P48059-4;P48059-2;P48059-5;P48059-3","LIMS1","ENSG00000169756",3987,"ENSP00000437912"
28.8150180677451,29.206050607037,1.21965283057047,1.20544702792313,102,27,"A0A0J9YXX1","IGHV5-10-1","ENSG00000282651",NA,"ENSP00000488144"
26.2496641637255,25.6264400677778,2.18887520524527,1.6331918265522,102,27,"A0A0J9YY99",NA,NA,NA,NA
23.2074907220588,23.2965109066667,1.49606809034414,1.85784980815721,102,27,"A0A1B0GV23;A0A1B0GVD5;A0A1B0GWE8;A0A1B0GU92;A0A1B0GU03;P07339;A0A1B0GW44;A0A1B0GVP3;F8WD96;C9JH19;F8W787;H7C469","CTSD","ENSG00000117984",1509,"ENSP00000490344"
33.9067149713726,34.2593190855556,1.11719935773832,0.937184023225558,102,27,"A0A286YFJ8;P01861","IGHG4","ENSG00000277016",NA,"ENSP00000483393"
30.033662709902,30.0651732966667,0.840017940718471,0.656470305700908,102,27,"A0A2Q2TTZ9;P01594;P01593",NA,NA,NA,NA
26.8472292735294,26.9200307477778,0.807773182685277,0.702552979206374,102,27,"A0A3B3IQ51;P36980;V9GYE7;P36980-2;A0A3B3ISW6;A0A3B3IS00;A0A3B3IRW0","CFHR2","ENSG00000080910",3080,"ENSP00000356385"
31.1840189342157,31.2478512548148,0.345325837572112,0.249887593968865,102,27,"A0A3B3ISJ1;A0A0S2Z4L3;P07225;G5E9F8;A0A3B3IRK9","PROS1","ENSG00000184500",5627,"ENSP00000377783"
31.5006657055882,31.6104066159259,0.345915192236,0.245179216428717,102,27,"A0A3B3ISR2;B4DPQ0;P00736;F5H2D0;A0A3B3ITU4","C1R","ENSG00000288512",715,"ENSP00000500036"
23.0316627360784,23.9740298266667,1.71568842516305,1.17126956990026,102,27,"A0A3B3ISX9;A0A140TA52;P22105-4;P22105;P22105-1;A0A140TA33;A0A140T9C0;A0A140T902;A0A140TA41;A0A140T8Y3;A0A087X0I0;A0A140T9L7;P22105-2","TNXB","ENSG00000229341",7148,"ENSP00000389677"
26.8467770590196,27.7473516440741,2.46490811132815,1.5172523300349,102,27,"A0M8Q6","IGLC7","ENSG00000211685",NA,"ENSP00000374859"
29.1500802036275,28.8684510314815,1.50870046800032,0.970120398098182,102,27,"A2NJV5","IGKV A18",NA,NA,NA
23.4400733381373,21.9062717062963,2.95611508262975,2.81862785197671,102,27,"A6NMY6;H0YKZ7;H0YLV6;H0YMT9;H0YKX9;H0YMW4;H0YMM1;H0YNP5;H0YKS4;H0YMD0;H0YMU9;H0YM50;H0YN42;P07355;P07355-2","ANXA2P2;ANXA2",NA,NA,NA
23.5342346911765,24.0479816718519,2.44426620981089,2.46524617410931,102,27,"A6XMV8;A0A0J9YYC8;A6XMV9;P07478","PRSS2","ENSG00000282049",5645,"ENSP00000487952"
25.0601666090196,25.8399531351852,1.15085218368031,0.91503675144967,102,27,"A6XND1;A6XND0;P17936;P17936-2;H0Y5K2;B3KWK7;H0Y485;C9JMX4","IGFBP3","ENSG00000146674",3486,"ENSP00000477772"
31.528097500098,31.7744460477778,0.816642847709125,0.645454916390642,102,27,"B0YIW2;P02656","APOC3","ENSG00000110245",345,"ENSP00000410614"
21.5184127938235,22.3537035785185,1.64878570791281,1.24643396339444,102,27,"B1ALD9;Q15063-4;Q15063-3;Q15063-7;Q15063-2;Q15063-5;Q15063;Q15063-6;CON__Q2KJC7","POSTN","ENSG00000133110",10631,"ENSP00000369073"
27.294473934902,27.27160933,3.25457972295164,3.31172195220701,102,27,"B4DXW1;P61158","ACTR3","ENSG00000115091",10096,"ENSP00000263238"
34.7441765396078,34.5091199188889,0.329253800495686,0.281784345949565,102,27,"B4E1Z4;P00751","CFB","ENSG00000242335",629,"ENSP00000391902"
21.3045558491176,21.0860730148148,1.88609887246046,1.53527585960148,102,27,"B5MC82;P30046-2;P30046;A6NHG4;J3KQ18","DDT;DDTL",NA,NA,NA
21.7294861186275,21.1193394311111,1.66413230097201,1.91786758051499,102,27,"C9JD84;E7EV71;Q14766-3;Q14766-2;Q14766-5;Q14766;Q14766-4","LTBP1","ENSG00000049323",4052,"ENSP00000386043"
31.6305605358824,32.2446421574074,0.641634473515468,0.548983033385356,102,27,"C9JF17;P05090","APOD","ENSG00000189058",347,"ENSP00000345179"
22.5107112497059,23.1505855514815,0.964678119008874,0.736981684173678,102,27,"C9JT10;A0A494BZW8;E7ERD7;Q9UKU0-7;A0A494C1I9;C9J8C7;A0A494C0J9;C9JPA5;A0A494C0B6;C9J3Z0;C9JK59;C9J4I1;Q9UKU0-5;Q9UKU0;Q9UKU0-3;Q9UKU0-6;Q9UKU0-2","ACSL6","ENSG00000164398",23305,"ENSP00000498260"
31.2303461331373,31.2185415762963,0.458373787528887,0.379211496199682,102,27,"D6R934;P02746;A0A0A0MSV6","C1QB","ENSG00000173369",713,"ENSP00000426317"
24.7609587472549,22.7124565325926,1.4196670089127,1.62546706612937,102,27,"D6W5L6;P07988;H0Y7V6","SFTPB","ENSG00000168878",6439,"ENSP00000428719"
26.6297885184314,26.6708151774074,0.425352783403487,0.438562421236103,102,27,"E7END6;P04070;P04070-2;H7BYX9","PROC","ENSG00000115718",5624,"ENSP00000392606"
23.3548285627451,23.1904050411111,1.58859244571877,1.83662590073726,102,27,"E7ENL6;P12111-4;P12111-2;P12111;P12111-3;P12111-5","COL6A3","ENSG00000163359",1293,"ENSP00000295550"
22.3572574118627,22.8680471203704,2.85362220091383,3.4856768026182,102,27,"E7ER44;P02788;E7EQB2;P02788-2","LTF","ENSG00000012223",4057,"ENSP00000231751"
21.08447595,22.3086293803704,1.67629596394668,1.85620271151535,102,27,"E7ES19;P35443","THBS4","ENSG00000113296",7060,"ENSP00000339730"
25.9382586022549,25.6518966688889,0.977995168036274,0.374894006181021,102,27,"E7ETN3",NA,NA,NA,NA
22.358107657549,22.6417657581481,1.6645597915151,1.97810482113106,102,27,"E7EUF1;Q13822;Q13822-3;Q13822-2;E5RIA2","ENPP2","ENSG00000136960",5168,"ENSP00000259486"
23.1765956786275,23.8276006933333,1.09543469137452,1.29819580811483,102,27,"E7EX60;Q5T7F0;E9PEP6;O14786-3;O14786-2;O14786;Q5JWQ4;Q5JWQ6","NRP1","ENSG00000099250",8829,"ENSP00000364009"
22.5363799428431,23.7771339188889,1.27463702206271,0.833094115567676,102,27,"E9PEK4;P07333;P07333-2","CSF1R","ENSG00000182578",1436,"ENSP00000422212"
22.0286283088235,21.5503656437037,1.71524516896208,2.11308270857833,102,27,"E9PF17;P13611-4;P13611-3;P13611-2;P13611-5;P13611;Q86W61;D6RGZ6","VCAN","ENSG00000038427",1462,"ENSP00000265077"
27.5287950896078,28.1363430555556,0.51158532588681,0.492986015966789,102,27,"E9PHK0;P05452","CLEC3B","ENSG00000163815",7123,"ENSP00000296130"
21.4317620940196,21.0017425140741,1.88612769340046,2.03014142634688,102,27,"E9PNW4;A0A2U3TZL5;P13987;P13987-2","CD59","ENSG00000085063",966,"ENSP00000494884"
22.6902839308824,22.8472773411111,2.05850423612134,2.34696861024423,102,27,"F5GZZ9;Q86VB7-3;Q86VB7;Q86VB7-2;C9JHR8;Q86VB7-4","CD163","ENSG00000177575",9332,"ENSP00000352071"
24.4377382647059,23.8856498174074,1.20292359018642,1.34897664846589,102,27,"F5H8B0;P08709-2;P08709","F7","ENSG00000057593",2155,"ENSP00000329546"
21.4547967007843,20.4712890359259,1.28341561334407,1.43165701342502,102,27,"F8VUW4;O60486","PLXNC1","ENSG00000136040",10154,"ENSP00000258526"
21.9895554594118,20.6561025681481,2.57272081699276,1.46893505366267,102,27,"F8VZ49;F8W6I7;P09651-3;P09651-2;P09651;F8W646;Q32P51;A0A2R8Y4L2","HNRNPA1;HNRNPA1L2",NA,NA,NA
23.3764408676471,22.8380155848148,1.84298739705628,2.26582340748656,102,27,"F8W0J6;P55209;P55209-2;P55209-3;H0YIV4;B7Z9C2;F8VV59;F5H4R6;F8VY35;F8VUX1;F8VXI6;F8W118;F8W020;H0YHC3;H0YH88;F8W543;F8VRJ2","NAP1L1","ENSG00000187109",4673,"ENSP00000477538"
25.4689624395098,25.3491440896296,1.21121003313519,1.4011698689769,102,27,"F8W1R7;J3KND3;G8JLA2;G3V1V0;B7Z6Z4;P60660-2;P60660;F8VPF3;G3V1Y7;F8VZU9;F8W180","MYL6","ENSG00000092841",4637,"ENSP00000446640"
25.878826250098,25.2446689081481,2.82024128508209,3.64885948071418,102,27,"F8WE88;A0A087WY00;G3V394;F8W6H6;Q9Y4I1-2;Q9Y4I1;Q9Y4I1-3","MYO5A","ENSG00000197535",4644,"ENSP00000382177"
28.4536531548039,28.3877176474074,0.485546876244133,0.462722598639432,102,27,"G3V2W1;Q9UK55","SERPINA10","ENSG00000278767",51156,"ENSP00000484632"
22.3481498481373,21.5781812774074,1.46256193400252,1.77824562421383,102,27,"G3V3U4;G3V3I1;G3V295;G3V5Z7;P60900;G3V4S5;G3V2S7;P60900-2","PSMA6","ENSG00000100902",5687,"ENSP00000444844"
23.421587895,22.8344343448148,1.40442020183186,1.97943336523765,102,27,"G3V4U0;Q9UBX5;G3XA98","FBLN5","ENSG00000140092",10516,"ENSP00000345008"
27.2896523271569,27.1397967581481,0.615214180704648,0.417982691866957,102,27,"G3XAK1;P26927","MST1","ENSG00000173531",4485,"ENSP00000394756"
31.3565360246078,31.1529419418519,0.248232135927222,0.306315011944152,102,27,"G3XAM2;E7ETH0;P05156;A0A2R8Y3M9;A0A087X0I2","CFI","ENSG00000205403",3426,"ENSP00000378130"
23.5557981436275,25.1995957844444,1.77020011577427,1.10865207112249,102,27,"G3XAP6;P49747;P49747-2;CON__ENSEMBL:ENSBTAP00000006074","COMP","ENSG00000105664",1311,"ENSP00000439156"
25.9037283073529,26.0076980322222,0.614707924784536,0.62488593019757,102,27,"H0Y755;M9MML0;P08637","FCGR3A","ENSG00000203747",2214,"ENSP00000392047"
31.1727037889216,31.3759782992593,0.378645667606827,0.423260368910411,102,27,"H0YAC1;P03952;E9PBC5","KLKB1","ENSG00000164344",3818,"ENSP00000426629"
24.215913077451,23.969883447037,2.77823400250438,3.22654644505076,102,27,"H3BRU6;F8VZX2;Q15366-7;Q15366-8;Q15366-4;Q15366-5;Q15366-6;Q15366-3;Q15366;Q15366-2;H3BSS4","PCBP2","ENSG00000197111",5094,"ENSP00000352228"
26.3622837621569,26.1330749748148,2.09441743145311,2.4133038049374,102,27,"H7BXV5;P39060-2;P39060-1;P39060;H7C457","COL18A1","ENSG00000182871",80781,"ENSP00000498485"
23.0245874493137,23.4864831592593,1.49458319809199,0.687497767033095,102,27,"J3KNB4;P49913","CAMP","ENSG00000164047",820,"ENSP00000296435"
22.8339335514706,23.8181292833333,1.0281773165902,0.765023291489373,102,27,"J3KPA1;P54108;P54108-2;P54108-3;I3L0A1","CRISP3","ENSG00000096006",10321,"ENSP00000263045"
23.5036161897059,23.4080952788889,0.501629668177967,0.531092355246007,102,27,"J3QQR8;J3QQX6;J3QRQ1;J3QRT5;P13598;J3QKR4","ICAM2","ENSG00000108622",3384,"ENSP00000463199"
23.2728614854902,22.5699242440741,2.04167590998939,2.3649745743868,102,27,"J3QRS3;P19105;O14950;J3KTJ1","MYL12A;MYL12B",NA,NA,NA
28.0358688789216,28.2685564851852,0.916347951804883,0.564095294121909,102,27,"K7ER74;A0A024R0T9;P02655;Q6P163;V9GYJ8","APOC4-APOC2;APOC2",NA,NA,NA
28.1009601077451,28.5200221592593,0.864812849718097,0.728245734785077,102,27,"K7ERG9;P00746","CFD","ENSG00000274619",1675,"ENSP00000478745"
24.0245402758824,23.6639745581481,1.84527083112995,1.843672973274,102,27,"O00151","PDLIM1","ENSG00000107438",9124,"ENSP00000360305"
25.9770139677451,25.1847200225926,0.745299761456824,1.03916016360134,102,27,"O00187","MASP2","ENSG00000009724",10747,"ENSP00000383690"
21.8093432617647,21.4242854485185,1.49347860199562,1.36576853541681,102,27,"O00194","RAB27B","ENSG00000041353",5874,"ENSP00000468542"
23.117119045098,22.7231302207407,1.41871376141859,1.85076163568149,102,27,"O00299","CLIC1","ENSG00000226651",1192,"ENSP00000406335"
27.4438766356863,27.6905471296296,0.463861556796909,0.516669789822811,102,27,"O00391;O00391-2","QSOX1","ENSG00000116260",5768,"ENSP00000356574"
31.9484956846078,32.0100721477778,0.616521573850398,0.527491933056426,102,27,"O14791;O14791-2;O14791-3","APOL1","ENSG00000100342",8542,"ENSP00000411507"
21.786936767549,21.8562784333333,1.81724813371043,1.54091311380525,102,27,"O19617;A0A140T921;A0A140T9H5;A0A140T9U8;A2AEA2;P10321;A0A1W2PRU9","HLA-C","ENSG00000206435",3107,"ENSP00000372979"
30.9270389276471,30.5212936422222,0.933429433659166,0.725290549835263,102,27,"O43866","CD5L","ENSG00000073754",922,"ENSP00000357156"
24.8589392793137,24.3469606518519,1.72919119851708,2.00471859276296,102,27,"O75083;D6RD66;O75083-3","WDR1","ENSG00000071127",9948,"ENSP00000427687"
25.2839641385294,24.8966470240741,0.703391322216445,0.809221339947673,102,27,"O75460","ERN1","ENSG00000178607",2081,"ENSP00000506094"
29.6923377018627,29.3018227237037,1.03143462614569,0.610132065454872,102,27,"O75636;O75636-2","FCN3","ENSG00000142748",8547,"ENSP00000270879"
21.3673827119608,21.5824187437037,2.39295840397279,3.19229777105991,102,27,"O75874","IDH1","ENSG00000138413",3417,"ENSP00000260985"
29.7168731689216,30.2636963111111,0.324436050037119,0.352300745872836,102,27,"O75882-2;O75882-3;O75882","ATRN","ENSG00000088812",8455,"ENSP00000262919"
28.5243801959804,28.8831241514815,0.688265051446569,0.662303225762712,102,27,"O95445;O95445-2;Q5SRP5","APOM","ENSG00000235754",55937,"ENSP00000397018"
22.5030991913725,23.749369817037,1.86381219600779,1.34819951900935,102,27,"O95497","VNN1","ENSG00000112299",8876,"ENSP00000356905"
23.7947738289216,23.3801204018519,1.82723836739675,2.13300180627328,102,27,"O95810","SDPR",NA,NA,NA
22.9486655123529,22.2599494596296,2.44336926146579,2.54094841871345,102,27,"O95831-4;O95831;O95831-6;O95831-3","AIFM1","ENSG00000156709",9131,"ENSP00000502606"
21.7834755858824,22.1194640981481,1.40423486941949,1.11912867521437,102,27,"P00390-5;P00390-4;P00390-2;P00390-3;P00390","GSR","ENSG00000104687",2936,"ENSP00000221130"
23.4388249402941,23.2475852148148,1.80163834560635,2.24375563960262,102,27,"P00441;H7BYH4","SOD1","ENSG00000142168",6647,"ENSP00000374645"
35.4529719107843,35.5165491822222,0.281790787228806,0.329923571125974,102,27,"P00450","CP","ENSG00000047457",1356,"ENSP00000418773"
28.9395871130392,29.1463488622222,0.484733407362128,0.49938867736559,102,27,"P00488","F13A1","ENSG00000124491",2162,"ENSP00000264870"
22.5808949909804,21.6423664359259,1.72830526034231,2.25910749910297,102,27,"P00491;G3V5M2","PNP","ENSG00000198805",4860,"ENSP00000450663"
23.9792562528431,23.6629049377778,1.58532039219864,1.64797335584233,102,27,"P00558;P00558-2","PGK1","ENSG00000102144",5230,"ENSP00000496140"
33.3294330841176,33.218475372963,0.279820735198202,0.318877996210903,102,27,"P00734;E9PIT3","F2","ENSG00000180210",2147,"ENSP00000308541"
30.7276614470588,30.7118018566667,0.978725095567004,0.580909328242188,102,27,"P00739;P00739-2;A0A0A0MRD9","HPR","ENSG00000261701",3250,"ENSP00000497360"
29.1792423637255,29.1000378659259,0.33271124720688,0.388653828752621,102,27,"P00740;P00740-2","F9","ENSG00000101981",2158,"ENSP00000218099"
28.6348259617647,28.3519666837037,0.322017125924761,0.357253202716901,102,27,"P00742","F10","ENSG00000126218",2159,"ENSP00000387092"
33.8962093114706,33.6901069381481,0.315544262462048,0.378707834380119,102,27,"P00747","PLG","ENSG00000122194",5340,"ENSP00000355891"
30.6326867509804,30.7294647544444,0.679444305114005,0.452062384042343,102,27,"P00748","F12","ENSG00000131187",2161,"ENSP00000253496"
27.8722268767647,28.0795858955556,1.15182005521205,1.04802671692192,102,27,"P00915;E5RHP7;E5RH81;E5RIF9;E5RG43;E5RFE7;E5RFL2","CA1","ENSG00000133742",759,"ENSP00000430656"
24.1783121470588,24.1930419503704,1.91219025788289,2.32257252897651,102,27,"P00918","CA2","ENSG00000104267",760,"ENSP00000285379"
24.0148579391176,24.8347870681481,4.53406320628211,4.4060911196922,102,27,"P00966;Q5T6L6","ASS1","ENSG00000130707",445,"ENSP00000253004"
33.8776876752941,34.0708788559259,0.306791748993419,0.264917660583801,102,27,"P01008","SERPINC1","ENSG00000117601",462,"ENSP00000356671"
32.8340551893137,32.4419965025926,0.618782853446302,0.527466249045495,102,27,"P01019","AGT","ENSG00000135744",183,"ENSP00000506329"
37.1235236877451,37.4912832059259,0.490469661868104,0.431951995011724,102,27,"P01023","A2M","ENSG00000175899",2,"ENSP00000323929"
33.3410474589216,33.2533174092593,0.34193402305755,0.286775206727129,102,27,"P01031","C5","ENSG00000106804",727,"ENSP00000223642"
27.0669189831373,27.4999709066667,1.0031668659873,0.689786417934981,102,27,"P01034","CST3","ENSG00000101439",1471,"ENSP00000381448"
27.2772293970588,27.252184237037,2.02689610262857,1.69791421105084,102,27,"P01344-3;P01344;P01344-2","IGF2","ENSG00000167244",3481,"ENSP00000370802"
30.4913118426471,29.9996987174074,1.14968783148307,0.645509095628211,102,27,"P01591;D6RD17;D6RHJ6","IGJ;JCHAIN",NA,NA,NA
28.5346356770588,28.4423590174074,0.830163036225045,0.694918117222908,102,27,"P01599","IGKV1-17","ENSG00000281978",NA,"ENSP00000488092"
25.0352850487255,25.1387685892593,1.05360237981208,0.980318646459272,102,27,"P01601","IGKV1D-16","ENSG00000241244",NA,"ENSP00000418200"
30.0632061965686,29.94200777,0.723516324374414,0.757557440547271,102,27,"P01602","IGKV1-5","ENSG00000282801",NA,"ENSP00000488639"
32.7866835892157,32.4829251855556,0.605123171977321,0.504280548669513,102,27,"P01619","IGKV3-20","ENSG00000282402",NA,"ENSP00000487628"
30.9545962435294,30.7217677088889,0.668307390075593,0.631052472147476,102,27,"P01624;A0A0C4DH55;A0A0C4DH90","IGKV3D-7;IGKV3OR2-268",NA,NA,NA
26.3768062604902,25.3214668007407,1.76349167116513,1.37621998572309,102,27,"P01699","IGLV1-44","ENSG00000274854",NA,"ENSP00000485735"
30.5649031869608,29.89250946,0.883490214544093,0.74826335582202,102,27,"P01700","IGLV1-47","ENSG00000211648",NA,"ENSP00000374829"
30.4614594332353,30.0992566948148,0.750531589042776,0.578196389480765,102,27,"P01701","IGLV1-51","ENSG00000211644",NA,"ENSP00000374825"
28.9040294420588,28.31128936,1.00400783633955,0.588855506314413,102,27,"P01703","IGLV1-40","ENSG00000274575",NA,"ENSP00000479659"
30.3353228219608,29.9091044425926,0.850320076029434,0.723268571980784,102,27,"P01706","IGLV2-11","ENSG00000211668",NA,"ENSP00000374849"
30.3941008420588,29.7463747774074,1.07022419656519,0.787974437557771,102,27,"P01714","IGLV3-19","ENSG00000211663",NA,"ENSP00000374844"
27.4778967537255,25.43191587,1.85356542035928,1.05301077487017,102,27,"P01715","IGLV3-1","ENSG00000211673",NA,"ENSP00000374854"
29.8181341385294,28.7056811259259,1.25383238162096,1.19604126560343,102,27,"P01717","IGLV3-25","ENSG00000211659",NA,"ENSP00000374840"
26.4737768947059,26.3443253233333,1.16766406881006,1.09701956297424,102,27,"P01718","IGLV3-27","ENSG00000211658",NA,"ENSP00000374839"
25.776571462549,25.3527685814815,1.18676943916646,0.8995965156561,102,27,"P01721","IGLV6-57","ENSG00000211640",NA,"ENSP00000374820"
29.5191938303922,28.7883110418519,1.12774249449102,1.14014540373925,102,27,"P01742","IGHV1-69","ENSG00000282350",NA,"ENSP00000488090"
27.4451158544118,26.7173610525926,1.35086800238696,0.715710035940293,102,27,"P01743","IGHV1-46","ENSG00000282131",NA,"ENSP00000488713"
22.2946763232353,21.434366002963,1.85137725251741,1.65841160415654,102,27,"P01762","IGHV3-11","ENSG00000282322",NA,"ENSP00000488236"
24.6699473817647,24.2565902840741,1.50789845776321,1.42245012639182,102,27,"P01764","IGHV3-23","ENSG00000281962",NA,"ENSP00000487761"
26.0461689235294,25.6814818737037,1.14110213181153,0.933149491564109,102,27,"P01766","IGHV3-13","ENSG00000282286",NA,"ENSP00000488851"
23.2822404852941,21.604358447037,2.06470058481318,2.44721365944139,102,27,"P01767","IGHV3-53","ENSG00000282593",NA,"ENSP00000488526"
29.2585302846078,28.2126821285185,1.30315585112514,1.22077381423244,102,27,"P01772","IGHV3-33","ENSG00000282642",NA,"ENSP00000487655"
31.0320496780392,30.953775287037,0.510964164862383,0.450803352283225,102,27,"P01780","IGHV3-7","ENSG00000282211",NA,"ENSP00000487659"
23.7821120111765,23.1113888625926,1.73458842836544,1.98976549452255,102,27,"P01814","IGHV2-70","ENSG00000282453",NA,"ENSP00000487677"
26.8109206507843,26.2882240207407,1.24861186057852,1.09952806135747,102,27,"P01817","IGHV2-5","ENSG00000277318",NA,"ENSP00000473889"
27.2224019818627,27.0573019048148,1.3738137306301,1.23272800490621,102,27,"P01833","PIGR","ENSG00000162896",5284,"ENSP00000348888"
35.236522630098,35.3437377351852,0.446121483036422,0.504028524546889,102,27,"P01834","IGKC","ENSG00000211592",NA,"ENSP00000374777"
36.2607232073529,36.2184704544444,0.392043629482522,0.341046071383884,102,27,"P01857;A0A0A0MS08;A0A0A0MS07","IGHG1","ENSG00000277633",NA,"ENSP00000487867"
34.776588404902,34.8228595462963,0.479703512453675,0.593852994682287,102,27,"P01859;A0A286YEY4","IGHG2","ENSG00000274497",NA,"ENSP00000480351"
36.3408591468627,36.3170309581481,0.453636500941875,0.412230977435953,102,27,"P01860;A0A286YES1","IGHG3","ENSG00000282184",NA,"ENSP00000487823"
34.7364602889216,34.4057772033333,1.03089549437396,0.700096541207055,102,27,"P01871;A0A1B0GUU9;P01871-2","IGHM","ENSG00000282657",NA,"ENSP00000485962"
35.787918512549,35.8495767788889,0.780115454014385,0.560289154333491,102,27,"P01876;A0A286YEY1","IGHA1","ENSG00000282633",NA,"ENSP00000488021"
21.1357069818627,21.5365482955556,1.58789701875502,2.96166007444592,102,27,"P02144;B0QYF8;F2Z2F1;Q8WVH6;B0QYF7","MB","ENSG00000198125",4151,"ENSP00000386060"
21.1745524223529,20.9190383459259,1.76279891417583,1.76889893846931,102,27,"P02549-2;P02549","SPTA1","ENSG00000163554",6708,"ENSP00000495214"
36.1744374255882,36.6098382618519,0.371024214859191,0.435926693304077,102,27,"P02647;F8W696","APOA1","ENSG00000118137",335,"ENSP00000364469"
32.649276932549,32.4843526007407,0.527964001579744,0.562840494455607,102,27,"P02649;H0Y7L5;E9PEV4;E7ERP7","APOE","ENSG00000130203",348,"ENSP00000413135"
37.1792496382353,36.9047512362963,0.38443539157291,0.351438763933674,102,27,"P02671;P02671-2","FGA","ENSG00000171560",2243,"ENSP00000498441"
36.9817288137255,36.7314330844444,0.356229369179769,0.338263363481716,102,27,"P02675;D6REL8","FGB","ENSG00000171564",2244,"ENSP00000306099"
37.1565713719608,37.0816167166667,0.338352441638202,0.262921093438562,102,27,"P02679;C9JC84","FGG","ENSG00000171557",2266,"ENSP00000384860"
22.4277729483333,21.7494891914815,2.07316159996662,2.31720025260245,102,27,"P02730;P02730-2;A0A0A0MS98","SLC4A1","ENSG00000004939",6521,"ENSP00000382190"
32.2996362562745,31.8139732340741,0.497908128367295,0.436308888623369,102,27,"P02743","APCS","ENSG00000132703",325,"ENSP00000255040"
29.636701244902,29.7398836566667,0.415840545156651,0.34913520648622,102,27,"P02745;X6RLJ0","C1QA","ENSG00000173372",712,"ENSP00000363773"
31.2378847534314,31.2922481166667,0.467657822006861,0.328835895111933,102,27,"P02747","C1QC","ENSG00000159189",714,"ENSP00000363771"
32.9770028534314,32.54361794,0.398649010324812,0.617892620901429,102,27,"P02748","C9","ENSG00000113600",735,"ENSP00000263408"
33.0646001067647,33.4670932388889,0.45410251776276,0.429705753468778,102,27,"P02749","APOH","ENSG00000091583",350,"ENSP00000205948"
32.6304683540196,32.6028620914815,0.717446547947458,0.693739835435423,102,27,"P02750","LRG1","ENSG00000171236",116844,"ENSP00000302621"
34.0597448265686,33.8403415103704,0.911386220243989,0.751512941331892,102,27,"P02751;P02751-3;P02751-8;P02751-15;P02751-14;P02751-7;P02751-17;P02751-9;P02751-6;P02751-12;P02751-4","FN1","ENSG00000115414",2335,"ENSP00000394423"
32.543873464902,32.5273861281482,0.493302032568691,0.545891181504291,102,27,"P02760;S4R471","AMBP","ENSG00000106927",259,"ENSP00000265132"
35.1377475351961,34.8318158988889,0.404038064310551,0.398645548100435,102,27,"P02763","ORM1","ENSG00000229314",5004,"ENSP00000259396"
32.6888408308824,33.3708441922222,0.643365951109883,0.552735805858011,102,27,"P02765;C9JV77","AHSG","ENSG00000145192",197,"ENSP00000393887"
33.5412758519608,34.3508183140741,0.748132762958616,0.656301184145445,102,27,"P02766;A0A087WT59;A0A087WV45","TTR","ENSG00000118271",7276,"ENSP00000477599"
39.4233411357843,39.8479333937037,0.320145700864603,0.239043369771924,102,27,"P02768;B7WNR0;H0YA55;D6RHD5;P02768-2;C9JKR2","ALB","ENSG00000163631",213,"ENSP00000392541"
34.5943167418627,34.5391941440741,0.316874815266328,0.329767222874265,102,27,"P02774;P02774-3;D6RF35;P02774-2;D6RBJ7","GC","ENSG00000145321",2638,"ENSP00000273951"
29.8970832891176,29.6867303192593,1.02401011318397,0.943819037001222,102,27,"P02775","PPBP","ENSG00000163736",5473,"ENSP00000296028"
25.9521403247059,26.3267992811111,0.803173119968113,0.574644053047911,102,27,"P02786;G3V0E5","TFRC","ENSG00000072274",7037,"ENSP00000414015"
35.4057318488235,35.4929415055556,0.524454717013622,0.674703166590183,102,27,"P02790;Q9BS19","HPX","ENSG00000110169",3263,"ENSP00000265983"
22.6398357022549,20.9681897437037,2.25339729113427,2.61420441945914,102,27,"P02792","FTL","ENSG00000087086",2512,"ENSP00000366525"
24.7405967648039,24.520747087037,0.943787053020593,0.954284970729095,102,27,"P03950","ANG","ENSG00000214274",283,"ENSP00000336762"
27.9291321114706,27.663855442963,0.358304496292586,0.474366234727906,102,27,"P03951;P03951-2","F11","ENSG00000088926",2160,"ENSP00000384957"
34.0405632829412,33.8360481025926,0.433424523779801,0.238131844283815,102,27,"P04003","C4BPA","ENSG00000123838",722,"ENSP00000356037"
32.9642416281373,32.6983430266667,0.455207938227443,0.435336069705032,102,27,"P04004","VTN","ENSG00000109072",7448,"ENSP00000226218"
25.9293791828431,25.6037824918519,1.19698253411277,1.64749069515487,102,27,"P04040","CAT","ENSG00000121691",847,"ENSP00000241052"
26.5102230060784,26.6252833725926,0.975298263502997,1.07262614514816,102,27,"P04075;J3KPS3;H3BQN4;P04075-2;H3BPS8;H3BUH7;H3BR04","ALDOA","ENSG00000149925",226,"ENSP00000456020"
36.3987297970588,36.2521291625926,0.51982287652847,0.323766036455021,102,27,"P04114","APOB","ENSG00000084674",338,"ENSP00000233242"
23.615782830098,23.4965996944444,1.43382167703884,1.73443531752866,102,27,"P04179;P04179-4;P04179-3;P04179-2;F5H4R2;F5GYZ5;F5H3C5","SOD2","ENSG00000112096",6648,"ENSP00000446252"
27.1310894811765,27.0329295411111,0.408134622551325,0.614015716082048,102,27,"P04180;J3QSE5","LCAT","ENSG00000213398",3931,"ENSP00000264005"
31.6297592119608,32.3591302581481,0.546563402808271,0.780706970639318,102,27,"P04196","HRG","ENSG00000113905",3273,"ENSP00000232003"
29.2565725191176,29.5937686259259,0.76279926613835,0.653521865903687,102,27,"P04211","IGLV7-43","ENSG00000278293",NA,"ENSP00000480490"
34.0150445832353,34.0590711751852,0.311189587483057,0.292340937344242,102,27,"P04217;M0R009","A1BG","ENSG00000121410",1,"ENSP00000263100"
30.9574093015686,30.4482151318519,1.11531834529826,1.17090202076263,102,27,"P04275","VWF","ENSG00000110799",7450,"ENSP00000261405"
27.4652866811765,28.0415031674074,0.959442490337433,0.845770136871736,102,27,"P04278;I3L145;P04278-5;P04278-3;P04278-2;P04278-4;A0A0C4DGN2;B4DYU0;I3L1J1;I3L2X4","SHBG","ENSG00000129214",6462,"ENSP00000458875"
26.8263999779412,26.6088971951852,0.936210363699449,0.929924963895655,102,27,"P04430","IGKV1-16","ENSG00000282282",NA,"ENSP00000488377"
28.4359156503922,27.6058383533333,1.32871905771722,0.671407108019737,102,27,"P04432;P01597",NA,NA,NA,NA
31.578577362451,31.2468564711111,0.737058633525131,0.561179724670254,102,27,"P04433;A0A0A0MRZ8","IGKV3D-11","ENSG00000211632",NA,"ENSP00000374812"
23.5057063682353,22.7217252507407,1.59487751873558,1.7973799762709,102,27,"P04792;F8WE04","HSPB1","ENSG00000106211",3315,"ENSP00000248553"
22.920809474902,23.6834448033333,2.8072202679218,4.00784792768119,102,27,"P05062;A0A3B3IS80;A0A087WXX2","ALDOB","ENSG00000136872",229,"ENSP00000497767"
25.1643903839216,25.0045570281481,1.67151532772219,1.50217415731776,102,27,"P05106;H3BM21;P05106-2;P05106-3","ITGB3","ENSG00000259207",3690,"ENSP00000452786"
23.5747723688235,22.0978134988889,2.11611514104674,2.12030666202591,102,27,"P05109","S100A8","ENSG00000143546",6279,"ENSP00000357721"
21.0399064416667,20.823893582963,1.70106542653173,1.93866679979869,102,27,"P05121-2;P05121","SERPINE1","ENSG00000106366",5054,"ENSP00000223095"
26.644500030098,26.7345479492593,1.23362834847373,1.11528566074968,102,27,"P05154;G3V2M1","SERPINA5","ENSG00000188488",5104,"ENSP00000450484"
34.0687691476471,33.90630979,0.305619454336627,0.281887031376948,102,27,"P05155;P05155-3;P05155-2;H9KV48;E9PGN7","SERPING1","ENSG00000149131",710,"ENSP00000384561"
29.1133409337255,29.1377607748148,0.425058646628038,0.4432238249744,102,27,"P05160","F13B","ENSG00000143278",2165,"ENSP00000497116"
23.1461994292157,23.12545787,1.7185004405919,1.71971133906303,102,27,"P05362","ICAM1","ENSG00000090339",3383,"ENSP00000413124"
29.8437443544118,30.0571532096296,0.508627748179674,0.454057060529947,102,27,"P05543","SERPINA7","ENSG00000123561",6906,"ENSP00000329374"
32.6755392514706,32.5528666211111,0.457361853467149,0.791099663112747,102,27,"P05546","SERPIND1","ENSG00000099937",3053,"ENSP00000215727"
21.9038305946078,21.9192225848148,1.68282601364494,1.72680003827819,102,27,"P05976-2;P05976","MYL1","ENSG00000168530",4632,"ENSP00000343321"
26.8359147057843,27.283093357037,0.51633187950389,0.622520841678354,102,27,"P06276;F8WF14;F8WEX7","BCHE","ENSG00000114200",590,"ENSP00000264381"
29.3453944038235,29.62333644,0.732343391376385,0.623777700975783,102,27,"P06310","IGKV2-30","ENSG00000281933",NA,"ENSP00000488685"
31.9206247590196,31.8842382318519,0.618950095209721,0.45997533937717,102,27,"P06312","IGKV4-1","ENSG00000211598",NA,"ENSP00000374778"
26.5151743570588,25.2737608362963,1.60190824233694,1.35316635634741,102,27,"P06331","IGHV4-34","ENSG00000276491",NA,"ENSP00000482820"
31.854555105098,32.4955654296296,0.491989624435958,0.522387923202671,102,27,"P06396;A0A0A0MS51;A0A0A0MT01;P06396-4;P06396-3;CON__Q3SX14","GSN","ENSG00000148180",2934,"ENSP00000362929"
22.8570081455882,22.1870233959259,1.92720944547432,1.9414431210489,102,27,"P06576;H0YH81;F8W079","ATP5B",NA,NA,NA
29.2686148604902,29.0038873707407,0.340061965780755,0.270861443895029,102,27,"P06681;A0A0G2JL69;P06681-3;A0A0G2JIE7;H0Y3H6;P06681-2;B4DQI1;E9PDZ0","C2","ENSG00000231543",717,"ENSP00000400097"
24.6234421022549,23.1563755185185,2.53484078226353,2.60510933423418,102,27,"P06702","S100A9","ENSG00000163220",6280,"ENSP00000357727"
32.077099939902,32.8698989214815,0.982317562855121,1.13055928618186,102,27,"P06727","APOA4","ENSG00000110244",337,"ENSP00000350425"
21.5230994822549,22.3991808355556,2.11649676930174,3.12049768139197,102,27,"P06732","CKM","ENSG00000104879",1158,"ENSP00000221476"
25.2577505082353,24.8162587088889,1.27649054091012,1.79207980793267,102,27,"P06733;A0A2R8Y6G6;P06733-2;K7EM90","ENO1","ENSG00000074800",2023,"ENSP00000234590"
20.8738158187255,21.2931918851852,1.45044752569565,2.33735242453064,102,27,"P06737;P06737-2;E9PK47","PYGL","ENSG00000100504",5836,"ENSP00000431657"
24.8337330726471,24.9546372392593,1.47481286897361,1.74796369323263,102,27,"P06744;A0A2U3TZU2;A0A0A0MTS2;P06744-2;K7EQ48;A0A2R8Y6C7;A0A0J9YYH3;A0A0J9YXP8;A0A0J9YX90","GPI","ENSG00000282019",2821,"ENSP00000488871"
26.1286661201961,26.0093714311111,0.52563124568908,0.625234607816002,102,27,"P07195;A0A3B3IS95;A8MW50;C9J7H8","LDHB","ENSG00000111716",3945,"ENSP00000379386"
23.1483087786275,22.5418555866667,1.51938910332179,2.00061837615847,102,27,"P07237;H7BZ94;H0Y3Z3","P4HB","ENSG00000185624",5034,"ENSP00000505575"
30.4567055921569,30.2634567233333,0.305304172217707,0.311803981969965,102,27,"P07357","C8A","ENSG00000157131",731,"ENSP00000354458"
30.9974079406863,30.913015282963,0.358547603144577,0.32735718233862,102,27,"P07358","C8B","ENSG00000021852",732,"ENSP00000360281"
30.0245683376471,29.8700689703704,0.316303373249055,0.396359987957676,102,27,"P07360;Q5SQ08","C8G","ENSG00000176919",733,"ENSP00000360697"
21.5621424773529,21.1409633714815,1.29703725507993,1.56323506946809,102,27,"P07384;E9PL37","CAPN1","ENSG00000014216",823,"ENSP00000435847"
27.1080456759804,26.8177942718519,0.863880642961336,1.19776144297095,102,27,"P07737;K7EJ44","PFN1","ENSG00000108518",5216,"ENSP00000225655"
25.6865660390196,25.1460627440741,0.644950027390699,0.721993811116183,102,27,"P07900;P07900-2","HSP90AA1","ENSG00000080824",3320,"ENSP00000216281"
25.6368485638235,25.8919223881481,1.03238928763795,0.791337451995506,102,27,"P07998;G3V357","RNASE1","ENSG00000129538",6035,"ENSP00000381057"
30.9677705436275,31.0610664844444,0.346607123462108,0.524267660446018,102,27,"P08185;G3V350","SERPINA6","ENSG00000277405",866,"ENSP00000486588"
22.7518876108824,21.6527521203704,1.85450350040548,1.68960065219785,102,27,"P08238","HSP90AB1","ENSG00000096384",3326,"ENSP00000360709"
21.2399793761765,21.3026639866667,1.68558551347123,2.09999967940595,102,27,"P08246","ELANE","ENSG00000277571",1991,"ENSP00000488075"
23.4066902619608,23.3937506151852,2.08251766587757,2.91009739932116,102,27,"P08294","SOD3","ENSG00000109610",6649,"ENSP00000472134"
23.06310779,22.624764022963,1.67032277770164,1.66159204061801,102,27,"P08493;P08493-2","MGP","ENSG00000111341",4256,"ENSP00000445907"
26.8148089383333,26.6635289077778,1.36274920458207,1.33955587925851,102,27,"P08514-3;P08514-2;P08514;A0A3B3IU79","ITGA2B","ENSG00000005961",3674,"ENSP00000498119"
28.6671898483333,28.969635012963,2.3924086785889,2.65880924889653,102,27,"P08519","LPA","ENSG00000198670",4018,"ENSP00000321334"
26.2893907831373,25.9855275688889,1.33086028150438,1.69045942147184,102,27,"P08567","PLEK","ENSG00000115956",5341,"ENSP00000234313"
28.5469877973529,28.4128219011111,0.605480660348272,0.553228997397215,102,27,"P08571;D6RFL4","CD14","ENSG00000170458",929,"ENSP00000385519"
32.7032725358824,32.5853724522222,0.265436082489537,0.25277789341896,102,27,"P08697;P08697-2;A0A0G2JPA8;C9JMH6;A0A0J9YY65","SERPINF2","ENSG00000276838",5345,"ENSP00000488707"
24.7496848547059,24.6704946122222,1.91148922418415,2.64491229220317,102,27,"P09172","DBH","ENSG00000123454",1621,"ENSP00000376776"
22.6176809563725,21.8251994003704,1.56884084388174,2.01434331284848,102,27,"P09486;F5GY03","SPARC","ENSG00000113140",6678,"ENSP00000231061"
22.4968227698039,21.6944343911111,1.40949376542676,1.87487592708454,102,27,"P09493-4;P09493-3;P09493-10;H0YKX5;P09493-8;A0A0S2Z4G6;Q6ZN40;P09493-9;P09493;H0YKP3;P09493-7;P09493-6","TPM1","ENSG00000140416",7168,"ENSP00000288398"
31.5546211567647,31.5290578581481,0.328405334689094,0.224078592714264,102,27,"P09871;F8WCZ6;A0A087X232","C1S","ENSG00000182326",716,"ENSP00000385035"
20.9457085815686,21.3069587196296,1.26197257846409,1.32687085296072,102,27,"P09960-2;P09960;P09960-3;P09960-4","LTA4H","ENSG00000111144",4048,"ENSP00000228740"
30.472592855,30.2023207362963,0.623092709134197,0.9148439623745,102,27,"P0C0L4;P0C0L4-2","C4A","ENSG00000227746",110384692,"ENSP00000388662"
36.2117189158824,36.1775969788889,0.70967608739037,0.3431251234047,102,27,"P0C0L5;F5GXS0;A0A3B3ISA6","C4B","ENSG00000228454",721,"ENSP00000364321"
24.6694215265686,24.7205123148148,0.766854266672976,0.750581554851844,102,27,"P0CG48;F5GYU3;Q96C32;Q5PY61;J3QKN0;F5GXK7;F5H747;F5H388;B4DV12;F5H265;F5H2Z3;F5H6Q2;J3QTR3;J3QS39;P62987;P62979;P0CG47;M0R2S1;M0R1M6;Q49A90;A0A2R8Y422;M0R1V7","UBC;UBB;RPS27A;UBA52",NA,NA,NA
32.7336176038235,31.7653162640741,1.9664694090559,2.2670545957356,102,27,"P0DJI8;E9PQD6","SAA1","ENSG00000288411",6288,"ENSP00000500630"
32.6573938001961,31.3923113655556,2.13360555147455,2.33302947928535,102,27,"P0DJI9","SAA2","ENSG00000134339",6289,"ENSP00000416716"
34.4383669573529,34.5224378348148,0.542262286778606,0.45701330339378,102,27,"P0DOY2","IGLC2","ENSG00000211677",NA,"ENSP00000374856"
24.6117954219608,22.0547841818519,2.18727831010911,2.87369517592561,102,27,"P0DP01","IGHV1-8",NA,NA,NA
32.1335463427451,31.7692851462963,0.670478850686907,0.441782003969972,102,27,"P0DP02","IGHV3-30-3",NA,NA,NA
28.9491648320588,28.7346726196296,0.996799573299945,0.610314787137395,102,27,"P0DP03;P01768",NA,NA,NA,NA
23.3206565826471,21.5868260411111,2.39166458026236,1.98544166599038,102,27,"P0DP08","IGHV4-38-2",NA,NA,NA
24.8813608066667,24.1617283855556,2.34760182301273,2.66605543994646,102,27,"P0DP09;A0A0B4J2D9","IGKV1D-13","ENSG00000276566",NA,"ENSP00000480959"
22.2657670297059,22.4907838125926,1.76293333104533,1.91127668604116,102,27,"P0DP25;P0DP24;P0DP23;H0Y7A7;F8WBR5;M0QZ52;G3V479;E7ETZ0;E7EMB3","CALM2;CALM3;CALM1",NA,NA,NA
21.099988395098,20.519107787037,1.53659343172098,1.44110527507011,102,27,"P10124","SRGN","ENSG00000122862",5552,"ENSP00000242465"
23.4190152126471,23.335052327037,1.2320648812873,1.62612897458763,102,27,"P10599;P10599-2","TXN","ENSG00000136810",7295,"ENSP00000363639"
31.3011122945098,31.5202259122222,0.455013494355943,0.546234318581362,102,27,"P10643","C7","ENSG00000112936",730,"ENSP00000322061"
21.291363502549,21.3930629625926,1.90639539949999,2.6582181374754,102,27,"P10645;G5E968","CHGA","ENSG00000276781",1113,"ENSP00000478198"
26.3448051590196,24.9282927788889,1.52206730108267,0.75941703176244,102,27,"P10809","HSPD1","ENSG00000144381",3329,"ENSP00000373620"
33.2780528623529,32.8950631907407,0.353969439660708,0.358568228548624,102,27,"P10909-4;P10909-6;P10909;P10909-5;P10909-2;H0YC35;P10909-3;H0YLK8","CLU","ENSG00000120885",1191,"ENSP00000315130"
26.03505998,25.8737466355556,0.849068856766876,0.885085880224242,102,27,"P11021","HSPA5","ENSG00000044574",3309,"ENSP00000324173"
25.7684471834314,25.2815883607407,1.07014805099588,1.29882414561324,102,27,"P11142;E9PKE3;P11142-2;E9PNE6;E9PN89","HSPA8","ENSG00000109971",3312,"ENSP00000437125"
21.6078393394118,20.9741741618519,1.76303333861387,1.73140914090648,102,27,"P11169;Q8TDB8-4;Q8TDB8-2;Q8TDB8;Q8TDB8-5","SLC2A3;SLC2A14",NA,NA,NA
26.5691797621569,26.1032366974074,1.69495192829233,2.07445219155748,102,27,"P11226","MBL2","ENSG00000165471",4153,"ENSP00000363079"
24.9438251631373,25.2920092351852,1.31831866478872,1.20508232125337,102,27,"P11597;P11597-2;H3BRJ9","CETP","ENSG00000087237",1071,"ENSP00000369106"
22.8504372219608,22.1831069074074,1.35531643652057,1.49515807420699,102,27,"P12236;V9GYG0;P12235;P05141","SLC25A6;SLC25A4;SLC25A5",NA,NA,NA
27.4079153542157,26.8866493666667,1.33193519227224,1.63851532460425,102,27,"P12814;P12814-3;P12814-2;P12814-4;H9KV75","ACTN1","ENSG00000072110",87,"ENSP00000377941"
22.9944757601961,22.6867864874074,1.11704006505317,1.56930086136898,102,27,"P12955;K7ES25;A0A494C165;P12955-2;P12955-3;A0A494C194","PEPD","ENSG00000124299",5184,"ENSP00000244137"
23.7222828096078,23.7368157959259,0.553662819941292,0.743617645961556,102,27,"P13473-2;P13473;P13473-3","LAMP2","ENSG00000005893",3920,"ENSP00000200639"
22.0056139752941,22.4418009159259,1.11068443445152,1.28948397690657,102,27,"P13591-4;A0A087WTE4;P13591;P13591-1;P13591-3;P13591-5;A0A087WWD4;A0A087WX77;H7BYX6;A0A087WV75;A0A087WTF6;P13591-6","NCAM1","ENSG00000149294",4684,"ENSP00000480132"
21.6639290868627,20.6819030662963,1.82626231363423,1.74704840877418,102,27,"P13639","EEF2","ENSG00000167658",1938,"ENSP00000471265"
31.756110790098,31.4781027214815,0.389002698367439,0.353520645520968,102,27,"P13671","C6","ENSG00000039537",729,"ENSP00000338861"
26.9566398415686,26.3060473277778,0.682023610971049,0.739936238057166,102,27,"P13796","LCP1","ENSG00000136167",3936,"ENSP00000381581"
24.9578220562745,25.144890932963,0.52062802804479,0.55178561610241,102,27,"P14151;P14151-2","SELL","ENSG00000188404",6402,"ENSP00000236147"
23.4733049229412,22.4385495192593,1.63089695273805,2.14046420795073,102,27,"P14543;P14543-2","NID1","ENSG00000116962",4811,"ENSP00000355554"
24.1310251654902,24.3915746459259,2.34674491516794,2.09228251366937,102,27,"P14770","GP9","ENSG00000169704",2815,"ENSP00000303942"
24.5479412068627,25.2500417111111,1.25445941321279,0.90367045531458,102,27,"P15144","ANPEP","ENSG00000166825",290,"ENSP00000502886"
29.9522038193137,29.6074692874074,0.408914311988833,0.28762087263119,102,27,"P15169","CPN1","ENSG00000120054",1369,"ENSP00000359446"
21.9236399297059,21.4458509244444,1.67405505663496,1.75327095978057,102,27,"P15291-2;P15291","B4GALT1","ENSG00000086062",2683,"ENSP00000369055"
25.3352831619608,25.46446497,0.931712382233451,0.986762854349977,102,27,"P15814","IGLL1","ENSG00000128322",3543,"ENSP00000249053"
25.92401511,26.3439210288889,0.570651082304191,0.608593665883462,102,27,"P16070;P16070-17;H0Y5E4;H0YCV9;H0YD13;P16070-8;P16070-7;P16070-3;P16070-6;H0YDW7;P16070-4;P16070-5;P16070-9;P16070-14;P16070-16;P16070-10;P16070-11;P16070-13;P16070-12;P16070-18;P16070-15;H0YDX6;H0YD17;H0Y2P0;E9PKC6","CD44","ENSG00000026508",960,"ENSP00000435377"
22.2163292707843,22.9116375922222,1.95152019764679,1.51030834118252,102,27,"P16157-14;P16157-10;P16157-15;P16157-12;P16157-21;P16157;P16157-3;P16157-16;P16157-5;P16157-8;P16157-13;P16157-4;P16157-7;P16157-6;P16157-9;P16157-11;P16157-2;H0YBS0","ANK1","ENSG00000029534",286,"ENSP00000339620"
22.0215632842157,22.5377665548148,1.83393620547281,2.37185005433575,102,27,"P16930;P16930-2","FAH","ENSG00000103876",2184,"ENSP00000453152"
24.3852012964706,24.0087671503704,0.772766682710143,0.608546869823773,102,27,"P17066","HSPA6","ENSG00000173110",3310,"ENSP00000310219"
24.7341147051961,24.3739532133333,2.28313800340138,2.29537370866985,102,27,"P18065;C9JMY1","IGFBP2","ENSG00000115457",3485,"ENSP00000401698"
28.0446230246078,27.8333231377778,0.907181746089238,1.05540171597382,102,27,"P18206-2;P18206","VCL","ENSG00000035403",7414,"ENSP00000485551"
30.9593441861765,30.7937105503704,0.942399358318947,0.923845728802109,102,27,"P18428","LBP","ENSG00000129988",3929,"ENSP00000217407"
22.9720286016667,22.807899922963,2.29336681812781,2.1713476227773,102,27,"P18669;P15259","PGAM1;PGAM2",NA,NA,NA
34.7586862504902,34.5038671707407,0.423341533998556,0.344384331333445,102,27,"P19652","ORM2","ENSG00000228278",5005,"ENSP00000394936"
33.3320889353922,33.6823290551852,0.379333007994396,0.467272002820848,102,27,"P19827;P19827-2;P19827-3","ITIH1","ENSG00000055957",3697,"ENSP00000273283"
29.4857178620588,29.9857251918519,1.96219650158487,1.73534818563075,102,27,"P20742;P20742-2","PZP","ENSG00000126838",5858,"ENSP00000261336"
28.9068470116667,28.8617434992593,0.505024379120909,0.257026363646766,102,27,"P20851;P20851-2;Q5VVQ7","C4BPB","ENSG00000123843",725,"ENSP00000356045"
23.179020895098,23.7404918877778,1.40956016810018,1.01100922872976,102,27,"P22692-2;P22692","IGFBP4","ENSG00000141753",3487,"ENSP00000269593"
30.9607073915686,30.4209409322222,0.421706810660191,0.327334399089917,102,27,"P22792","CPN2","ENSG00000178772",1370,"ENSP00000319464"
25.9410216917647,25.7372187507407,0.844432813808459,0.955774516821547,102,27,"P22891;P22891-2","PROZ","ENSG00000126231",8858,"ENSP00000364697"
22.3122542097059,22.1441755681481,2.01741945759422,1.97821634707334,102,27,"P22897","MRC1","ENSG00000260314",4360,"ENSP00000455897"
29.9738587303922,29.2013959974074,1.12756081638954,0.679117746920051,102,27,"P23083","IGHV1-2","ENSG00000282550",NA,"ENSP00000488290"
21.9718223083333,21.2503730466667,1.92134283369397,1.81556056285464,102,27,"P23284","PPIB","ENSG00000166794",5479,"ENSP00000506584"
22.3643840436274,21.667372597037,1.67097156867728,1.48581871331508,102,27,"P23381;P23381-2","WARS",NA,NA,NA
23.9277436831373,23.6208775055556,1.703369509283,1.96762086286051,102,27,"P23528;G3V1A4;E9PP50;E9PK25;E9PQB7","CFL1","ENSG00000172757",1072,"ENSP00000309629"
24.1423788873529,24.2197241933333,1.39043914233771,1.35130531816131,102,27,"P24592;A0A3B3IUE0;F8VYK9","IGFBP6","ENSG00000167779",3489,"ENSP00000448953"
23.182298402549,23.1691228262963,2.99755714706518,3.13776052431817,102,27,"P24821-4;P24821;J3QSU6;E9PC84;P24821-2;F5H7V9;P24821-3;P24821-5;P24821-6","TNC","ENSG00000041982",3371,"ENSP00000265131"
32.5683770406863,32.7128232648148,0.524595979715931,0.472856342457465,102,27,"P25311;C9JEV0","AZGP1","ENSG00000160862",563,"ENSP00000292401"
24.492331220098,23.7381477411111,2.49223439900995,2.56907479986716,102,27,"P25705;P25705-2;P25705-3","ATP5A1",NA,NA,NA
22.7299469341176,21.9873170077778,2.27787800638871,2.68501654813215,102,27,"P25786;P25786-2;F5GX11;B4DEV8","PSMA1","ENSG00000129084",5682,"ENSP00000379676"
23.7225187728431,23.5809948988889,1.60866857998068,1.44616841920862,102,27,"P26038","MSN","ENSG00000147065",4478,"ENSP00000477441"
24.3086561034314,23.0935906666667,1.76523244132096,1.9954306841182,102,27,"P27105;P27105-2","STOM","ENSG00000148175",2040,"ENSP00000286713"
31.6186167928431,31.7723877407407,0.519031223066585,0.695727206316643,102,27,"P27169","PON1","ENSG00000005421",5444,"ENSP00000222381"
24.5145530594118,24.0947680388889,1.43406310416457,1.30022587550279,102,27,"P27797;K7EJB9","CALR","ENSG00000179218",811,"ENSP00000465918"
27.226263592451,27.7161371974074,0.601317911722853,0.342025388493382,102,27,"P27918;E9PAQ1","CFP","ENSG00000126759",5199,"ENSP00000380189"
21.3119585226471,20.7185280077778,1.53515972773961,1.75057035453504,102,27,"P28066;P28066-2","PSMA5","ENSG00000143106",5686,"ENSP00000271308"
21.1828029688235,20.5114292277778,1.42531638976749,1.6333098086615,102,27,"P28070","PSMB4","ENSG00000159377",5692,"ENSP00000290541"
21.8003116769608,21.9899640759259,2.50996875926914,2.83774070928964,102,27,"P28838;P28838-2","LAP3","ENSG00000002549",51056,"ENSP00000226299"
25.4985437047059,24.4573668796296,1.50349055035633,2.02723531918727,102,27,"P29401;P29401-2;A0A0B4J1R6","TKT","ENSG00000163931",7086,"ENSP00000417773"
29.0275232681373,29.5588897992593,0.703866096736384,0.596935791397433,102,27,"P29622","SERPINA4","ENSG00000100665",5267,"ENSP00000450838"
23.7828213418627,23.314709197037,1.45858117968387,1.71654566276239,102,27,"P30041","PRDX6","ENSG00000117592",9588,"ENSP00000342026"
23.3647720597059,23.6924786425926,2.16059659998566,1.87656107853375,102,27,"P30043;A0A2R8YEP4;M0R192;A0A2R8Y7Y9;M0QZL1","BLVRB","ENSG00000090013",645,"ENSP00000494515"
20.9033373414706,21.1456186744444,1.36010349416334,2.2216784089263,102,27,"P30086","PEBP1","ENSG00000089220",5037,"ENSP00000261313"
23.4645806559804,22.9312772192593,1.62619451216663,1.7613602409538,102,27,"P30101","PDIA3","ENSG00000167004",2923,"ENSP00000510198"
23.1589326807843,20.8718124444444,1.51615461599776,2.11438888235936,102,27,"P30491;P30685;P30490;P18464;P10319;P30498;P30483;P18463;P18465;P30487;P30488;P30485","HLA-B","ENSG00000206450",3106,"ENSP00000411954"
22.4932212189216,21.5976434755556,1.68885545557821,1.88801342246118,102,27,"P30740;P30740-2","SERPINB1","ENSG00000021355",1992,"ENSP00000370115"
22.4661596354902,21.6392951077778,1.77852266683004,1.78627395057464,102,27,"P31146;H3BRY3","CORO1A","ENSG00000102879",11151,"ENSP00000456266"
21.387669727549,20.8195198377778,1.22731568643796,1.53048753628274,102,27,"P31946-2;P31946;Q4VY20;Q4VY19;A0A0J9YWE8","YWHAB","ENSG00000166913",7529,"ENSP00000300161"
26.4891997117647,26.3692573307407,1.09636674712247,1.32268114478376,102,27,"P32119;A6NIW5","PRDX2","ENSG00000167815",7001,"ENSP00000334063"
25.0023737319608,25.5905250059259,0.504443287180921,0.664229122384056,102,27,"P33151;I3L1J2;P33151-2","CDH5","ENSG00000179776",1003,"ENSP00000479381"
24.3448702133333,24.2050232837037,1.05904686471231,1.52566895422653,102,27,"P34096","RNASE4","ENSG00000258818",6038,"ENSP00000452245"
28.9760193402941,29.2841538555556,1.26455623040869,0.789116644453029,102,27,"P35858;P35858-2","IGFALS","ENSG00000099769",3483,"ENSP00000215539"
22.87914728,23.0213021281481,2.07293813048228,2.7544534661734,102,27,"P36222","CHI3L1","ENSG00000133048",1116,"ENSP00000255409"
30.8123219532353,30.9308707918519,0.433255913068974,0.392396991312777,102,27,"P36955","SERPINF1","ENSG00000282307",5176,"ENSP00000488386"
24.7653118384314,23.9407578596296,1.77276175473968,2.1651958782163,102,27,"P37802;X6RJP6;P37802-2","TAGLN2","ENSG00000158710",8407,"ENSP00000357076"
22.1413510538235,22.1659518922222,1.45727210788674,1.58612736204821,102,27,"P37837;F2Z393","TALDO1","ENSG00000177156",6888,"ENSP00000435042"
23.5711397161765,23.5524009214815,1.59088037447141,1.63264737585892,102,27,"P40197","GP5","ENSG00000178732",2814,"ENSP00000383931"
21.6831945768627,20.8313421262963,2.06550777131887,1.94396128618575,102,27,"P40227;P40227-2","CCT6A","ENSG00000146731",908,"ENSP00000275603"
21.504868525,21.6862045781481,1.93051907449676,2.38430313158989,102,27,"P40925;P40925-3;B9A041;P40925-2;B8ZZ51;C9JF79","MDH1","ENSG00000014641",4190,"ENSP00000446395"
21.2000581814706,20.7818051140741,1.48015306328788,1.54470112472666,102,27,"P40926;P40926-2","MDH2","ENSG00000146701",4191,"ENSP00000475583"
24.9995974413726,25.6566475892593,1.31837167237576,1.31918406902167,102,27,"P41222;H0Y5A1;Q5SQ11","PTGDS","ENSG00000107317",5730,"ENSP00000491730"
21.7620852394118,22.6274638525926,1.60019116609434,2.03917921592187,102,27,"P43121;P43121-2","MCAM","ENSG00000076706",4162,"ENSP00000264036"
26.9717030727451,27.2517495285185,0.317154121078206,0.323047994027718,102,27,"P43251-4;P43251;P43251-3;P43251-2;C9JSN9","BTD","ENSG00000169814",686,"ENSP00000397113"
31.4783680722549,32.1399904114815,0.6279889365933,0.483655329445421,102,27,"P43652","AFM","ENSG00000079557",173,"ENSP00000226355"
28.7529410806863,28.863061362963,0.47328732193668,0.474402124472642,102,27,"P49908;A0A182DWH7;A0A182DWH8","SEPP1",NA,NA,NA
21.5319992793137,21.48329593,1.38537502676986,1.69217057869692,102,27,"P50395;Q5SX87;P50395-2;P31150","GDI2;GDI1",NA,NA,NA
22.6809226219608,22.0365554051852,1.76687423841342,2.03992284052347,102,27,"P50552","VASP","ENSG00000125753",7408,"ENSP00000467061"
29.2040312480392,30.1474833114815,0.598285519205129,0.681298044989067,102,27,"P51884","LUM","ENSG00000139329",4060,"ENSP00000266718"
22.2219784107843,22.1907461462963,2.0021296057572,1.88363975552415,102,27,"P52566;F5H6Q0;F5H3P3;H0YGX7;F5H2R5","ARHGDIB","ENSG00000111348",397,"ENSP00000228945"
22.1789468573529,21.508498237037,1.49294003353153,1.79408828289156,102,27,"P52907","CAPZA1","ENSG00000116489",829,"ENSP00000263168"
24.7220815734314,23.7911391674074,1.41246270695271,1.98140432122732,102,27,"P55056","APOC4","ENSG00000267467",346,"ENSP00000468236"
26.7890492777451,27.2876457433333,0.558140997853182,0.726087202952212,102,27,"P55058;P55058-4;P55058-3;P55058-2","PLTP","ENSG00000100979",5360,"ENSP00000335290"
25.412683702451,25.1151888214815,1.46588748231852,1.69576765862408,102,27,"P59666;P59665","DEFA3;DEFA1",NA,NA,NA
23.6642763611765,23.1464079462963,1.54962215407085,2.26368322497919,102,27,"P60174-1;P60174;P60174-4;U3KPZ0","TPI1","ENSG00000111669",7167,"ENSP00000229270"
32.1073419182353,31.8723510959259,0.792280281197953,0.805120604501341,102,27,"P60709;A0A2R8Y793","ACTB","ENSG00000075624",60,"ENSP00000502821"
24.8775696571569,24.7938471359259,1.53132315832135,1.42217361109927,102,27,"P61224;P61224-3;E7ESV4;F5H7Y6;A6NIZ1;P61224-4;F5GX62;P62834;P61224-2;B7ZB78;F5H004;F5H823;F5H6R7;A0A075B6Q0","RAP1B;RAP1A",NA,NA,NA
27.5330707693137,27.7990712848148,0.876778068793097,0.735200935218512,102,27,"P61626;F8VV32;A0A0B4J259","LYZ","ENSG00000090382",4069,"ENSP00000261267"
28.7992352462745,29.0219038581481,1.21790961499318,1.10781157313755,102,27,"P61769;H0YLF3;F5H6I0","B2M","ENSG00000273686",567,"ENSP00000481426"
21.2725677109804,20.9224508303704,1.61139410072905,1.27344345793013,102,27,"P61981","YWHAG","ENSG00000170027",7532,"ENSP00000306330"
21.9224143617647,21.4447124866667,1.49912896293502,1.70823447406581,102,27,"P62258","YWHAE","ENSG00000274474",7531,"ENSP00000487356"
25.591965667451,25.5295616314815,0.530517175478746,0.23442530808695,102,27,"P62805","HIST1H4A",NA,NA,NA
21.7177902994118,20.968156187037,1.54277498761626,1.65406472608756,102,27,"P63000-2;P63000;P15153;B1AH78;B1AH77;P60763;B1AH80","RAC1;RAC2;RAC3",NA,NA,NA
26.8170290290196,26.62787959,0.777988689331201,0.8307974260968,102,27,"P63104;E7EX29;E7ESK7;B0AZS6","YWHAZ","ENSG00000164924",7534,"ENSP00000379287"
21.6370926052941,21.5419376814815,1.84763758351218,1.94700232781031,102,27,"P63241;P63241-2;I3L397;I3L504;F8WCJ1;C9J7B5;C9J4W5;Q9GZV4;Q6IS14","EIF5A;EIF5A2;EIF5AL1",NA,NA,NA
23.0539008939216,22.8037839544444,1.48851314852487,1.75537683996996,102,27,"P63261;I3L3I0;I3L1U9;I3L4N8","ACTG1","ENSG00000184009",71,"ENSP00000505060"
27.3563468944118,27.198555672963,1.05096028505282,1.17840031081186,102,27,"P67936;A0A2R8Y5V9;A0A2R8YGX3;A0A2R8YH90;A0A2R8YE05;K7ENT6;P67936-2;A0A2R8YEU4;K7EMU5","TPM4","ENSG00000167460",7171,"ENSP00000466158"
27.7623126620588,27.9040539166667,1.11603364292903,1.00791254654827,102,27,"P68032;P68133;A6NL76","ACTC1;ACTA1",NA,NA,NA
24.5140572281373,22.8252835792593,1.63172974221026,1.97173493615952,102,27,"P68104;A0A087WVQ9;P68104-2;Q5VTE0;A0A087WV01;A0A2U3TZH3;Q05639","EEF1A1;EEF1A1P5;EEF1A2",NA,NA,NA
25.3699732209804,24.8385926855556,0.850726872784148,1.48831082253789,102,27,"P68363;P68363-2","TUBA1B","ENSG00000123416",10376,"ENSP00000336799"
26.8946211310784,26.4336019155556,1.04364376064177,1.3186071850584,102,27,"P68366-2;P68366","TUBA4A","ENSG00000127824",7277,"ENSP00000248437"
25.7235792707843,25.3231273081481,1.1138891193846,1.14439484944089,102,27,"P68371;P04350","TUBB4B;TUBB4A",NA,NA,NA
25.2220843718627,24.5654090222222,0.91683712487638,0.622905318214361,102,27,"P68431","HIST1H3A",NA,NA,NA
30.8735803345098,31.0758994851852,1.30471223689689,1.06660817791991,102,27,"P68871;A0A2R8Y7R2;F8W6P5","HBB","ENSG00000244734",3043,"ENSP00000333994"
31.9510242356863,32.247620147037,1.23592290673188,1.07690531900333,102,27,"P69905;G3V1N2","HBA1;HBA2",NA,NA,NA
27.9873944284314,28.490701397037,0.729553781271079,0.846872636249854,102,27,"P80108","GPLD1","ENSG00000112293",2822,"ENSP00000230036"
29.8832192130392,29.5221550455556,1.05316742591441,1.17570892182902,102,27,"P80748","IGLV3-21","ENSG00000211662",NA,"ENSP00000374843"
24.911551052549,24.7041556766667,1.86250296154345,1.72894262407926,102,27,"Q01518;Q01518-2","CAP1","ENSG00000131236",10487,"ENSP00000361883"
22.6027164096078,20.9246340533333,2.91514790031197,3.05664718340581,102,27,"Q02818;C9JKZ2;H7BZI1","NUCB1","ENSG00000104805",4924,"ENSP00000385923"
26.6985032445098,26.4113780407407,1.27398778664268,1.16671705094144,102,27,"Q02985;Q02985-2;A0A087WYK9;Q6NSD3;V9GYX2","CFHR3;CFHR4",NA,NA,NA
29.4483203279412,29.3412228366667,0.90240805138715,0.822340111138871,102,27,"Q03591;B1AKG0","CFHR1","ENSG00000244414",3078,"ENSP00000314299"
26.9355376783333,27.3200306462963,0.596550884180659,0.555979678122348,102,27,"Q04756;D6RAR4","HGFAC","ENSG00000109758",3083,"ENSP00000372224"
32.132489660098,31.8887343440741,0.583325569215415,0.636341237950808,102,27,"Q06033-2;Q06033;E7ET33;A0A087WW43","ITIH3","ENSG00000162267",3699,"ENSP00000413922"
23.2758418389216,23.5377441014815,2.70409558126096,2.06753031657198,102,27,"Q06141","REG3A","ENSG00000172016",5068,"ENSP00000386630"
29.9556281240196,29.0160054622222,0.807022793629793,0.632195942828758,102,27,"Q08380","LGALS3BP","ENSG00000108679",3959,"ENSP00000465120"
27.3560041729412,27.6002152788889,0.567605865558907,0.642021347716004,102,27,"Q12805-2;Q12805-4;Q12805-3;Q12805;Q12805-5;A0A0U1RQV3","EFEMP1","ENSG00000115380",2202,"ENSP00000378058"
24.3464053787255,24.3096756362963,1.69257698281016,1.88919721366083,102,27,"Q13103;C9J6K0","SPP2","ENSG00000072080",6694,"ENSP00000362466"
25.0691240146078,24.5747884011111,1.48793650039783,1.44630069607502,102,27,"Q13201;E7EPG1","MMRN1","ENSG00000138722",22915,"ENSP00000378431"
20.7607684336275,21.0571339644444,1.76942900192972,2.1511008238117,102,27,"Q13228;Q13228-4;Q13228-2;A6PVX1;Q13228-3;H0Y532","SELENBP1","ENSG00000143416",8991,"ENSP00000357861"
28.5975197965686,28.7060565059259,0.684217259674211,0.586469716166167,102,27,"Q13790","APOF","ENSG00000175336",319,"ENSP00000381250"
22.9750391385294,22.7028412396296,2.16362354951948,2.70177020338683,102,27,"Q14118","DAG1","ENSG00000173402",1605,"ENSP00000440705"
21.9011141545098,22.2838940748148,1.8966015450059,2.05006773428367,102,27,"Q14515;Q14515-2","SPARCL1","ENSG00000152583",8404,"ENSP00000282470"
29.6774528693137,29.5524997062963,0.624135379272625,0.399283653566614,102,27,"Q14520-2;Q14520","HABP2","ENSG00000148702",3026,"ENSP00000277903"
21.6091627857843,21.5811992625926,1.54560785309273,1.34733175109119,102,27,"Q14697;Q14697-2;F5H6X6;E9PKU7","GANAB","ENSG00000089597",23193,"ENSP00000432181"
20.8532009736275,20.6435404014815,1.39728739442917,1.36787291484519,102,27,"Q14847;Q14847-2;C9J9W2","LASP1","ENSG00000002834",3927,"ENSP00000325240"
21.2386999812745,20.6283567703704,1.78321691571261,1.48988516963597,102,27,"Q15084-3;Q15084;Q15084-4;Q15084-5;Q15084-2","PDIA6","ENSG00000143870",10130,"ENSP00000272227"
23.5901022702941,23.5919689911111,1.36046399280849,1.36959990674877,102,27,"Q15113","PCOLCE","ENSG00000106333",5118,"ENSP00000223061"
22.14647439,22.7218777151852,1.53786306076097,1.32728484396084,102,27,"Q15166;F8WD41","PON3","ENSG00000105852",5446,"ENSP00000265627"
22.6690327343137,22.3752851985185,1.87785114405799,1.65535777205106,102,27,"Q15404;Q15404-2","RSU1","ENSG00000148484",6251,"ENSP00000367154"
26.0300231512745,25.6565597144444,0.953367820211405,1.28395512246399,102,27,"Q15485;Q15485-2","FCN2","ENSG00000160339",2220,"ENSP00000291744"
27.6415781994118,27.5077735366667,0.389432625287528,0.429155301288119,102,27,"Q15582;H0Y8L3","TGFBI","ENSG00000120708",7045,"ENSP00000416330"
26.4964407834314,27.4962700737037,1.03016041993429,1.16317228292316,102,27,"Q15848","ADIPOQ","ENSG00000181092",9370,"ENSP00000320709"
24.4598860316667,24.113281517037,1.74012843841173,2.12363474821342,102,27,"Q15942;H0Y2Y8;Q15942-2","ZYX","ENSG00000285443",7791,"ENSP00000494648"
21.3316854998039,22.2925143959259,1.57090826201663,1.4931131455406,102,27,"Q16270-2;Q16270","IGFBP7","ENSG00000163453",3490,"ENSP00000295666"
28.3170407557843,28.6126655566667,0.39435198546088,0.40884547478902,102,27,"Q16610;Q16610-4;Q16610-2","ECM1","ENSG00000143369",1893,"ENSP00000358045"
21.3553426107843,21.3592396085185,1.64677505706841,1.3983397838423,102,27,"Q32Q12;P22392;P22392-2;O60361","NME1-NME2;NME2;NME2P1",NA,NA,NA
23.0470213986275,23.4016215585185,2.11258329694918,2.3216769256477,102,27,"Q5H9A7;P01033;H0Y789","TIMP1","ENSG00000102265",7076,"ENSP00000406671"
24.2796147176471,23.8940762033333,1.63404573326386,1.78640189784462,102,27,"Q5HYB6;P06753-2;A0A087WWU8;P06753-3;P06753-6;J3KN67;A0A494C0P6","DKFZp686J1372;TPM3",NA,NA,NA
23.7344356590196,23.0651308625926,1.37152392281335,1.60076644203043,102,27,"Q5JP53;P07437;Q5ST81","TUBB","ENSG00000224156",203068,"ENSP00000399155"
22.4418232742157,22.9565447207407,2.79300663427727,2.71331396536733,102,27,"Q5T123;Q9H299","SH3BGRL3","ENSG00000142669",83442,"ENSP00000270792"
33.6704186233333,34.1245205014815,0.469990218253392,0.593094345007149,102,27,"Q5T985","ITIH2","ENSG00000151655",3698,"ENSP00000351190"
21.887597462549,21.6073696285185,2.04596375753113,2.05663940930964,102,27,"Q5TCU3;Q5TCU8;P07951;CON__Q3SX28;A7XZE4;P07951-2;P07951-3","TPM2;TPM2b",NA,NA,NA
31.1065377391176,31.5697801481481,0.820658952142195,0.649627898129302,102,27,"Q5VY30;P02753","RBP4","ENSG00000138207",5950,"ENSP00000360522"
26.4026022476471,26.5330887233333,0.511778665234769,0.708778036631386,102,27,"Q6EMK4","VASN","ENSG00000274334",114990,"ENSP00000481884"
22.9656464108824,22.3822280285185,1.92701821192124,1.9346260068923,102,27,"Q6Q788;C9JZZ0","APOA5","ENSG00000110243",116519,"ENSP00000227665"
24.5482677361765,25.0219521577778,0.557787706218469,0.538989589253169,102,27,"Q6UX71;Q6UX71-2","PLXDC2","ENSG00000120594",84898,"ENSP00000366450"
22.3203652669608,24.3464996396296,1.98536351408458,2.02673602025148,102,27,"Q6UXB8;Q6UXB8-2","PI16","ENSG00000164530",221476,"ENSP00000497550"
22.9043822170588,20.2691012266667,2.90672288074948,1.36261178071228,102,27,"Q71DI3","HIST2H3A",NA,NA,NA
25.8006358612745,25.4960915933333,0.66784983778935,0.502240953827107,102,27,"Q7L7L0;Q96KK5;Q99878;Q9BTM1;A0A0U1RRH7;P04908;P0C0S8;P20671;A0A0U1RR32;Q93077;Q6FI13;H0YFX9;A0A3B3IS11;Q9BTM1-2;Q16777","HIST3H2A;HIST1H2AH;HIST1H2AJ;H2AFJ;HIST1H2AB;HIST1H2AG;HIST1H2AD;HIST1H2AC;HIST2H2AA3;HIST2H2AC",NA,NA,NA
22.3446790618627,22.8699343892593,1.76691955659755,0.935027452571462,102,27,"Q86U17","SERPINA11","ENSG00000186910",256394,"ENSP00000335024"
22.33275591,21.8325856311111,1.79514869299419,1.51918180285467,102,27,"Q86UD1;E9PJ29","OAF","ENSG00000184232",220323,"ENSP00000332613"
30.0779930958824,29.793223182963,1.81667829629868,1.98682587647769,102,27,"Q86UX7-2;Q86UX7;F5H1C6","FERMT3","ENSG00000149781",83706,"ENSP00000445778"
27.3188588209804,26.4557605325926,1.63796703990743,3.0968270627212,102,27,"Q86XI8-2;Q86XI8","C19orf68",NA,NA,NA
23.3531499531373,22.8933177622222,2.18792025351411,1.63074327108068,102,27,"Q8N6C8-3;A0A0G2JMY9;Q8N6C8;Q8N6C8-2;A0A0G2JM99;A0A0G2JMJ0","LILRA3","ENSG00000273884",11026,"ENSP00000482971"
21.2667535076471,20.9320697022222,1.5714474786432,1.72386334107805,102,27,"Q8WWZ8","OIT3","ENSG00000138315",170392,"ENSP00000333900"
24.7332905571569,24.2230358707407,1.38277514175527,1.8605132056763,102,27,"Q92496-2;Q92496;A0A0C4DH21;Q92496-3","CFHR4","ENSG00000134365",10877,"ENSP00000356386"
25.0891222408824,24.7949425137037,1.03219188955576,0.94511254602171,102,27,"Q92820","GGH","ENSG00000137563",8836,"ENSP00000503731"
28.101837025098,27.7871633859259,0.635787940573742,0.698678798852494,102,27,"Q92954-3;A0A0U1RR20;Q92954-6;Q92954;Q92954-4;Q92954-2;Q92954-5","PRG4","ENSG00000116690",10216,"ENSP00000431330"
27.3338800315686,26.9203496059259,0.709321141658472,1.42765245761438,102,27,"Q96KN2","CNDP1","ENSG00000150656",84735,"ENSP00000351682"
30.398493355098,31.0203821740741,0.659827047587821,0.573292742324298,102,27,"Q96PD5;Q96PD5-2","PGLYRP2","ENSG00000161031",114770,"ENSP00000292609"
23.8498100563725,23.1342756411111,2.83749624067699,3.64835800248916,102,27,"Q99497;K7ELW0;K7EN27","PARK7","ENSG00000116288",11315,"ENSP00000465404"
21.8032482902941,22.0106209855556,1.66218621982936,2.03024870179299,102,27,"Q99784-5;Q99784-3;Q99784","OLFM1","ENSG00000130558",10439,"ENSP00000360864"
24.8111211112745,25.7827670222222,2.51229092820879,1.08560247634991,102,27,"Q99832-4","CCT7","ENSG00000135624",10574,"ENSP00000258091"
23.5647771405882,23.3949217259259,0.928987412396728,0.816343043488199,102,27,"Q99969;C9J8S2","RARRES2","ENSG00000106538",5919,"ENSP00000223271"
24.0973218622549,24.1634253992593,0.56220451644498,0.697724212262453,102,27,"Q9BWP8-8;Q9BWP8-7;Q9BWP8-6;Q9BWP8-5;Q9BWP8-4;Q9BWP8-3;Q9BWP8-2;Q9BWP8-9;Q9BWP8;Q9BWP8-10","COLEC11","ENSG00000118004",78989,"ENSP00000236693"
28.0118661672549,27.4301793274074,0.606485620979508,0.959343961332669,102,27,"Q9BXR6","CFHR5","ENSG00000134389",81494,"ENSP00000256785"
26.58943448,26.4264250696296,1.43131957464192,1.53075033571518,102,27,"Q9H4B7","TUBB1","ENSG00000101162",81027,"ENSP00000217133"
26.0980488782353,25.1895637585185,0.871451068674976,1.50199099053451,102,27,"Q9HDC9;H0Y512;Q9HDC9-2","APMAP","ENSG00000101474",57136,"ENSP00000395874"
28.2381941951961,28.1286987474074,0.309849311981569,0.338992394054095,102,27,"Q9NZP8","C1RL","ENSG00000288124",51279,"ENSP00000499811"
26.9756439043137,26.7572800740741,0.883533201855034,1.47282302901946,102,27,"Q9UGM5;Q9UGM5-2;E9PG08","FETUB","ENSG00000090512",26998,"ENSP00000396581"
25.2359006403922,25.7311477907407,0.80349109421386,0.733201247864237,102,27,"Q9UHG3;Q9UHG3-2","PCYOX1","ENSG00000116005",51449,"ENSP00000404327"
21.0512789372549,21.8731794733333,1.74132640435021,1.53848503716223,102,27,"Q9UJJ9;H0YEA7;A0A087WWA2","GNPTG","ENSG00000090581",84572,"ENSP00000434413"
22.3786663665686,22.0067975148148,1.82830654272195,1.50208454547299,102,27,"Q9ULV4;Q9ULV4-2;Q9ULV4-3;B4E3S0","CORO1C","ENSG00000110880",23603,"ENSP00000261401"
22.975826329902,22.8955532662963,1.15861691422282,1.31181476851192,102,27,"Q9UNW1;Q9UNW1-3;Q9UNW1-2;Q9UNW1-4","MINPP1","ENSG00000107789",9562,"ENSP00000361064"
21.3564305306863,21.3084455692593,1.74640139491074,1.94635646500061,102,27,"Q9Y5C1","ANGPTL3","ENSG00000132855",27329,"ENSP00000360170"
29.9743273726471,30.1790365122222,0.889617602397127,0.741905682199049,102,27,"Q9Y6R7;A0A087WXI2","FCGBP","ENSG00000281123",8857,"ENSP00000487490"
26.5143766323529,26.2183126055556,0.697863939672405,0.670552799829007,102,27,"U3KQK0;Q99879;Q99877;Q93079;Q5QNW6;P62807;P58876;P57053;O60814;Q5QNW6-2;Q99880;Q96A08","HIST1H2BN;HIST1H2BM;HIST1H2BH;HIST2H2BF;HIST1H2BC;HIST1H2BD;H2BFS;HIST1H2BK;HIST1H2BL;HIST1H2BA",NA,NA,NA
21.30817205,22.014269772963,1.85637331114492,1.83625282854625,102,27,"V9GY83;P12318-2;P12318;F5GXY9;F5GX41;A0A087WXE5;H0YGT0;P31995-4;P31995-3;P31995-2;P31994-5;P31994-2;P31994-3;P31994-4;P31994;P31995","FCGR2A;FCGR2C;FCGR2B",NA,NA,NA
29.8393149457843,30.6425123192593,0.799820011968033,0.95257981201745,102,27,"V9GYM3;P02652;V9GYE3;V9GYG9","APOA2","ENSG00000158874",336,"ENSP00000356969"
21.3908886098039,21.9798118581481,1.96405915506733,2.4409294697138,102,27,"X6R8F3;P80188;P80188-2","LCN2","ENSG00000148346",3934,"ENSP00000362108"
35.0706426177941,34.639664672037,1.15875446487351,1.13938909052752,102,27,"H0Y300;A0A0C4DGL8","HP","ENSG00000257017",3240,"ENSP00000348170"
34.4816668608824,34.5062253492593,0.82341767658727,0.677145809167348,102,27,"A0A024R6I7;A0A0G2JRN3","SERPINA1","ENSG00000277377",5265,"ENSP00000486067"
26.5910945789216,26.020031182963,0.848023386786339,0.74920363903266,102,27,"G3V3A0","SERPINA3","ENSG00000196136",12,"ENSP00000376795"
30.3938522427451,30.1845385209259,1.1006399556565,1.17259293996993,102,27,"M0R1Q1","C3","ENSG00000125730",718,"ENSP00000245907"
33.6814052607843,33.88633502,0.232695629864001,0.336175115184454,102,27,"P01042","KNG1","ENSG00000113889",3827,"ENSP00000396025"
30.0173308117647,30.2211150674074,1.36773592194999,1.14876376320839,102,27,"A0A0G2JMB2","IGHA2","ENSG00000276173",NA,"ENSP00000478870"
30.3430345486275,31.176596912037,0.775357856727581,0.530683191767986,102,27,"C9JB55","TF","ENSG00000091513",7018,"ENSP00000417468"
34.6354926122549,34.6113796337037,0.216683546517356,0.217471965435953,102,27,"P08603","CFH","ENSG00000000971",3075,"ENSP00000356399"
28.4413649930392,28.5950617903704,0.623274412549373,0.589835031617982,102,27,"P23142;P23142-2;P23142-3","FBLN1","ENSG00000077942",2192,"ENSP00000415289"
23.8384730687255,22.4929786881481,2.02830930451629,2.72341674852156,102,27,"P05534","HLA-A","ENSG00000227715",3105,"ENSP00000403922"
25.2844517966176,25.4640492253704,0.430151374303915,0.503234748216226,102,27,"P48740;F8W876;P48740-3","MASP1","ENSG00000127241",5648,"ENSP00000336792"
30.9315777909804,30.8101229690741,0.919604673721255,0.487062309397516,102,27,"B7ZKJ8","ITIH4","ENSG00000055955",3700,"ENSP00000266041"
