"mean_covid","mean_healthy","sd_covid","sd_healthy","number_covid","number_healthy","gene_name","uniprot","gene_id","entrez_id","prot_id"
16.6204625908929,16.8514276411205,0.844086700652756,1.03395249184057,63,29,"IGKV1D-8","","ENSG00000281078",NA,"ENSP00000485892"
14.4933774054763,14.6226323110553,2.84591543421731,2.76933449917128,71,31,"IGKV3-7","A0A075B6H7","ENSG00000282310",NA,"ENSP00000487957"
18.467618176432,18.6186327797004,0.872434659218259,0.792072461486313,71,31,"IGLV2-14","P01704","ENSG00000211666",NA,"ENSP00000374847"
25.8179848534917,26.0951716913678,0.607754296986958,0.385000456739309,71,31,"APOA1","P02647","ENSG00000118137",335,"ENSP00000364469"
17.631118215695,17.8665160261884,0.72696236924299,0.545204622056556,71,31,"APOA2","P02652","ENSG00000158874",336,"ENSP00000356969"
19.9055715825664,19.1930554432562,1.0397663055885,0.896381798810376,71,31,"IGHV3-64","A0A075B6Q5","ENSG00000274236",NA,"ENSP00000488676"
23.6220723822265,23.6550056201582,0.554181432300513,0.387965122260478,71,31,"SERPINC1","P01008","ENSG00000117601",462,"ENSP00000356671"
22.3030255703377,22.285593670187,0.638059204364759,0.649005707025672,71,31,"LRG1","P02750","ENSG00000171236",116844,"ENSP00000302621"
17.9058153624001,17.9271996430017,0.835376745336506,1.05219058147303,71,31,"PARN","O95453","ENSG00000274829",5073,"ENSP00000478668"
17.1605741643967,16.7121444761253,1.24910464501943,1.06045522341011,71,31,"IGLV3-10","A0A075B6K4","ENSG00000211669",NA,"ENSP00000374850"
16.8874562707316,16.9202477865001,1.06131142366809,0.973823663612231,71,31,"IGKV6-21","A0A0C4DH24","ENSG00000282210",NA,"ENSP00000488349"
17.7230356606242,17.1570586086246,0.892797122531734,0.970516413479979,71,31,"IGHV3-13","P01766","ENSG00000282286",NA,"ENSP00000488851"
14.8215592262516,14.8773866505196,1.22330800818783,1.3027938618348,71,31,"IGLV5-45","","ENSG00000281145",NA,"ENSP00000487513"
17.4879472906541,17.2789139275114,0.947188941230443,1.20782666044192,71,31,"PIGR","P01833","ENSG00000162896",5284,"ENSP00000348888"
21.1288161583585,21.1339922406748,0.545296365235862,0.329844308928693,71,31,"C8A","P07357","ENSG00000157131",731,"ENSP00000354458"
16.9806868189851,16.9793229358764,1.86656499350062,1.26290139502215,71,31,"IGHV1-2","P23083","ENSG00000282550",NA,"ENSP00000488290"
17.8007830418614,17.9378665394223,1.46110060418954,1.79501175174963,71,31,"IGHV3-48","P01763","ENSG00000282627",NA,"ENSP00000487990"
19.0117801515636,19.0610698673825,0.739030855045564,0.723202285019189,71,31,"IGHV3-49","A0A0A0MS15","ENSG00000275316",NA,"ENSP00000488069"
14.8195702123749,15.5487917730662,1.96657898815696,2.34122813026184,71,31,"IGFBP3","","ENSG00000146674",3486,"ENSP00000477772"
17.7125773711397,17.5322662499051,1.66592111935034,1.27943836107447,71,31,"KRT9","P35527","ENSG00000171403",3857,"ENSP00000246662"
27.189814838861,27.1148070592085,0.324490742356087,0.35612656644339,71,31,"IGHG1","","ENSG00000277633",NA,"ENSP00000487867"
11.9949843349351,12.313163237478,1.30797337787613,1.46489261509784,71,31,"SELP","","ENSG00000174175",6403,"ENSP00000391694"
17.8779121438925,17.3655479296476,1.36138999397807,1.40704735730005,71,31,"IGHV3-21","A0A0B4J1V1","ENSG00000282281",NA,"ENSP00000487805"
19.8905223650867,19.7731495624189,1.05001237289565,1.37139703184979,71,31,"IGKV1-12","A0A0C4DH73","ENSG00000282694",NA,"ENSP00000488148"
16.2405697081377,16.4115775512297,1.43497091113219,1.60290308797257,71,31,"IGLV2-18","A0A075B6J9","ENSG00000211664",NA,"ENSP00000374845"
22.8161496546839,22.9848604304065,0.502276453003812,0.375745261061696,71,31,"CFH","P08603","ENSG00000000971",3075,"ENSP00000356399"
15.4065590260913,15.5057165804929,0.544018258494718,0.829782014258262,69,30,"GP1BA","P07359","ENSG00000185245",2811,"ENSP00000329380"
18.1734379847755,16.4895772345702,1.71654479491514,1.55406268544824,71,31,"IGLV3-1","P01715","ENSG00000211673",NA,"ENSP00000374854"
18.1767171904862,18.6447634539217,0.781032417818646,0.473532121208177,71,31,"PLTP","P55058","ENSG00000100979",5360,"ENSP00000335290"
13.0517310726912,12.5475639034896,1.22555846566893,1.35573656963209,71,31,"PSMA5","P28066","ENSG00000143106",5686,"ENSP00000271308"
16.2839506476893,16.0713856794466,0.604532094914949,0.745750919549606,71,31,"MAN1A1","P33908","ENSG00000111885",4121,"ENSP00000357453"
20.2315144573528,20.4267244401765,0.607652592167563,0.441733444882504,71,31,"SERPINA6","","ENSG00000277405",866,"ENSP00000486588"
12.3706207843833,11.9830882003573,2.97025776772111,2.90164860151383,71,31,"GPI","","ENSG00000282019",2821,"ENSP00000488871"
15.8070540903784,15.9763432169548,0.669582425814903,0.630888856262628,71,31,"F7","P08709","ENSG00000057593",2155,"ENSP00000329546"
18.8265760195148,19.0437553854255,0.442369029593498,0.401668701030997,71,31,"SERPINF1","","ENSG00000282307",5176,"ENSP00000488386"
15.5844257304008,15.6926091056089,1.21670259489856,1.1666779636914,71,31,"TAGLN2","P37802","ENSG00000158710",8407,"ENSP00000357076"
15.7407354197022,14.4877437096068,1.58325039343412,1.19559316369247,71,31,"IGHV3-33","P0DP02","ENSG00000282642",NA,"ENSP00000487655"
17.1612829435115,16.1319975346264,1.86734377238681,1.43508548327421,67,29,"IGHV3-7","P01780","ENSG00000282211",NA,"ENSP00000487659"
17.3090102456754,16.5836699012807,1.17569351407715,1.09328497698131,71,31,"IGLV3-27","P01718","ENSG00000211658",NA,"ENSP00000374839"
16.7552529393049,17.2823846497428,0.814714232472734,0.912532164901359,71,31,"CAMP","","ENSG00000164047",820,"ENSP00000296435"
18.4967135938121,18.1085218246544,0.777960825153602,0.924371583323755,71,31,"GPX3","P22352","ENSG00000211445",2878,"ENSP00000373477"
14.9376634155393,14.8102656896682,1.52197617238366,1.68514299725093,71,31,"ACTR3","P61158","ENSG00000115091",10096,"ENSP00000263238"
19.4398044910852,19.5316676335841,0.752109742460503,0.652389641152243,71,31,"IGFALS","P35858","ENSG00000099769",3483,"ENSP00000215539"
10.449571170527,10.2431068873469,2.40705849265307,2.94560120070698,71,31,"IGLC6",NA,NA,NA,NA
22.636049219233,22.6476874820572,0.452827083935936,0.339708720333192,70,31,"A1BG","P04217","ENSG00000121410",1,"ENSP00000263100"
13.1854012638135,12.7042846457786,1.57066050531057,1.21649124309208,71,31,"LILRA3","Q8N6C8","ENSG00000273884",11026,"ENSP00000482971"
16.1852192100737,15.7526592493462,1.20247124670046,1.86147559632214,71,31,"PRDX6","P30041","ENSG00000117592",9588,"ENSP00000342026"
17.4292971461305,16.7773431254543,1.35337690021693,1.3365151929446,71,31,"IGLV1-51","P01701","ENSG00000211644",NA,"ENSP00000374825"
13.4512904181352,13.3584299650505,0.944658373615193,0.863157883118154,71,31,"FCGR3B","","ENSG00000162747",2215,"ENSP00000497461"
13.6544598429462,12.7778137927673,2.19105407282553,1.65377878951793,71,31,"IGLV4-60","A0A075B6I1","ENSG00000211639",NA,"ENSP00000374819"
19.4442425498954,19.4154254036386,0.51708224522639,0.480649307971536,71,31,"CPN1","P15169","ENSG00000120054",1369,"ENSP00000359446"
13.4602476755446,13.4549345403171,1.31416226198086,1.23607399863728,71,31,"LIMS1","P48059","ENSG00000169756",3987,"ENSP00000437912"
18.3942054489096,18.8391485456422,1.80150668926294,1.40962303000113,71,31,"TLN1","Q9Y490","ENSG00000137076",7094,"ENSP00000316029"
15.9348791032316,16.2236057105809,1.64079030545762,1.61777207374616,71,31,"TUBB1","Q9H4B7","ENSG00000101162",81027,"ENSP00000217133"
13.8914625895579,14.4923697000783,4.11466072907744,3.53034087429681,71,31,"IGHV4-4","A0A075B6R2","ENSG00000282223",NA,"ENSP00000487977"
14.2941977767451,14.2901932689869,1.00134940599105,0.89217074065877,71,31,"CAVIN2","O95810","ENSG00000168497",8436,"ENSP00000305675"
15.1538298405518,14.9299693482891,2.0243081764088,2.19955249479099,71,31,"CAT","P04040","ENSG00000121691",847,"ENSP00000241052"
12.2556880506823,12.7940609441643,0.953110050413826,1.13010798030649,71,31,"FOXN4","Q96NZ1","ENSG00000139445",121643,"ENSP00000299162"
16.0722547651645,15.9554232965904,1.97400597416922,1.51203404655285,71,31,"IGHV4-30-2",NA,NA,NA,NA
18.9482046000948,19.2595801233782,0.594182631074241,0.560614509215204,71,31,"CST3","P01034","ENSG00000101439",1471,"ENSP00000381448"
18.2570306693804,17.6391854560969,0.905172232415814,0.999014529927305,63,23,"IGLV3-21","P80748","ENSG00000211662",NA,"ENSP00000374843"
14.4570079572326,14.7210584110644,1.65164768737526,1.30466721843293,71,31,"IGHV6-1","A0A0B4J1U7","ENSG00000282745",NA,"ENSP00000488134"
21.3566166522776,21.7761438340744,0.657262444695139,0.503729445619173,71,31,"AFM","P43652","ENSG00000079557",173,"ENSP00000226355"
15.3683174220757,16.6261424238506,1.75417817247064,1.08953642325293,71,31,"CETP","P11597","ENSG00000087237",1071,"ENSP00000369106"
14.8659037124681,15.192961349662,1.57110093310687,1.86938666404452,71,31,"CFHR2","P36980","ENSG00000080910",3080,"ENSP00000356385"
16.5263572110526,16.7121501126557,1.69674466928041,2.03741743171863,71,31,"S100A8","P05109","ENSG00000143546",6279,"ENSP00000357721"
22.2327437153086,22.4690453382391,0.525052249226257,0.328260077389833,71,31,"C1R","","ENSG00000288512",715,"ENSP00000500036"
13.8520078556584,14.0631946371501,1.1843188121888,1.09884291413431,71,31,"INHBC","P55103","ENSG00000175189",3626,"ENSP00000308716"
21.0618108431529,21.0555583666886,0.830217369294677,0.675743898364428,71,30,"C4A","P0C0L4","ENSG00000227746",110384692,"ENSP00000388662"
20.3273735515156,20.2834354022363,0.593830420158178,0.798095078789122,71,31,"IGHV3-74","A0A0B4J1X5","ENSG00000282305",NA,"ENSP00000488600"
13.9560693425152,15.2076595185657,1.87520654643436,1.19881577933605,71,31,"PI16","Q6UXB8","ENSG00000164530",221476,"ENSP00000497550"
24.3332445464466,24.3246601959424,0.465729036722553,0.373002603072773,71,31,"CP","","ENSG00000047457",1356,"ENSP00000418773"
12.8500035620595,12.4502704067842,2.07008754609111,1.73370990909151,71,31,"DBH","P09172","ENSG00000123454",1621,"ENSP00000376776"
20.8072414218414,20.5011680993604,1.04531073945032,0.92322628463705,71,31,"LBP","P18428","ENSG00000129988",3929,"ENSP00000217407"
18.9590765976942,18.1733912203957,1.02111018426645,1.80341436036755,64,24,"IGHV4-39","P01824","ENSG00000282579",NA,"ENSP00000488798"
23.7126411226156,23.7799941960375,0.99047091889421,1.1383935335259,71,31,"HBA1","P69905","ENSG00000206172",3039,"ENSP00000322421"
19.4160350470324,19.9967167177219,0.777571681421845,0.559256791721774,71,31,"SERPINA4","P29622","ENSG00000100665",5267,"ENSP00000450838"
22.8595811328065,22.6784498646321,0.682014710773046,0.567942520956001,71,31,"ORM2","P19652","ENSG00000228278",5005,"ENSP00000394936"
14.6827024226176,14.7852357620405,1.41994043961336,1.37741348334383,71,31,"ZYX","","ENSG00000285443",7791,"ENSP00000494648"
18.400654425465,19.087742724423,0.798692085443959,0.773201230699432,71,31,"LUM","P51884","ENSG00000139329",4060,"ENSP00000266718"
19.1199257299682,19.4293632570379,0.949999349840176,0.979747885740451,71,31,"IGHV5-51","A0A0C4DH38","ENSG00000277574",NA,"ENSP00000483207"
13.8088038944102,13.5988056642277,1.22219013197639,1.11682476931726,71,31,"PDIA3","","ENSG00000167004",2923,"ENSP00000510198"
21.0867738245091,21.7282592249959,0.83859217383322,0.776866851507071,71,31,"APOA4","P06727","ENSG00000110244",337,"ENSP00000350425"
17.1977959945745,16.9865881880705,0.961934789002126,1.02093927147572,71,31,"IGLV4-69","A0A075B6H9","ENSG00000211637",NA,"ENSP00000374817"
12.7778824925941,14.1268551655807,2.15108565958853,2.35120967151702,71,31,"TNXB","","ENSG00000229341",7148,"ENSP00000389677"
15.8542938960631,16.1213773757595,0.539437447192594,0.564055166380429,71,31,"VASN","Q6EMK4","ENSG00000274334",114990,"ENSP00000481884"
15.0049521887697,15.2293220868967,1.04828960291156,1.0234282781604,71,31,"IGLV8-61","A0A075B6I0","ENSG00000211638",NA,"ENSP00000374818"
15.4799776666636,15.3164208135973,1.1769203211819,0.991292670719058,71,31,"IGLV3-22","A0A075B6J6","ENSG00000211661",NA,"ENSP00000374842"
23.6005354376199,23.508862867774,1.11750832849782,0.978929656366932,69,30,"IGHG4","P01861","ENSG00000277016",NA,"ENSP00000483393"
15.7105801083973,15.9385915701968,1.56255700947912,1.78520529212287,71,31,"SLC4A1","","ENSG00000004939",6521,"ENSP00000382190"
17.9538480922485,18.6581119810402,2.26797674316184,1.74734951979481,71,31,"MYH9","P35579","ENSG00000100345",4627,"ENSP00000216181"
13.5578722279224,11.1176098631718,4.52933406860811,4.53436953435347,71,31,"IGHV4-38-2",NA,NA,NA,NA
13.5094744021262,13.941206160197,0.829065165825286,0.944158548858691,71,31,"MMP2","P08253","ENSG00000087245",4313,"ENSP00000461421"
16.1200681840998,16.2876485465654,1.60707104771612,1.72202781074672,71,31,"PIKFYVE","Q9Y2I7","ENSG00000115020",200576,"ENSP00000376038"
13.8295593982535,14.1644087736163,1.00852537825002,1.1543945561514,71,31,"BST1","Q10588","ENSG00000109743",683,"ENSP00000265016"
15.6624933364337,16.1561949092501,1.31402328335585,1.43027211534325,71,31,"RAP1B","P61224","ENSG00000127314",5908,"ENSP00000250559"
19.5052036428454,19.4766912729706,0.671269212988345,0.546096643888868,71,31,"C1RL","","ENSG00000288124",51279,"ENSP00000499811"
13.35091280527,13.6906528788723,1.72092737721383,1.75772337857706,71,31,"CAP1","Q01518","ENSG00000131236",10487,"ENSP00000361883"
17.3082244467734,16.768898899445,1.22193282258549,1.29929670443372,71,31,"IGHV1-69D","A0A0B4J2H0","ENSG00000282399",NA,"ENSP00000488097"
24.3604458857287,24.6032320555356,0.661390913490123,0.65944816774405,71,31,"IGHM","P01871","ENSG00000282657",NA,"ENSP00000485962"
20.8248336838801,21.100534345238,0.669733002821636,0.894349384543451,71,31,"C1QC","P02747","ENSG00000159189",714,"ENSP00000363771"
14.4096214046277,15.3981849258318,2.22994384286106,1.93888499828337,71,31,"RNASE1","P07998","ENSG00000129538",6035,"ENSP00000381057"
17.4841912347994,17.5830845602013,1.23238564652586,0.988401535022495,71,31,"APOC4","P55056","ENSG00000267467",346,"ENSP00000468236"
18.6242674793026,18.7119682841919,0.645668525928684,0.526263765603017,71,31,"BCHE","P06276","ENSG00000114200",590,"ENSP00000264381"
15.7749278567601,15.6699875593488,2.32064880271023,2.10111483342333,71,31,"MASP2","O00187","ENSG00000009724",10747,"ENSP00000383690"
20.1145439600851,20.4430314895269,1.07613959770516,0.969957837011959,71,31,"IGHA2","","ENSG00000276173",NA,"ENSP00000478870"
12.6423451361107,13.03384898259,1.995952378449,2.01097918440834,71,31,"HSPG2","P98160","ENSG00000142798",3339,"ENSP00000363827"
17.5203158290771,17.6880347195692,1.03501669171347,1.03067317988693,71,31,"ACTG1","","ENSG00000184009",71,"ENSP00000505060"
23.7071334580945,23.3325734281395,0.641831682649885,0.618173191170728,71,31,"ORM1","P02763","ENSG00000229314",5004,"ENSP00000259396"
15.1685441488829,15.7589413909535,2.5344231440811,2.35681713534443,71,31,"PLEK","P08567","ENSG00000115956",5341,"ENSP00000234313"
17.9454071230698,17.8868990182314,0.848333377485147,0.733042954105354,68,31,"IGLV3-9","A0A075B6K5","ENSG00000211670",NA,"ENSP00000374851"
15.3981945651871,15.4884944652669,0.92226412006689,1.00470634606054,71,31,"MINPP1","Q9UNW1","ENSG00000107789",9562,"ENSP00000361064"
13.7912856747175,13.8427647181838,1.4899035175658,1.45040408872877,71,31,"ENPP2","Q13822","ENSG00000136960",5168,"ENSP00000259486"
23.1080129436525,23.2870484033726,0.531219962053996,0.380952659760362,71,31,"ANXA6","","ENSG00000197043",309,"ENSP00000431086"
22.3999450235877,22.8293374014895,0.6359971863877,0.458811440024462,71,31,"ITIH2","P19823","ENSG00000151655",3698,"ENSP00000351190"
14.4692307376007,14.4146742520243,2.86510348911313,2.87020640366243,71,31,"APOF","Q13790","ENSG00000175336",319,"ENSP00000381250"
23.6900234375421,23.8960795786501,0.804117481153891,0.739446316482425,71,31,"IGHG3","","ENSG00000282184",NA,"ENSP00000487823"
21.8265529827082,21.8239769949237,0.421491466191071,0.404692354313242,71,31,"IGKV2-28","A0A075B6P5","ENSG00000282025",NA,"ENSP00000487690"
21.9056184630744,22.565235345016,0.679940741937238,0.646646292032503,71,31,"HRG","P04196","ENSG00000113905",3273,"ENSP00000232003"
24.662031067004,24.6235970118623,0.485963952921142,0.331393747354187,70,31,"C3","P01024","ENSG00000125730",718,"ENSP00000245907"
23.5658684901399,24.0909346675955,0.76709442130367,0.514826902735082,71,31,"TTR","","ENSG00000118271",7276,"ENSP00000477599"
16.6292273782658,16.0391999779289,1.66497774603289,1.91194324195318,71,31,"MICU2","Q8IYU8","ENSG00000165487",221154,"ENSP00000371811"
15.2173321396354,15.1094193738362,1.40688930120008,1.51505910369948,71,31,"CALR","","ENSG00000179218",811,"ENSP00000465918"
20.9099108836157,20.6657033725179,0.579543442800281,0.555583424043738,71,31,"ITIH3","","ENSG00000162267",3699,"ENSP00000413922"
20.2207457779648,20.6117692761388,0.709470727723604,0.456319657540344,71,30,"KLKB1","","ENSG00000164344",3818,"ENSP00000426629"
14.4462945420148,14.6574936328334,0.760366934994266,0.817273985740874,71,31,"TPM3","P06753","ENSG00000143549",7170,"ENSP00000357521"
15.6593033421851,16.0687553019148,0.971893224183456,1.30040682012697,71,31,"PRSS1","","ENSG00000274247",5644,"ENSP00000487956"
21.0334107520237,21.4734011740225,1.09008548398835,0.807594256781165,71,31,"RBP4","P02753","ENSG00000138207",5950,"ENSP00000360522"
21.8255833883403,22.1870473572295,0.914217819589581,0.698576693939452,71,31,"APOC3","","ENSG00000110245",345,"ENSP00000410614"
21.9455870915549,20.7682843302215,2.532223896871,3.00237994645434,71,31,"SAA1","","ENSG00000288411",6288,"ENSP00000500630"
14.8875929621759,15.0115319618331,1.59719870268904,1.73688124413817,71,31,"SPARC","P09486","ENSG00000113140",6678,"ENSP00000231061"
26.7856182217738,26.8698289035087,0.440806840601056,0.367954133354798,71,31,"IGKC","","ENSG00000211592",NA,"ENSP00000374777"
20.6359434285855,20.5098060206087,0.668202848181341,0.996939147287842,71,31,"IGLL5","B9A064","ENSG00000254709",100423062,"ENSP00000431254"
22.1765936539874,21.7624435374499,0.685671416153969,0.816301901650379,71,31,"ERN1","","ENSG00000178607",2081,"ENSP00000506094"
17.4648740947894,17.6899027974053,0.802943654571381,0.855422414107499,71,31,"IGHV3-73","A0A0B4J1V6","ENSG00000273539",NA,"ENSP00000488432"
18.9963393923563,18.8278302155669,0.974408945462526,1.04583855313841,71,31,"IGHV2-26","A0A0B4J1V2","ENSG00000282344",NA,"ENSP00000487857"
16.7762511289348,17.052837994546,2.46148775362943,2.40119891725768,71,31,"PZP","P20742","ENSG00000126838",5858,"ENSP00000261336"
20.3188679523804,20.0183536136883,0.720532515998736,0.993902758728262,71,31,"IGKV3D-15","A0A087WSY6","ENSG00000224041",NA,"ENSP00000403672"
16.5763372445204,16.5165897264047,2.17772434587789,2.40317819965435,71,31,"TUBB","P07437","ENSG00000224156",203068,"ENSP00000399155"
13.1057686020424,13.1042704175548,0.922463989982944,0.746745353130227,71,31,"CAPZA1","P52907","ENSG00000116489",829,"ENSP00000263168"
17.8865246639915,17.4415348602282,0.598359671639402,0.629583734218896,71,31,"IGKV1-27","A0A075B6S5","ENSG00000282666",NA,"ENSP00000488456"
13.9550904533039,13.993607667604,1.93302844190068,2.0824857899997,71,31,"PFN1","P07737","ENSG00000108518",5216,"ENSP00000225655"
14.0944544027666,13.2603987967182,1.76005599661995,1.86996302726239,71,31,"GGH","","ENSG00000137563",8836,"ENSP00000503731"
14.4630355439055,15.131927782636,1.2216269937992,1.41781128321358,71,31,"LCN2","P80188","ENSG00000148346",3934,"ENSP00000362108"
14.6234693664965,14.4198271170913,1.25271586647249,1.52819900458732,71,31,"TFRC","","ENSG00000072274",7037,"ENSP00000414015"
9.86083490014924,9.63134781717041,2.57450776599956,2.1841907438607,71,31,"ABCC2","","ENSG00000023839",1244,"ENSP00000496972"
22.1809669363737,22.3783753316326,0.60087750863436,0.410974127964082,71,31,"F2","P00734","ENSG00000180210",2147,"ENSP00000308541"
16.8060366618423,15.7189893941611,1.7974427599027,1.79672297391235,71,31,"FGL1","Q08830","ENSG00000104760",2267,"ENSP00000381133"
22.2391186806017,22.3263513788508,0.598745864870711,0.533224221645675,71,31,"APOE","","ENSG00000130203",348,"ENSP00000413135"
22.8874127541689,22.7635461387722,0.591183856631914,0.427915665299676,71,31,"CFB","P00751","ENSG00000242335",629,"ENSP00000391902"
22.6940688988397,22.6807721883801,0.560215072479144,0.482816125012251,71,31,"C4BPA","P04003","ENSG00000123838",722,"ENSP00000356037"
15.5976456925725,15.3338922328782,1.32345939042661,1.28576989254952,71,31,"IGHV1-3","A0A0C4DH29","ENSG00000282213",NA,"ENSP00000487722"
25.9728388171191,25.8770989006257,0.581008121470667,0.467481628896826,71,31,"SERPINA1","","ENSG00000277377",5265,"ENSP00000486067"
18.8111162761109,18.9931549545669,0.558082788455286,0.473836178658239,71,31,"CPB2","Q96IY4","ENSG00000080618",1361,"ENSP00000181383"
18.2850645290162,18.2885034636924,0.508706551494054,0.385628632686854,71,31,"BTD","P43251","ENSG00000169814",686,"ENSP00000397113"
19.0477793210751,18.8123514969725,1.48247613588572,1.35601502571408,71,31,"IGLC3","P0DOY3","ENSG00000211679",NA,"ENSP00000374857"
15.7091287138512,15.7084960200104,1.5638448391521,1.58920140708885,71,31,"IGLV1-36","A0A0B4J1U3","ENSG00000273737",NA,"ENSP00000479309"
13.8938095053889,14.2224533048139,1.04426022765085,1.1542544934577,71,31,"RNASE4","P34096","ENSG00000258818",6038,"ENSP00000452245"
18.3765793073529,19.0121102339349,0.943448231479083,1.00033894226849,71,31,"ADIPOQ","Q15848","ENSG00000181092",9370,"ENSP00000320709"
19.6087992571462,19.9528670401213,0.737699225147986,0.79843876456476,70,31,"IGKV2D-24","A0A075B6R9","ENSG00000241566",NA,"ENSP00000417136"
12.7184273058444,11.838018384874,1.55171532773439,0.946762566641572,71,31,"TYMP","","ENSG00000025708",1890,"ENSP00000498433"
25.5323263647773,25.4857838165585,0.473922084551799,0.438921421500563,71,31,"FGA","P02671","ENSG00000171560",2243,"ENSP00000498441"
22.4952109265341,22.532034995336,0.554786574665656,0.399876086427052,71,31,"CLU","P10909","ENSG00000120885",1191,"ENSP00000315130"
13.2661908935367,13.8200697608766,1.85030813774655,1.6447889985199,71,31,"AACS","","ENSG00000081760",65985,"ENSP00000416461"
21.3283247927989,21.6114804733541,0.649388924753438,0.494309738951235,70,31,"AZGP1","P25311","ENSG00000160862",563,"ENSP00000292401"
14.4846184508234,14.3762422403394,0.829831340663353,0.862575719593145,71,31,"ATP5F1B","P06576","ENSG00000110955",506,"ENSP00000262030"
20.5186608938417,20.5686109516388,0.533569508368959,0.34694462555709,71,31,"C8G","P07360","ENSG00000176919",733,"ENSP00000360697"
13.3471814692504,13.2668140275985,1.86091445309235,2.02871870932657,71,31,"HSPA5","P11021","ENSG00000044574",3309,"ENSP00000324173"
12.7601036019091,13.0342726475496,0.749613316053445,0.781659921589422,71,31,"CDH13","P55290","ENSG00000140945",1012,"ENSP00000268613"
14.2461191012186,13.9840316418272,1.22884667325162,1.18697860496291,71,31,"TIMP1","","ENSG00000102265",7076,"ENSP00000406671"
14.2822046663012,11.9560092245499,3.43047011965597,2.28353791573757,71,31,"IGLV3-19","P01714","ENSG00000211663",NA,"ENSP00000374844"
14.562361605407,14.9045863407413,1.18754208705409,1.20192124725204,71,31,"IGLV5-37","A0A075B6J1","ENSG00000281471",NA,"ENSP00000487591"
15.5161278174611,14.4615103431908,1.30353067650905,1.23873858815495,71,31,"LCP1","P13796","ENSG00000136167",3936,"ENSP00000381581"
12.9290743383745,13.1432981268858,1.13253699399756,1.17372563785165,71,31,"ATP2A3","Q93084","ENSG00000074370",489,"ENSP00000380234"
19.1500651998186,19.3955354299134,0.462000585542992,0.41290152995345,71,31,"CHN2","","ENSG00000106069",1124,"ENSP00000409843"
11.9677976641625,12.1563154284283,1.51740078952207,1.51844923838958,71,31,"SPARCL1","Q14515","ENSG00000152583",8404,"ENSP00000282470"
17.6484278605904,17.6838936313763,1.15956413034152,1.21532574115815,71,31,"IGKV6D-41","A0A0C4DH26","ENSG00000211626",NA,"ENSP00000374806"
13.5063061515373,12.697434883203,3.2800024671922,3.35454613222902,71,31,"IGHV3-20","A0A0C4DH32","ENSG00000282476",NA,"ENSP00000488747"
22.8422504165371,22.9256838046307,0.48712447226676,0.375620522731506,71,31,"PLG","","ENSG00000122194",5340,"ENSP00000355891"
13.6931195088004,13.5552915414861,2.22626292301245,2.64342977316745,71,31,"BLVRB","","ENSG00000090013",645,"ENSP00000494515"
15.3336220747909,15.4237319697193,1.37332445240281,1.25616195551007,71,31,"IGHV4-28","A0A0C4DH34","ENSG00000282726",NA,"ENSP00000488402"
18.511053685933,17.6688675062611,2.56390221852793,2.74647981179037,71,31,"SAA2","P0DJI9","ENSG00000134339",6289,"ENSP00000416716"
18.8166711098287,18.5157781078504,0.561247772981733,0.499874443387073,71,31,"SERPINA10","Q9UK55","ENSG00000278767",51156,"ENSP00000484632"
16.1571971185982,16.1503051928613,1.71683224368599,2.10292263575589,71,31,"VCL","","ENSG00000035403",7414,"ENSP00000485551"
15.0681289488154,15.0700692663671,1.2562700096957,1.16348622573361,71,31,"PPIA","","ENSG00000196262",5478,"ENSP00000405975"
18.7345249391706,18.5267405571389,0.604547075685391,0.47375599345355,71,31,"HABP2","Q14520","ENSG00000148702",3026,"ENSP00000277903"
16.6816863641563,16.8792846260382,1.70716896532501,1.69308931008653,71,31,"CFHR5","Q9BXR6","ENSG00000134389",81494,"ENSP00000256785"
14.0234711518609,14.0437019396789,1.56750368111036,2.15799036154821,71,31,"YWHAE","P62258","ENSG00000274474",7531,"ENSP00000487356"
24.5973331336165,24.5955596162443,0.842316102904073,0.410952021976661,71,31,"C4B","P0C0L5","ENSG00000228454",721,"ENSP00000364321"
13.4684220227962,13.9607856481823,2.04541679737762,2.13044965367452,71,31,"LDHB","P07195","ENSG00000111716",3945,"ENSP00000379386"
21.1644101131305,21.2064211580878,0.507908660890519,0.435855772588318,71,31,"C1QB","","ENSG00000173369",713,"ENSP00000426317"
15.6011121560097,16.6325070308508,1.71604375853737,1.78714848071575,71,31,"SHBG","","ENSG00000129214",6462,"ENSP00000458875"
14.8557868811143,14.9495903362815,0.99293327667747,0.985249208237334,71,31,"RAB10","P61026","ENSG00000084733",10890,"ENSP00000264710"
21.4221240413605,21.1010610817527,0.669850128098884,0.625549119957029,71,31,"APCS","P02743","ENSG00000132703",325,"ENSP00000255040"
16.5705867230589,16.5583370201489,1.71149353183731,1.75903227903031,71,31,"FCGBP","Q9Y6R7","ENSG00000281123",8857,"ENSP00000487490"
19.5752194387358,18.6458827688091,1.1434044530334,0.923573880434001,71,31,"IGLV3-25","P01717","ENSG00000211659",NA,"ENSP00000374840"
14.5190522672808,14.9270471059202,1.27678997399163,1.29352387171184,71,31,"APOC2","","ENSG00000234906",344,"ENSP00000477261"
14.3407807515174,14.4463678807621,1.76028156528442,1.69380301517905,71,31,"IGKV3D-7","A0A0C4DH55","ENSG00000275777",NA,"ENSP00000487088"
22.8878365600183,22.7610674271302,0.483991241137685,0.455122492539919,71,31,"ITIH4","Q14624","ENSG00000055955",3700,"ENSP00000266041"
17.8681039780116,17.6107526901317,0.712682090646712,0.546700192684718,71,31,"TGFBI","Q15582","ENSG00000120708",7045,"ENSP00000416330"
23.4198880535538,22.9282799479751,0.65483470738524,0.628733528541566,71,31,"SERPINA3","P01011","ENSG00000196136",12,"ENSP00000376795"
12.776178366493,12.7658936264224,3.17553620547685,3.30924213655633,71,31,"IGHV1-45","A0A0A0MS14","ENSG00000282776",NA,"ENSP00000488436"
18.623689006776,18.6923021091208,1.00053083877144,0.709870717381639,71,31,"KRT1","P04264","ENSG00000167768",3848,"ENSP00000252244"
21.4163359196011,21.4833542763868,0.863644518236291,1.02574538744993,69,30,"C4BPB","P20851","ENSG00000123843",725,"ENSP00000356045"
15.2799429123113,15.621724029014,1.45929688523957,1.45475695142971,71,31,"IGHV3-35","A0A0C4DH35","ENSG00000282104",NA,"ENSP00000488667"
22.6818245013529,22.9534434526462,0.531843891215731,0.448811402831979,71,31,"AMBP","P02760","ENSG00000106927",259,"ENSP00000265132"
16.0069627650825,16.0181877291992,0.874287268883176,0.833756117684433,71,31,"ANK1","P16157","ENSG00000029534",286,"ENSP00000339620"
18.7490847060589,18.5500878109555,0.665106052547755,0.57945565520377,71,31,"IGKV1-8","A0A0C4DH67","ENSG00000283113",NA,"ENSP00000488413"
16.195823939737,16.4583362354347,1.04991177121488,0.787789301728093,71,31,"SELENOP","P49908","ENSG00000250722",6414,"ENSP00000420939"
21.3769292409906,21.2724856018824,0.941342461854183,0.894879622521192,71,31,"IGHV3-30","P01768","ENSG00000282777",NA,"ENSP00000488205"
14.6244100605309,14.5204022966865,2.02303862467527,2.08076680708449,71,31,"PARVB","Q9HBI1","ENSG00000188677",29780,"ENSP00000384515"
19.3445750844819,20.1954001465794,0.727873679521476,0.568261505880665,71,31,"APOC1","P02654","ENSG00000130208",341,"ENSP00000465356"
18.7511291134024,18.8395638091211,0.549994582974699,0.432781470488176,71,31,"PROC","","ENSG00000115718",5624,"ENSP00000392606"
14.8505229488691,14.6652575485793,1.57926709914966,1.62571721907194,71,31,"ITGA2B","","ENSG00000005961",3674,"ENSP00000498119"
13.4676544632728,13.7418191435459,1.08765522919359,1.13809946432365,71,31,"SLC2A14","Q8TDB8","ENSG00000173262",144195,"ENSP00000340450"
20.463814027665,20.3893518301152,0.521274470412592,0.540331368987566,71,30,"IGKV3-11","P04433","ENSG00000282823",NA,"ENSP00000487987"
17.7690018986099,17.7687570267713,1.07389084178766,1.16417116591767,71,31,"TGFBR2","P37173","ENSG00000163513",7048,"ENSP00000295754"
15.5276555442576,15.8656793400803,2.16783223121474,2.20334377785948,71,31,"IGHV2-70D","A0A0C4DH43","ENSG00000282482",NA,"ENSP00000488441"
13.6718436280271,13.799498290897,0.885053807906849,0.869033315821892,71,31,"CNN2","Q99439","ENSG00000064666",1265,"ENSP00000263097"
18.5711041879308,18.7821253270361,0.784350093590801,0.877443954513432,70,31,"IGHV3-72","A0A0B4J1Y9","ENSG00000278042",NA,"ENSP00000488019"
18.749065231754,18.5465654651561,0.684336756521108,0.731719455859831,70,31,"IGKV1-16","P04430","ENSG00000282282",NA,"ENSP00000488377"
17.1334530589004,17.3632611744961,1.69901058294321,1.61803530255887,71,31,"GAPDH","P04406","ENSG00000111640",2597,"ENSP00000229239"
23.836778142922,23.9512745678212,0.602849571723112,0.537902293097198,71,31,"APOB","P04114","ENSG00000084674",338,"ENSP00000233242"
21.2259023582117,21.0324734710487,0.5244045089902,0.440890731575657,71,31,"C6","P13671","ENSG00000039537",729,"ENSP00000338861"
15.4542651974135,15.816088062755,1.2818219269499,1.20386365410875,71,31,"YWHAZ","P63104","ENSG00000164924",7534,"ENSP00000379287"
16.1715150650989,16.7012074133528,1.42594158787151,1.09585721826398,71,31,"RTN4R","","ENSG00000040608",65078,"ENSP00000396872"
21.1136825429656,21.4256169398124,0.837762423921277,0.751276739708919,71,31,"NEB","P20929","ENSG00000183091",4703,"ENSP00000386259"
12.3949233738377,12.3950932385335,1.06103526738817,0.914467089236102,71,31,"KRT86","","ENSG00000170442",3892,"ENSP00000452237"
18.3382670695223,18.0253705354854,2.17721992801652,2.34453211418733,71,31,"IGHD","","ENSG00000278801",NA,"ENSP00000488303"
22.4511822974918,22.1935616152539,1.56744230252759,1.47872407145494,71,31,"C7","P10643","ENSG00000112936",730,"ENSP00000322061"
13.1751659205172,13.3602585105294,1.24749924429304,1.34316101633955,71,31,"RTN4","Q9NQC3","ENSG00000115310",57142,"ENSP00000378107"
19.4084329529175,19.4627872652043,0.737679615338694,0.653578989213664,71,31,"IGKV1-17","P01599","ENSG00000281978",NA,"ENSP00000488092"
14.4160772245886,14.9345342771994,0.610897006873275,0.840973221287165,71,31,"PCYOX1","","ENSG00000116005",51449,"ENSP00000404327"
18.1712385476728,17.8545009627348,0.791407733727304,0.868343757256591,71,31,"IGHV3-15","A0A0B4J1V0","ENSG00000282290",NA,"ENSP00000488894"
15.1777823295443,15.1313831283135,1.86165402807603,2.08688122860923,71,31,"PDLIM1","O00151","ENSG00000107438",9124,"ENSP00000360305"
20.0758020986377,20.3690176827171,1.17270118043873,0.87349973786404,71,31,"C1S","P09871","ENSG00000182326",716,"ENSP00000385035"
17.3126967767363,17.3675527904286,1.18526401143974,1.11463045013342,71,31,"QSOX1","O00391","ENSG00000116260",5768,"ENSP00000356574"
12.9765149073945,13.3515752584422,1.64216128290959,2.07750567761875,68,31,"IGFBP2","","ENSG00000115457",3485,"ENSP00000401698"
19.6875538687366,18.5401157514796,2.11217823574817,2.44284865434084,71,31,"CRP","P02741","ENSG00000132693",1401,"ENSP00000255030"
15.4057485382339,15.824288956711,1.17779921933093,0.923059328657915,71,31,"TMEM241","","ENSG00000134490",85019,"ENSP00000462199"
13.9320987667287,14.0707008897143,1.33040453874383,1.29118379084533,71,31,"WDR1","O75083","ENSG00000071127",9948,"ENSP00000427687"
17.089647129408,16.127401406859,1.25721807605975,1.78039729637915,71,31,"IGHV3-64D","A0A0J9YX35","ENSG00000282639",NA,"ENSP00000488230"
14.0521659630348,14.0134690531753,1.2406124234048,1.24176488377173,71,31,"CLIC1","O00299","ENSG00000226651",1192,"ENSP00000406335"
17.4200338265442,17.0543794058471,1.36572587768077,1.67821403387899,71,31,"CNDP1","Q96KN2","ENSG00000150656",84735,"ENSP00000351682"
15.2172872327249,15.8919611046301,3.23749111662755,3.14485231630813,71,31,"LPA","P08519","ENSG00000198670",4018,"ENSP00000321334"
12.587911315642,11.5219984411799,3.80466861358018,3.17043076314934,71,31,"IGHV7-4-1","A0A0J9YVY3","ENSG00000282122",NA,"ENSP00000487727"
22.3482063519147,22.4190106519279,0.408031180292628,0.431126398759515,71,31,"C5","P01031","ENSG00000106804",727,"ENSP00000223642"
15.483474582362,16.8627244662494,1.93450318995319,1.04796996559705,71,31,"COMP","","ENSG00000105664",1311,"ENSP00000439156"
13.7076213270389,13.6194881345158,1.14974201846535,1.05802606401348,71,31,"ARPC1B","","ENSG00000130429",10095,"ENSP00000413173"
25.6275133008607,25.3207140106404,0.60658971486416,0.65958814748432,71,31,"HP","P00738","ENSG00000257017",3240,"ENSP00000348170"
17.9289092706956,17.9538676390312,2.95430400151254,2.67880505243935,71,31,"COL6A3","P12111","ENSG00000163359",1293,"ENSP00000295550"
18.9832506610648,18.5969062020504,0.91401022520442,0.815236159842795,71,31,"IGLV1-40","P01703","ENSG00000274575",NA,"ENSP00000479659"
12.9562881353769,11.4729263677282,3.559549147406,2.99612926915225,71,31,"IGLL1","P15814","ENSG00000128322",3543,"ENSP00000249053"
23.169563569271,22.9774935045511,0.577489729079735,0.488673995378837,71,31,"SERPING1","","ENSG00000149131",710,"ENSP00000384561"
17.8563687414916,17.395312196397,0.998506568074831,1.27243150811769,71,31,"IGHV3-43","A0A0B4J1X8","ENSG00000282151",NA,"ENSP00000487611"
20.1055092949855,19.8896560621976,0.70746594632887,0.805137525237524,71,31,"IGHV2-5","P01817","ENSG00000277318",NA,"ENSP00000473889"
25.5125814828607,25.3740192472645,0.476631822226632,0.45458805620164,71,31,"FGB","P02675","ENSG00000171564",2244,"ENSP00000306099"
20.7375608743935,21.1306933076287,0.984340440543421,0.891008249020602,71,31,"HPR","","ENSG00000261701",3250,"ENSP00000497360"
23.6647381944189,24.1564759588895,0.750178886908848,0.595167221980202,71,31,"AHSG","P02765","ENSG00000145192",197,"ENSP00000393887"
19.8538958575813,20.4841164889605,0.803173233499811,0.837882666365683,71,31,"APOD","P05090","ENSG00000189058",347,"ENSP00000345179"
19.54161819488,19.135696754502,0.717164146060741,0.581077009579276,71,31,"IGKV1D-33","P01593","ENSG00000239975",NA,"ENSP00000374800"
18.6057712956645,17.6431972575255,1.14221577095478,0.830446930167622,71,31,"IGHV1-24","A0A0C4DH33","ENSG00000282284",NA,"ENSP00000488412"
13.6637237082588,14.0100601537768,1.02739600920561,1.11918079464037,71,31,"IGHV3-38","A0A0C4DH36","ENSG00000282425",NA,"ENSP00000487804"
18.4988928441511,18.7584083943483,0.896261590634644,0.521103838015196,70,31,"HGFAC","Q04756","ENSG00000109758",3083,"ENSP00000372224"
15.3258454503757,15.6886803701904,2.18271282705273,2.28392664655366,71,31,"ITGB3","P05106","ENSG00000259207",3690,"ENSP00000452786"
20.7459833141924,20.9860002919598,0.652937082498991,0.494350222920807,71,31,"F12","P00748","ENSG00000131187",2161,"ENSP00000253496"
21.3572270457886,21.4162862286086,0.681492543291389,0.750425380376108,71,31,"IGHV4-61","A0A0C4DH41","ENSG00000282451",NA,"ENSP00000487694"
24.4232484395436,24.5866768618682,0.60779245718007,0.656608672300394,71,31,"A2M","P01023","ENSG00000175899",2,"ENSP00000323929"
21.9502034981598,22.1640690099624,0.768989971673791,0.794111285477937,71,31,"FN1","P02751","ENSG00000115414",2335,"ENSP00000394423"
14.6612289455748,14.4283432630116,1.96851856560777,1.8775483076198,71,31,"MBL2","P11226","ENSG00000165471",4153,"ENSP00000363079"
17.4419288350909,17.6213750319961,1.18300640067108,1.0977923382938,71,31,"TUBA4A","P68366","ENSG00000127824",7277,"ENSP00000248437"
14.8579761668299,14.6758061295966,1.36135042996405,1.33837904340697,71,31,"IGKV3D-20","A0A0C4DH25","ENSG00000211625",NA,"ENSP00000374805"
14.8482003068561,14.0736043127897,2.36349057070202,2.62182095289706,71,31,"IGKV1D-13","A0A0B4J2D9","ENSG00000276566",NA,"ENSP00000480959"
17.906790305647,18.1747015399683,0.833010943772703,0.996649738215428,68,31,"GPLD1","P80108","ENSG00000112293",2822,"ENSP00000230036"
19.9534835537365,20.457733766022,0.814372908463394,0.658274371358477,71,31,"CFHR1","Q03591","ENSG00000244414",3078,"ENSP00000314299"
24.5983840587212,24.5336687833657,4.08000620420582,4.01007051733014,71,31,"ALB","","ENSG00000163631",213,"ENSP00000392541"
16.1722984945138,16.1184148375338,0.989813406114027,1.00404146037186,71,31,"IGKV1D-16","P01601","ENSG00000241244",NA,"ENSP00000418200"
14.9201190492221,14.7474652845012,0.831739549436539,1.12282819616882,70,30,"ALDOB","P05062","ENSG00000136872",229,"ENSP00000497767"
19.6193094897491,19.5569064089516,1.23625506486281,1.51556072962269,71,31,"HBD","","ENSG00000223609",3045,"ENSP00000292901"
19.0138802985312,19.3499906028222,0.715274575477754,0.5383722350212,70,31,"APOM","","ENSG00000235754",55937,"ENSP00000397018"
19.2318786046279,19.4403068002819,0.575556975408566,0.577482499817663,71,31,"F13A1","P00488","ENSG00000124491",2162,"ENSP00000264870"
15.2143846750829,15.7987531599376,1.89207088880875,1.63811530079116,71,31,"VNN1","O95497","ENSG00000112299",8876,"ENSP00000356905"
17.8117546936044,17.9690757404009,0.656515719380151,0.415101708559824,71,31,"F11","P03951","ENSG00000088926",2160,"ENSP00000384957"
22.2133374308282,22.2538352734983,0.531614965153298,0.48957970857206,71,31,"C1QA","P02745","ENSG00000173372",712,"ENSP00000363773"
21.8446854764833,21.6775337871784,0.559341556268861,0.498393638028616,71,31,"C9","P02748","ENSG00000113600",735,"ENSP00000263408"
18.9050418382983,18.7822588810396,0.717286229748638,0.581679108119162,71,31,"F10","","ENSG00000126218",2159,"ENSP00000387092"
17.8493541538721,17.7074144404892,1.4599251694854,1.69284171393942,71,31,"CA1","P00915","ENSG00000133742",759,"ENSP00000430656"
19.2063667518044,19.4175972498331,1.24659680558929,1.49310041300344,71,31,"F5","P12259","ENSG00000198734",2153,"ENSP00000356771"
19.1676692532207,19.1783146863052,1.00873151685403,0.976524077666405,67,31,"PF4","P02776","ENSG00000163737",5196,"ENSP00000296029"
13.4821339213829,12.2582091513078,1.85904106003327,1.09885469914174,71,31,"FTL","P02792","ENSG00000087086",2512,"ENSP00000366525"
16.7691671708846,17.1302513764026,0.863926666343969,0.711253190684527,71,31,"ANG","P03950","ENSG00000214274",283,"ENSP00000336762"
18.835765817827,19.2284206681065,0.612921050651231,0.481500159393408,71,31,"F13B","","ENSG00000143278",2165,"ENSP00000497116"
15.4561736044567,15.7804384575901,0.773152673873264,0.871031617824732,71,31,"IGFBP4","P22692","ENSG00000141753",3487,"ENSP00000269593"
22.5990891836102,23.2005612837632,0.633769737427933,0.546416426597536,71,31,"APOH","P02749","ENSG00000091583",350,"ENSP00000205948"
25.3817905368682,25.6266689213142,0.544063287467538,0.475003162641196,71,31,"TF","","ENSG00000091513",7018,"ENSP00000417468"
20.0148065008401,19.8808787212766,0.61098690132391,0.463489806390837,71,31,"FCN3","O75636","ENSG00000142748",8547,"ENSP00000270879"
14.0617729138431,13.7167594719748,1.30068055100344,1.20116329611764,71,31,"IGHV1-8",NA,NA,NA,NA
20.4312236673363,20.2717662096945,0.600268580479603,0.449409087217352,71,31,"C2","","ENSG00000231543",717,"ENSP00000400097"
19.2522572943469,18.9803846100554,1.05130494764559,1.33180873133796,71,31,"VWF","P04275","ENSG00000110799",7450,"ENSP00000261405"
14.3441183758961,14.1377583684544,2.62522285358775,2.60404450700248,71,31,"MMRN1","Q13201","ENSG00000138722",22915,"ENSP00000378431"
17.892647574026,17.982925116907,0.88829357515998,0.712362269728301,67,30,"LCAT","P04180","ENSG00000213398",3931,"ENSP00000264005"
14.4805013511227,14.5006902531551,1.9286880201782,2.03617677705787,71,31,"MFAP4","","ENSG00000166482",4239,"ENSP00000468578"
18.4769743464113,18.5571800126305,0.523732047199451,0.418171909842044,71,31,"F9","P00740","ENSG00000101981",2158,"ENSP00000218099"
20.2425895397165,20.3640959664311,0.668862289124973,0.522178549805328,71,31,"APOL1","O14791","ENSG00000100342",8542,"ENSP00000411507"
15.4435496570424,15.3511962462665,0.755999294392566,0.760341713714602,70,31,"CTSD","","ENSG00000117984",1509,"ENSP00000490344"
18.7036567172972,18.334247691047,0.976286684087902,1.01155058884677,71,31,"IGHV1-18","A0A0C4DH31","ENSG00000282716",NA,"ENSP00000488395"
18.4040455440187,18.571275476527,0.814475164207584,0.908627435487774,69,31,"CLEC3B","P05452","ENSG00000163815",7123,"ENSP00000296130"
18.3392823878508,18.6523019122037,0.652838277776967,0.357608691843639,71,31,"ATRN","O75882","ENSG00000088812",8455,"ENSP00000262919"
14.1180362314041,13.4947879538275,1.94150412126758,1.58198342377914,71,31,"HLA-A","","ENSG00000227715",3105,"ENSP00000403922"
20.9112534340776,20.8280395926909,0.579708297510465,0.759658665464692,71,31,"IGKV1-5","P01602","ENSG00000282801",NA,"ENSP00000488639"
19.7049604325781,20.1376120123064,1.32487157252676,1.44798180456979,71,31,"KNG1","P01042","ENSG00000113889",3827,"ENSP00000396025"
20.8468780879156,20.826067316003,0.746694710340427,0.565360924821716,71,31,"SAA4","P35542","ENSG00000148965",6291,"ENSP00000278222"
14.5253706036423,15.7337705749786,2.01407161068378,1.26843494431568,71,31,"SERPINA5","","ENSG00000188488",5104,"ENSP00000450484"
22.362698017919,22.432999485337,0.666227142406769,0.526563279767333,71,31,"SERPIND1","P05546","ENSG00000099937",3053,"ENSP00000215727"
19.6971876403527,19.7148551848011,0.402341525540146,0.2879965591525,71,31,"PROS1","P07225","ENSG00000184500",5627,"ENSP00000377783"
16.6887568582367,16.6729247758314,1.90179054712862,2.20675878909509,71,31,"TPM4","","ENSG00000167460",7171,"ENSP00000466158"
17.7981948096135,17.9966823342174,0.682063453936479,0.460973770212569,70,30,"MST1","","ENSG00000173531",4485,"ENSP00000394756"
18.9347232285657,19.0801439564784,0.679609122881431,0.583201726654592,71,31,"CFP","P27918","ENSG00000126759",5199,"ENSP00000380189"
23.6236849095545,23.6409515473333,0.600514788574712,0.336312623158417,71,31,"GC","P02774","ENSG00000145321",2638,"ENSP00000273951"
21.1285550478308,21.1107371395302,0.453055862804948,0.387862321954182,71,31,"CPN2","P22792","ENSG00000178772",1370,"ENSP00000319464"
19.8920557115389,19.668178752702,0.612051118972594,0.591809585133325,71,31,"IGHV3-23","P01764","ENSG00000281962",NA,"ENSP00000487761"
14.4324394936047,14.446341768092,0.858325147432005,0.994613900766248,71,31,"TPI1","P60174","ENSG00000111669",7167,"ENSP00000229270"
12.6942989420485,11.4739159284129,1.8142838195981,1.44052316883152,71,31,"ANGPTL6","","ENSG00000130812",83854,"ENSP00000465597"
17.5432898488799,17.1778313814818,0.738879868620254,1.00551690537289,68,28,"APMAP","","ENSG00000101474",57136,"ENSP00000395874"
13.8385165626994,13.3000462956643,1.80673072980405,1.72966455677798,71,31,"PCSK9","","ENSG00000169174",255738,"ENSP00000501004"
14.6426765707121,14.6960386622168,0.765792551020568,0.68616161546485,71,31,"CORO1C","Q9ULV4","ENSG00000110880",23603,"ENSP00000261401"
13.6396600080779,13.59364561375,1.63491635488782,1.70601498658193,71,31,"CORO1A","","ENSG00000102879",11151,"ENSP00000456266"
22.3281205942544,22.3401872793207,0.575820233992462,0.462045608461716,71,31,"VTN","P04004","ENSG00000109072",7448,"ENSP00000226218"
18.2295819119809,17.7917376952283,0.795316032114615,1.01152194262074,69,29,"PRG4","","ENSG00000116690",10216,"ENSP00000431330"
14.4616070790146,14.3063758194871,1.23311922469704,1.3077667302013,71,31,"HSPA8","P11142","ENSG00000109971",3312,"ENSP00000437125"
17.6689274941818,17.5641322608908,2.10906626394146,1.70457475772862,71,31,"LTF","P02788","ENSG00000012223",4057,"ENSP00000231751"
17.5225602422658,17.7236509618302,2.29960783631703,2.23457483303453,71,31,"FLNA","","ENSG00000196924",2316,"ENSP00000408921"
17.0742131234456,17.1157989003838,0.739504665822313,0.794484312635768,71,31,"IGLV2-11","P01706","ENSG00000211668",NA,"ENSP00000374849"
18.5878410495712,18.0760906226166,1.06129477277609,1.49559816891962,71,31,"IGHV3-11","P01762","ENSG00000282322",NA,"ENSP00000488236"
20.9699361695358,21.451261012398,0.563118679026292,0.449869881682724,71,31,"GSN","P06396","ENSG00000148180",2934,"ENSP00000362929"
15.8332182700162,15.9342869573656,2.01508007722266,2.071094386833,71,31,"FERMT3","","ENSG00000149781",83706,"ENSP00000445778"
15.6075990444624,15.6256193078719,0.643613016979963,0.61089760665154,71,31,"SELL","P14151","ENSG00000188404",6402,"ENSP00000236147"
18.3573442255951,18.4836965332574,1.29258409432672,1.1058225434909,61,28,"ACTN1","P12814","ENSG00000072110",87,"ENSP00000377941"
18.8111356684825,19.0196237595657,1.12327731924904,0.930137733358232,71,31,"PPBP","P02775","ENSG00000163736",5473,"ENSP00000296028"
15.3506964985057,15.5266997513049,1.54401981866896,1.53804149141931,71,31,"MYL6","","ENSG00000092841",4637,"ENSP00000446640"
16.6484842297796,16.4682853283021,1.18809708119154,1.10833243808272,71,31,"KRT2","P35908","ENSG00000172867",3849,"ENSP00000310861"
13.2325869217812,13.6753431811999,1.14193122435259,1.37950707102192,71,31,"CFHR3","","ENSG00000116785",10878,"ENSP00000436258"
17.0286592719476,16.691638380427,0.685307379438818,0.603404046408259,71,31,"SYNM","","ENSG00000182253",23336,"ENSP00000453040"
17.3167205255465,17.0119135313399,1.13996883348432,1.12230593028093,70,31,"KRT10","P13645","ENSG00000186395",3858,"ENSP00000269576"
15.3623061302967,15.9209878068239,1.57717874164974,1.84237409640049,71,31,"DEFA1","P59665","ENSG00000284983",1667,"ENSP00000496058"
17.5853452125936,18.0815962218876,0.791757175301747,0.991962385044479,71,31,"LYZ","P61626","ENSG00000090382",4069,"ENSP00000261267"
21.3797673563905,21.5337125537462,1.08366916348167,0.793052301293209,71,31,"C8B","P07358","ENSG00000021852",732,"ENSP00000360281"
20.19912482462,20.3868589479835,0.625973643776561,0.738722453679231,70,31,"B2M","P61769","ENSG00000273686",567,"ENSP00000481426"
14.3571619385983,14.5067300671602,1.171821376555,1.42167861818808,71,31,"HBG1","P69891","ENSG00000213934",3047,"ENSP00000327431"
21.3714704254,21.5997214237382,0.897761882437789,0.824330050644462,71,31,"ACTB","P60709","ENSG00000075624",60,"ENSP00000502821"
18.616985754827,18.6387747049455,0.672129675457283,0.578908696063523,71,31,"CD14","P08571","ENSG00000170458",929,"ENSP00000385519"
16.4635564428112,17.1089202590357,0.978750567523127,0.780950736535408,69,30,"CFD","P00746","ENSG00000274619",1675,"ENSP00000478745"
21.8754765724427,22.0128438313418,0.554187293121444,0.458152174982423,70,31,"PON1","P27169","ENSG00000005421",5444,"ENSP00000222381"
22.4019541614713,22.410875870528,0.429452430514892,0.491765400024741,71,31,"IGKV4-1","P06312","ENSG00000211598",NA,"ENSP00000374778"
14.6569023333655,14.676547852959,0.76666385503478,0.752545123006865,71,31,"LGALS1","P09382","ENSG00000100097",3956,"ENSP00000215909"
21.6828235601148,21.7300409491434,0.51658988431676,0.393566102892027,71,31,"CFI","P05156","ENSG00000205403",3426,"ENSP00000378130"
20.9829074708797,20.2695987623903,0.838574532254079,0.65031716516505,71,31,"LGALS3BP","","ENSG00000108679",3959,"ENSP00000465120"
14.1838978783462,14.5360734099349,2.15380264816033,2.12415991035614,71,31,"MYL12A","P19105","ENSG00000101608",10627,"ENSP00000462171"
18.9637531041522,19.0327127714874,0.530518150017515,0.696385818635703,71,31,"FBLN1","","ENSG00000077942",2192,"ENSP00000415289"
16.6543620538934,16.9320724557434,1.39673548877915,1.28787498931424,71,31,"FCN2","Q15485","ENSG00000160339",2220,"ENSP00000291744"
13.8183155950886,13.6931650987098,0.676603181442984,0.490704602801224,60,31,"SFTPB","P07988","ENSG00000168878",6439,"ENSP00000428719"
25.282809546846,25.2626607908694,0.426644339461685,0.306641416413008,70,31,"IGLC2","P0DOY2","ENSG00000211677",NA,"ENSP00000374856"
16.1215946140762,15.4500306315348,1.34047025772023,1.69483365504937,71,31,"IGHV1-46","P01743","ENSG00000282131",NA,"ENSP00000488713"
18.8670925199274,18.8449180930049,0.534542444366623,0.407694994254274,71,31,"SERPINA7","P05543","ENSG00000123561",6906,"ENSP00000329374"
10.5125815509175,11.081653240235,2.22690008151409,2.28576532020588,71,31,"GREB1L","Q9C091","ENSG00000141449",80000,"ENSP00000412060"
15.3547591331422,14.9698254274591,0.855864086902089,0.609855776307918,71,31,"OAF","Q86UD1","ENSG00000184232",220323,"ENSP00000332613"
23.7927705758556,23.7805320251539,0.802904018722984,0.959596014614349,71,31,"HBB","P68871","ENSG00000244734",3043,"ENSP00000333994"
17.8521110048929,17.7766880006468,0.974379638207035,0.831370332987656,71,31,"IGKV2-30","P06310","ENSG00000281933",NA,"ENSP00000488685"
16.1986905423403,16.5442040971066,2.09258276342508,1.96361595079008,71,31,"CFL1","P23528","ENSG00000172757",1072,"ENSP00000309629"
18.3818716781797,18.8348906466887,1.01061038829507,0.960525986526135,71,31,"IGHV3-53","P01767","ENSG00000282593",NA,"ENSP00000488526"
21.1578899759486,21.4638682359781,0.844864293141063,0.832263810862208,71,31,"JCHAIN","P01591","ENSG00000132465",3512,"ENSP00000254801"
21.4834276273629,21.8593924381093,0.696491182508448,0.498460457722123,71,31,"ITIH1","P19827","ENSG00000055957",3697,"ENSP00000273283"
17.504203693873,16.8418119344207,0.99993074016898,1.0281714021533,71,31,"IGHV4-34","P06331","ENSG00000276491",NA,"ENSP00000482820"
24.8669788598231,25.0060965837065,0.671087612181252,0.445947311719369,71,31,"HPX","P02790","ENSG00000110169",3263,"ENSP00000265983"
23.4135950013376,23.3363839533565,0.478489526607669,0.397266825489919,71,31,"SERPINF2","","ENSG00000276838",5345,"ENSP00000488707"
17.6192287163218,18.1500705590476,0.709464662797837,0.543390936853813,71,31,"EFEMP1","Q12805","ENSG00000115380",2202,"ENSP00000378058"
14.0717268161043,13.2771078369517,2.85093649606917,2.42737228591924,71,31,"ICAM1","","ENSG00000090339",3383,"ENSP00000413124"
17.587103329673,17.8934284151897,0.62811808268599,0.589010404591158,68,30,"FETUB","","ENSG00000090512",26998,"ENSP00000396581"
17.0319094409098,16.6461474072337,2.31829856314029,2.33229902185478,71,31,"PKM","P14618","ENSG00000067225",5315,"ENSP00000334983"
18.2706439820213,18.2504347619706,0.55813520771202,0.436164030348354,71,31,"ECM1","Q16610","ENSG00000143369",1893,"ENSP00000358045"
21.0193325612645,20.9899606441808,0.720920665693044,0.881334214426138,70,31,"IGHV3-9",NA,NA,NA,NA
18.693758310121,18.7871111503274,1.27479345750431,1.10762714717162,69,31,"THBS1","","ENSG00000137801",7057,"ENSP00000380720"
14.3538823399702,14.2040185301956,1.46338705799519,1.68921876280698,71,31,"ALDOA","","ENSG00000149925",226,"ENSP00000456020"
16.4906229385939,16.1123389646394,2.2399679948894,2.60904649210838,71,31,"PRDX2","","ENSG00000167815",7001,"ENSP00000334063"
15.2389217984664,14.9404701289071,1.55706189170381,1.32652406821061,71,31,"IGKV2-29",NA,NA,NA,NA
24.2370859523803,24.34303106281,0.702432962699517,0.739374443872321,70,31,"IGHA1","P01876","ENSG00000282633",NA,"ENSP00000488021"
22.5036574683544,22.5429899758819,0.567082921314076,0.517436824817861,70,31,"AGT","","ENSG00000135744",183,"ENSP00000506329"
18.7188583204068,18.1660019394198,0.812464072712463,0.580064944110165,71,31,"IGKV1-39","P01597","ENSG00000282120",NA,"ENSP00000488680"
18.5172959587744,18.6473600944387,1.32629566020132,1.03770196134174,71,31,"IGHV3-30-3",NA,NA,NA,NA
20.9715504845696,21.4056735760552,0.628039276204259,0.613722062289445,71,31,"PGLYRP2","Q96PD5","ENSG00000161031",114770,"ENSP00000292609"
19.571400819414,19.09176457032,0.782766550364968,0.6839661976364,71,31,"IGLV1-47","P01700","ENSG00000211648",NA,"ENSP00000374829"
13.6879428765316,13.8796760133784,0.611210619100671,0.775234660518227,64,24,"S100A12","P80511","ENSG00000163221",6283,"ENSP00000357726"
21.75903367899,21.6458269233113,0.464222394039926,0.576569658896908,71,31,"IGKV3-20","P01619","ENSG00000282402",NA,"ENSP00000487628"
15.9458013255421,15.6910986234536,1.98623080194484,2.01561310874015,71,31,"PROZ","P22891","ENSG00000126231",8858,"ENSP00000364697"
25.3237793389134,25.6129420345899,0.736913064374809,0.669380537498988,70,31,"IGHG2","P01859","ENSG00000274497",NA,"ENSP00000480351"
20.372899411957,20.5439342528344,0.806223666951504,1.05561037732107,71,31,"CD5L","O43866","ENSG00000073754",922,"ENSP00000357156"
19.7414336897261,20.0108258621347,1.14185320363312,0.965391572490328,71,31,"ACTC1","P68032","ENSG00000159251",70,"ENSP00000290378"
15.3679467324959,15.6377223079891,0.844729215734134,0.862914606104549,71,31,"SH3BGRL3","Q9H299","ENSG00000142669",83442,"ENSP00000270792"
12.9884622896343,11.542669448496,4.07993353346412,3.64162781470308,71,31,"IGHV4-30-4",NA,NA,NA,NA
17.6260959896283,17.9427042882786,2.04423433896905,2.36341806144919,71,31,"S100A9","P06702","ENSG00000163220",6280,"ENSP00000357727"
14.551578996134,14.3039658502195,1.26258535204431,1.21537485370182,71,31,"STOM","P27105","ENSG00000148175",2040,"ENSP00000286713"
14.7481972418332,15.0881170354121,0.71551712889328,0.932632959689434,71,31,"THBS4","P35443","ENSG00000113296",7060,"ENSP00000339730"
