"mean_covid","mean_healthy","sd_covid","sd_healthy","number_covid","number_healthy","uniprot","gene_name","gene_id","entrez_id","protein_id"
13.3598863622105,12.6562713983778,1.30066134332668,1.36400574146585,16,91,"P35237;A0A087X1N8;A0A024QZX5","SERPINB6","ENSG00000124570",5269,"ENSP00000369896"
14.9887273899326,15.9912683483702,1.11116831563354,0.721055733539633,5,56,"O60462;O60462-5;A0A024R412;A0A024R3W6;Q7LBX6;X5D2Q8;O60462-6;O60462-4;O60462-2;O60462-3","NRP2","ENSG00000118257",8828,"ENSP00000353582"
17.2979508877726,17.0557402453352,0.68285893370027,0.956118984514322,31,262,"A0A075B6H7;P04434","IGKV3-7","ENSG00000282310",NA,"ENSP00000487957"
12.8524276396152,13.2252588782413,1.2584125773064,1.27066473674733,16,193,"A0A075B6I0","IGLV8-61","ENSG00000211638",NA,"ENSP00000374818"
14.8148905196746,13.9635281811278,1.46861596387606,1.2391263855046,10,149,"A0A075B6I5;P01702;P06316","IGLV1-51","ENSG00000211644",NA,"ENSP00000374825"
14.9506254769498,14.9567343098293,1.07806450895451,1.21391604816681,28,193,"A0A075B6I9","IGLV7-46","ENSG00000211649",NA,"ENSP00000374830"
12.6227669488342,11.8341061441149,1.35788481382506,1.8241246660862,8,72,"A0A075B6J1","IGLV5-37","ENSG00000281471",NA,"ENSP00000487591"
17.321102855384,17.1008489942571,0.862063337824248,0.82157402262673,31,262,"A0A075B6J4;A0A075B6J3","IGLV3-25;IGLV3-27",NA,NA,NA
11.6827750744336,12.731696825018,NA,1.32645067669659,1,66,"A0A075B6J5","IGLV2-23","ENSG00000211660",NA,"ENSP00000374841"
18.3108230018345,17.9349966262182,0.8359778226325,1.26531235533735,26,242,"A0A075B6J7","IGLV3-21","ENSG00000211662",NA,"ENSP00000374843"
16.0818042414229,15.814811115643,0.925565598538334,1.04721532934366,31,262,"A0A075B6J8","IGLV3-19","ENSG00000211663",NA,"ENSP00000374844"
14.7429373089658,14.9376714634732,1.18014976843183,1.18843557256563,26,232,"A0A075B6J9","IGLV2-18","ENSG00000211664",NA,"ENSP00000374845"
13.2145401604916,13.4928144096852,1.77574949424385,1.63377911583759,14,132,"A0A075B6K3","IGLV2-11","ENSG00000211668",NA,"ENSP00000374849"
16.7135417575547,16.1044555178707,1.20873131729466,1.16810690589501,31,260,"A0A075B6K4","IGLV3-10","ENSG00000211669",NA,"ENSP00000374850"
15.2563561237037,15.111187854052,1.04368954307268,1.28428855161561,30,257,"A0A075B6K5","IGLV3-9","ENSG00000211670",NA,"ENSP00000374851"
14.5750650118458,15.386930482283,1.56956642103615,1.38331457504225,22,242,"A0A075B6K9;P0CG05;P0CF74","IGLC2;IGLC6",NA,NA,NA
13.5803324254308,13.1310277312982,1.39936948896801,1.46652837779267,21,184,"A0A075B6Q5","IGHV3-64","ENSG00000274236",NA,"ENSP00000488676"
13.6079339143527,13.5027419079002,1.09901152876865,1.20421202815227,30,232,"A0A087X0Q4;A0A087WW87;A0A075B6R1","IGKV2-40;IGKV2D-40",NA,NA,NA
17.2203468964834,17.2555986606289,0.768110615361139,0.773947668593725,31,261,"A0A075B6R9;A0A0C4DH68","IGKV2D-24;IGKV2-24",NA,NA,NA
14.9590511879905,14.6690394826967,0.877034036459789,1.32052002100126,31,248,"A0A087X0P6;A0A075B6S2;A0A0A0MRZ7","IGKV2D-29","ENSG00000243264",NA,"ENSP00000417637"
12.17946554018,11.9859943138718,1.62211207299215,1.38018580358996,4,24,"A0A075B7D0","IGHV1OR15-1","ENSG00000270505",NA,"ENSP00000474284"
14.6319353168932,15.1985421615231,1.35395801543888,1.02916476881848,11,56,"F6TER3;A0A087WSV6;A8MVE2;D9IDM5;F6RVM3;A0A087WSX8;A0A0B4J1W1;Q8NHL6;A0A0G2JLS4;A0A0G2JQ15;A0A0G2JP64;A0A0G2JNM2;A0A0G2JNQ6;A0A0G2JP80;D9IDM6;A0A0G2JQ44;Q8NHL6-3;A0A0G2JNR3;A0A0G2JNK9;Q8NHL6-5;Q8NHL6-2;Q8NHL6-4;A0A0G2JQ46;O75019;A0A0G2JP96;A0A0D9SES5;A0A0G2JM99;O75019-2;A0A087WVJ8;A0A0G2JS62;A0A0G2JQS6;A0A0G2JLV5","LILRB1;LILRA1",NA,NA,NA
13.1825652133005,11.4294078438189,NA,2.13665994737607,1,3,"A0A087WSX4;A0A0C4DH42","IGHV3-53;IGHV3-66",NA,NA,NA
10.4261595362855,12.5956322122875,NA,0.975598125077769,1,4,"A0A087WSY4","IGHV4-31","ENSG00000231475",NA,"ENSP00000395656"
14.2415972081409,13.8199160509102,0.646338698393567,1.15665162761861,27,212,"A0A087WSY6","IGKV3D-15","ENSG00000224041",NA,"ENSP00000403672"
16.5587826910162,16.2932988977131,0.77701376047879,0.888206270028976,31,262,"A0A087WU91;A0A0A0MS15","IGHV3-49","ENSG00000275316",NA,"ENSP00000488069"
14.8448267789135,15.1143209221085,1.60993829919594,2.11732201303173,27,246,"A0A087WUS7;A0A0A0MS09","IGHD","ENSG00000278801",NA,"ENSP00000488303"
13.234587445816,13.3023726675524,0.764063909868573,0.689233016200804,7,53,"P27635;F8W7C6;A0A087WV22;X1WI28","RPL10","ENSG00000147403",6134,"ENSP00000388600"
12.4876586000531,13.0645107201422,0.947966982690724,0.922360067874509,22,236,"Q00610;A0A087WVQ6;Q00610-2;J3KS13;A0A087WX41;K7EJJ5;J3KSQ2;J3KRF5;F5H5N6","CLTC","ENSG00000141367",1213,"ENSP00000376763"
20.1478107361714,19.9614492147817,0.743727211455704,0.75381977025026,31,262,"A0A087WW89;A0A0B4J1Y9","IGHV3-72","ENSG00000278042",NA,"ENSP00000488019"
22.6450709737292,22.6684523850201,0.52693667081097,0.632569492255452,31,262,"A0A087WWC9;A0A087WXC3;A0A087WWU7;A0A087WYN7;A0A087WWT5;A0A087WX49;B9A064;A0A0B4J231;A0A087WU42;A0A087X2A1;A0A075B6K8;P0CG04;A0A075B6K7","IGLL5;IGLC1",NA,NA,NA
19.2186725574706,19.6522941933036,0.871107707238199,0.908731829636988,14,79,"Q9Y6J0;C9JT60;C9J068;A0A087WWW8;Q9Y6J0-2","CABIN1","ENSG00000099991",23523,"ENSP00000394209"
12.7268829877127,13.1353137942575,1.31946197018994,1.43898821113676,28,247,"Q9Y6R7;A0A087WXI2;A0A087WUZ2","FCGBP","ENSG00000281123",8857,"ENSP00000487490"
24.1207216376703,24.0585940619706,0.466701462904251,0.66379419818706,31,262,"A0A087WYL9;A0A087WWV8;A0A0C4DH67;A0A0C4DH69","IGKC;IGKV1-8",NA,NA,NA
14.6920431495365,14.7186806758021,1.31621036050537,1.28296726305822,25,185,"A0A087WYR4;A0A087WZW9","IGLL5","ENSG00000254709",100423062,"ENSP00000431254"
15.8387192119018,15.7458779981785,0.487738823278062,0.382097232997051,22,145,"P02549;A0A087WZE4;P02549-2;V9GY79","SPTA1","ENSG00000163554",6708,"ENSP00000495214"
14.0921492699858,14.498270136862,1.2058889847004,1.39341984997764,25,230,"P29966;A0A087WZH7","MARCKS","ENSG00000277443",4082,"ENSP00000478061"
18.2174720364094,18.2327023086262,0.796689469064333,0.745394406655451,31,262,"A0A087WZH9;A0A0B4J1U0;P01593","IGKV1D-33","ENSG00000239975",NA,"ENSP00000374800"
15.9820437113493,15.8247978246894,1.5665836142899,0.873526876611303,31,262,"A0A087WZW8;A0A087WUS2;A0A0A0MRZ8;P04433","IGKV3-11","ENSG00000282823",NA,"ENSP00000487987"
20.106895982116,20.1210614136151,0.547641496940409,0.447604265981497,16,105,"O14579;O14579-2;A0A087X0I4;M0QXB4;M0R061;O14579-3","COPE","ENSG00000105669",11316,"ENSP00000262812"
16.3780231574259,15.851982570128,0.903865789276034,0.765515694570721,31,262,"P22352;A0A087X1J7;H0YBE4;E5RG32;H0YC19","GPX3","ENSG00000211445",2878,"ENSP00000373477"
12.1625073265998,12.4316041248502,0.477937906170654,0.455059515742607,19,195,"P62333;A0A087X2I1;H0YJC0;H0YJE9;H0YJT1;H0YJS8","PSMC6","ENSG00000100519",5706,"ENSP00000401802"
16.5926874883687,16.5562417456606,0.760151157220375,0.807523559042914,31,261,"A0A096LPE2;P35542;E9PR14;G3V1D9;P0DJI9-2","SAA2-SAA4;SAA4",NA,NA,NA
NA,14.5230264316584,NA,0.833190195039063,0,20,"P16885;A0A0A0MRF9;H3BQV5;H3BPZ3","PLCG2","ENSG00000197943",5336,"ENSP00000455956"
15.1215364334693,14.4734644376331,0.752696896426618,0.816109877269115,31,259,"P12259;A0A0A0MRJ7","F5","ENSG00000198734",2153,"ENSP00000356771"
14.2463617957429,12.7894082761024,0.878399068941183,1.75109836625188,5,10,"A0A0A0MS11","IGHV3-13","ENSG00000282286",NA,"ENSP00000488851"
16.029918547768,16.5511196022649,2.21320435612622,2.0096420439567,28,260,"A0A0A0MSE2;Q16836-2;Q16836;E9PF18;Q16836-3","HADH","ENSG00000138796",3033,"ENSP00000425952"
12.7140736788926,13.0546708553198,1.18147552322708,1.48152610054385,14,141,"A0A0A0MT36;A0A0C4DH26","IGKV6D-21","ENSG00000225523",NA,"ENSP00000413304"
14.1621379611355,14.2301886480986,1.27839037450927,1.24057030268275,30,259,"A0A0A0MT74","IGKV1-16","ENSG00000282282",NA,"ENSP00000488377"
14.0473472469577,14.4558591060664,0.52984969172575,0.391292787561881,19,164,"A0A0A0MTB9;H0YAK8;P09455;P09455-3;A0A0A0MQT0;P09455-2","RBP1","ENSG00000114115",5947,"ENSP00000500931"
19.7541210146541,19.8184072188722,0.437048855278262,0.561242593412719,31,262,"A0A0A0MTQ6;A0A075B6P5;P06309","IGKV2D-28","ENSG00000242534",NA,"ENSP00000393492"
14.8666840522945,14.2880376810631,0.952911653328448,1.29682822629047,20,158,"Q8WZ42;A0A0A0MTS7;Q8WZ42-5;Q8WZ42-11;Q8WZ42-4;Q8WZ42-7;Q8WZ42-2;Q8WZ42-8;Q8WZ42-13;Q8WZ42-12;A0A0A0MRA3;Q8WZ42-3;Q8WZ42-10;Q8WZ42-9;Q8WZ42-6","TTN","ENSG00000155657",7273,"ENSP00000343764"
15.5455531253194,15.6984372123686,0.685656002905562,0.560512059823889,11,102,"A0A0A6YYI8;Q2M2H8;P14410","LOC93432",NA,NA,NA
13.0300354559296,13.2703691905223,0.29017803214084,0.580564595403206,5,17,"A0A0B4J1T9","IGKV3-15","ENSG00000282447",NA,"ENSP00000488086"
15.017761695587,14.4413872834844,1.73897580566252,1.22369309772345,19,161,"A0A0G2JLQ1;A0A0B4J1U3","IGLV1-36","ENSG00000273737",NA,"ENSP00000479309"
13.9899267427186,13.8969445918416,1.2144046380084,1.10230488650465,20,227,"A0A0B4J1V0","IGHV3-15","ENSG00000282290",NA,"ENSP00000488894"
13.4366069735953,11.7429396021892,0.99760148916701,0.947698620557087,3,17,"A0A0B4J1V1","IGHV3-21","ENSG00000282281",NA,"ENSP00000487805"
12.134325758611,12.9369254303067,0.256284428609417,0.989816809720834,2,21,"A0A0B4J1V2","IGHV2-26","ENSG00000282344",NA,"ENSP00000487857"
10.8959802891578,11.3533405261825,1.23789248836078,1.35474445624367,10,57,"A0A0B4J1V3","IGHV3-33","ENSG00000282642",NA,"ENSP00000487655"
14.8383390925799,14.3145731281925,0.904492305667478,1.05250052308764,30,260,"A0A0B4J1V4","IGHV1-46","ENSG00000282131",NA,"ENSP00000488713"
14.6910458877874,14.2858405126013,1.25546209319082,1.27769225612735,30,255,"A0A0B4J1V5","IGHV1-69","ENSG00000282350",NA,"ENSP00000488090"
13.5797583991034,13.0347463924865,1.57476320457422,1.06677489130474,23,177,"A0A0B4J1X5;A0A075B7E8","IGHV3-74;IGHV3OR16-13",NA,NA,NA
13.9792750790913,13.5368834032061,1.09551993991624,1.36202340726346,9,117,"A0A0B4J1Y8","IGLV9-49","ENSG00000223350",NA,"ENSP00000414456"
15.9539422741142,15.9903203387555,1.37051124715305,1.07928719552566,30,257,"A0A0B4J1Z4","IGKV1-17","ENSG00000281978",NA,"ENSP00000488092"
15.2693007796294,15.2093054801425,0.88257624699124,0.927134549176732,31,261,"A0A0B4J259;P61626;F8VV32","LYZ","ENSG00000090382",4069,"ENSP00000261267"
13.111981022336,11.9238912017064,1.51432887716827,1.34577243275443,10,99,"A0A0B4J2B7","IGHV3-30","ENSG00000282777",NA,"ENSP00000488205"
15.3594277491682,15.1687250818928,1.7715833733324,2.07561049082971,15,165,"A0A0B4J2D9","IGKV1D-13","ENSG00000276566",NA,"ENSP00000480959"
14.8923451559041,14.4988828253412,0.973546627955416,1.01923742564979,24,222,"A0A0B4J2H0","IGHV1-69-2","ENSG00000275148",NA,"ENSP00000479304"
NA,13.3456465453066,NA,0.81128118047531,0,3,"A0A0B4J2H3","IGHV2-70","ENSG00000282453",NA,"ENSP00000487677"
11.0908399398402,11.7751204047578,NA,0.982072225073351,1,62,"Q9NQ79;A0A0C4DFP6;Q9NQ79-3;Q9NQ79-2;Q5T4F6","CRTAC1","ENSG00000095713",55118,"ENSP00000408445"
14.4766456793739,14.1268251869831,0.79284150046658,0.835081331379226,22,120,"Q9NQ84;A8MXZ4;A0A0C4DFY5;Q9NQ84-2;J9JIE0","GPRC5C","ENSG00000170412",55890,"ENSP00000463813"
17.164722698544,17.7223442294083,1.11463415841689,0.879871457600362,31,262,"P02753;Q5VY30;A0A0C4DGV7","RBP4","ENSG00000138207",5950,"ENSP00000360522"
13.033558867379,12.7872458530542,0.867783887945407,0.926470965968739,30,236,"P07359;A0A0C4DGZ8","GP1BA","ENSG00000185245",2811,"ENSP00000329380"
13.4907930504352,13.2873742544091,1.85279345643731,1.14752329294313,21,189,"A0A0C4DH24","IGKV6-21","ENSG00000282210",NA,"ENSP00000488349"
16.7267349220741,16.919389482992,0.896180542024368,0.784329700123453,31,262,"A0A0C4DH25","IGKV3D-20","ENSG00000211625",NA,"ENSP00000374805"
14.7296259994348,14.5394708378298,1.13772329253539,1.0319684521587,31,257,"A0A0C4DH31","IGHV1-18","ENSG00000282716",NA,"ENSP00000488395"
13.5600892192698,12.9310883354126,1.69198599226173,1.82130903476858,25,226,"A0A0C4DH33","IGHV1-24","ENSG00000282284",NA,"ENSP00000488412"
17.1397427228736,16.9583432429867,0.544862859632197,0.602787974712934,31,262,"A0A0C4DH38;A0A0G2JP91","IGHV5-51","ENSG00000277574",NA,"ENSP00000483207"
12.3751211595481,12.0019017402019,NA,1.83401800264302,1,16,"A0A0C4DH39","IGHV1-58","ENSG00000282337",NA,"ENSP00000488516"
12.014280103862,12.422854847908,1.40287076770298,1.744948947559,7,53,"A0A0G2JMV0;A0A0C4DH90;A0A0C4DH55","IGKV3OR2-268;IGKV3D-7",NA,NA,NA
17.4151159107473,17.4398739718184,1.01594465653452,0.647234608081681,10,77,"Q13813;Q13813-3;Q13813-2;A0A0D9SF54;A0A0D9SGF6;A0A0D9SFH4;A0A0D9SFF6","SPTAN1","ENSG00000197694",6709,"ENSP00000361816"
15.67172820387,15.5205842386707,0.752844008661155,0.947656190502486,31,259,"P04062;A0A0G2JNZ5;A0A0G2JNZ0;A0A0G2JLB3;P04062-4;P04062-5;P04062-2;P04062-3","GBA","ENSG00000262446",2629,"ENSP00000459642"
14.8826395901309,14.9520217237053,0.380840638521603,0.404050461950336,7,84,"Q99102;Q99102-10;Q99102-7;Q99102-16;Q99102-3;Q99102-17;A0A0G2JPA4;E9PDY6;E7EWN1;A0A0G2JQN9;E7ERK0;E7EUL9;E7EQT2;A0A0G2JRK4;E7ETT5;A0A0G2JN54;A0A0G2JRT1;A0A0G2JRV5;A0A0G2JMX1;E7ENC5;A0A0G2JNM3;Q99102-8;Q99102-5;A0A0G2JRW3;A0A0G2JRW6;Q99102-2;E7EW47;A0A0G2JSB4;A0A0G2JRS2;A0A0G2JQC6;A0A0G2JM16;A0A0G2JQT8;A0A0G2JRA1;A0A0G2JRY3;A0A0G2JRD8;A0A0G2JRJ6;A0A0G2JQI2;A0A0G2JQK9;A0A0G2JR97;A0A0G2JNJ5;A0A0G2JR43;A0A0G2JSD9;A0A0G2JS65;A0A0G2JNL3;A0A0G2JS19;Q99102-13;A0A0G2JRE6;A0A0G2JM65;H0Y2Y1;A0A0G2JS91;Q99102-11;Q99102-12;Q99102-9;A0A0G2JR46;A0A0G2JQA9;A0A0G2JRC8;A0A0G2JSC3;E7EQG8;A0A0G2JQC1;A0A0G2JSB1;A0A0G2JS42;A0A0G2JRU8;A0A0G2JQJ2;Q99102-15","MUC4","ENSG00000278303",4585,"ENSP00000487233"
22.3110575745828,22.253411207408,0.923928412022321,0.89675575449111,31,262,"P01859;A0A0G2JN06","IGHG2","ENSG00000274497",NA,"ENSP00000480351"
19.0876423650516,19.4825630672466,1.80489504947779,1.49387894558218,31,262,"P01861;A0A0G2JPD4","IGHG4","ENSG00000277016",NA,"ENSP00000483393"
15.4304162323446,15.6988833588887,0.790572144030646,0.714153348918267,31,259,"A0A0G2JPU1;A0A0C4DH40;A0A0C4DH41","IGHV4-59;IGHV4-61",NA,NA,NA
16.1763645181245,16.0172387557176,1.07228558949042,1.06151014237818,16,115,"Q15080;A0A0G2JR51;B0QY04;Q15080-3;Q15080-2","NCF4","ENSG00000275990",4689,"ENSP00000486744"
12.2082495359329,12.3978088959746,1.47452269815783,1.48151025345516,15,106,"A0A0G2JRQ6",NA,"ENSG00000278704",NA,"ENSP00000484918"
11.4606069418111,12.3790249731777,0.696967437294334,0.283087712855815,3,2,"A5D6W6;H0YL77","FITM1","ENSG00000285321",161247,"ENSP00000493961"
11.4766591897419,12.0982607859187,0.650477225432693,1.01068505779081,8,123,"P17936;B3KWK7;A6XND1;A6XND0;P17936-2;H0Y5K2;C9JMX4;H0Y485","IGFBP3","ENSG00000146674",3486,"ENSP00000477772"
13.1365158105843,14.7629981010064,1.36501915814854,1.42855986414949,2,9,"P02144;B0QYF8;F2Z2F1;F2Z337;Q8WVH6;B0QYF7","MB","ENSG00000198125",4151,"ENSP00000386060"
13.1709825529337,12.9774619305462,0.550880825424736,0.708745097584185,5,22,"O75477;B0QZ43;O94905-2;O94905-3","ERLIN1","ENSG00000107566",10613,"ENSP00000410964"
19.9113402414521,20.3171368229387,0.678971680716329,0.737052640291081,31,262,"P02656;B0YIW2","APOC3","ENSG00000110245",345,"ENSP00000410614"
14.5688293395801,14.0841249213114,0.931544733902636,1.16097833314516,13,150,"Q8IZA0;B1AN15;E7EN73;Q8IZA0-2;H0Y4S8","KIAA0319L","ENSG00000142687",79932,"ENSP00000318406"
16.2759589251,16.4128175756966,0.380602903498551,0.455754048761292,20,127,"P35749;B1PS43;P35749-4;P35749-3;P35749-2;E7ERA5","MYH11","ENSG00000276480",4629,"ENSP00000478092"
16.8613295224763,16.7981216951001,2.16819945270453,2.06161662096747,25,205,"P12081;E7ETE2;B4DDD8;B3KWE1;P12081-4;B4E1C5;P12081-3;P12081-2","HARS",NA,NA,NA
16.894470755449,16.7075750394945,0.36042688128446,0.350388830197956,31,262,"F5H2D0;B4DPQ0;P00736;F5H1V0;F5H6Y3;F5H3N3;F5H3A3","C1R","ENSG00000288512",715,"ENSP00000500036"
10.0604254447138,11.116845077181,NA,1.52577746836092,1,21,"P0CG48;F5H6Q2;Q96C32;Q5PY61;J3QKN0;F5GXK7;F5H747;F5H388;B4DV12;F5H265;P0CG47;F5H2Z3;J3QTR3;J3QS39;F5GYU3;P62987;P62979;M0R1V7;J3QLP7;J3QRK5;M0R1M6;F5GZ39;J3QSA3;K7EMA8;J3KSM4","UBC;UBB;RPS27A;UBA52;UBBP4",NA,NA,NA
19.5370419239217,19.3138321805596,0.331125886099794,0.40026695265751,31,262,"B4E1Z4;E7ETN3;P00751;A0A0G2JH38;H7C5H1;P00751-2;C9JRT3;A0A0G2JHM4;A0A0G2JJ82;H7C526;F8WCJ9;A0A0G2JJM0;Q5ST52;F2Z3N2","CFB","ENSG00000242335",629,"ENSP00000391902"
15.8244118599972,15.9705556346313,0.248626409204654,0.230921370694073,15,72,"P62826;F5H018;B5MDF5;J3KQE5;H0YFC6;B4DV51","RAN","ENSG00000132341",5901,"ENSP00000396127"
14.5876435609786,14.6219711170938,0.471787298518205,0.452664826965211,11,134,"Q8N4C6;Q8N4C6-7;H0YDJ4;H9KV85;E9PN67;C9J066;Q8N4C6-4;Q8N4C6-9;Q8N4C6-2;Q8N4C6-5;Q8N4C6-10;Q8N4C6-6;Q8N4C6-11","NIN","ENSG00000100503",51199,"ENSP00000436092"
13.7307787655718,14.1582077193031,0.437646706599301,0.389020487210947,19,128,"Q05682;Q05682-3;Q05682-4;Q05682-6;Q05682-2;C9JEK3;C9J813;E9PGZ1;E7EX44;Q05682-5","CALD1","ENSG00000122786",800,"ENSP00000398826"
12.208999085158,12.1438600795317,2.13749419445035,2.16326623926733,27,199,"P02679;C9JEU5;C9JC84;P02679-2","FGG","ENSG00000171557",2266,"ENSP00000384860"
16.4956472291679,17.3423702946674,0.800916608940462,0.704299111336591,31,262,"C9JF17;P05090;C9JX71;F8WBT9","APOD","ENSG00000189058",347,"ENSP00000345179"
12.0652807554572,11.9387656144224,1.41919132298217,1.49844161523533,4,49,"Q86VB7;Q86VB7-3;F5GZZ9;C9JHR8;Q86VB7-4;Q86VB7-2;H0YGZ7","CD163","ENSG00000177575",9332,"ENSP00000352071"
12.4249827031358,12.6442950506155,0.540900029251235,0.752529031975163,4,23,"P13798;C9JIF9;H7C393;C9JLK2;F8WEH5","APEH","ENSG00000164062",327,"ENSP00000414369"
15.3484701423946,15.0476015227315,0.664059389440615,0.818261462616358,29,255,"Q9Y2K9;C9JQS3;E9PFI2;C9JPK3;C9K0E4;C9JCY1","STXBP5L","ENSG00000145087",9515,"ENSP00000273666"
19.2084171011709,19.9452982453195,0.872918280128614,0.798147775918619,31,262,"P02765;C9JV77","AHSG","ENSG00000145192",197,"ENSP00000393887"
10.8537566855865,11.036416307035,0.452345197143195,1.13453688683728,4,38,"Q15166;C9JZ99;F8WD41","PON3","ENSG00000105852",5446,"ENSP00000265627"
24.1263204798983,24.2034915908822,0.338355006235205,0.352769204724246,31,262,"P02768;CON__P02768-1;A0A0C4DGB6;H0YA55;B7WNR0;D6RHD5;C9JKR2;P02768-2;A0A087WWT3;P02768-3;H7C013","ALB","ENSG00000163631",213,"ENSP00000392541"
12.3245904332004,12.5590974310663,1.43103236107098,1.02322130454315,3,23,"Q2M2I5;CON__Q2M2I5","KRT24","ENSG00000167916",192666,"ENSP00000264651"
16.765233552494,16.6830027793444,0.765209543492144,0.427872456441061,31,262,"P02746;D6R934;A0A0A0MSV6;D6RGJ1","C1QB","ENSG00000173369",713,"ENSP00000426317"
13.0268572042001,13.2203634934048,1.22602819728793,1.15219529866964,23,219,"Q04756;D6RAR4;CON__ENSEMBL:ENSBTAP00000023055","HGFAC","ENSG00000109758",3083,"ENSP00000372224"
17.1663944003489,17.3310142677022,0.883123657411268,1.12382426477386,31,262,"P01591;D6RD17;D6RHJ6;C9JA05","IGJ;JCHAIN",NA,NA,NA
14.6732026676805,16.1111858477283,1.79389918690248,2.12862938042268,21,197,"D6REE0","FAM153A","ENSG00000170074",285596,"ENSP00000353887"
13.818344760527,14.0612117512523,0.830747645645527,0.863187253344647,29,255,"P49908;D6REX5;D6RIS9","SEPP1",NA,NA,NA
12.945480376148,13.0546116550856,1.90781817839298,0.9698049242306,4,67,"Q13231;D6REY1;Q13231-2;Q13231-3;Q13231-4","CHIT1","ENSG00000133063",1118,"ENSP00000356198"
19.4390501807162,19.1904921189807,0.317105863994442,0.342053933851625,31,262,"D6RF35;D6RBJ7;D6RF20;CON__Q3MHN5;CON__ENSEMBL:ENSBTAP00000018229","GC","ENSG00000145321",2638,"ENSP00000273951"
17.6744007110783,17.9566208266299,0.840235020946309,0.861382326932436,31,262,"Q9Y2D9;D6RF85","ZNF652","ENSG00000198740",22834,"ENSP00000424848"
13.1822184914848,12.3870828775196,2.21726087745012,2.07034890517948,9,11,"H0Y7V6;D6W5L6;P07988;U3KQT2","SFTPB","ENSG00000168878",6439,"ENSP00000428719"
NA,15.6612753792233,NA,0.823698196538603,0,28,"Q14254;J3QLD9;E7EMK3;K7EKW9","FLOT2","ENSG00000132589",2319,"ENSP00000378366"
13.1353785633389,13.3817800637104,0.52590909082923,0.69132742654826,30,245,"P04070;E7END6;P04070-2;H7BYX9","PROC","ENSG00000115718",5624,"ENSP00000392606"
12.3004075210082,11.8864304910442,0.626730936835954,0.607797318818513,7,106,"P37840;E7EPV7;P37840-2;H6UYS7;P37840-3;D6RA31","SNCA","ENSG00000145335",6622,"ENSP00000501102"
11.4630348460417,12.8185078092001,0.340945509886858,2.42155393342724,2,9,"P22105;E7EPZ9;P22105-3;P22105-4;A0A087X0I0;P22105-2;Q16473;A0A087WWA5;C9J7W4","TNXB","ENSG00000229341",7148,"ENSP00000389677"
11.0910980218576,12.1470922018805,1.10955786106985,1.8681526809518,7,87,"P02788;E7EQB2;E7ER44;P02788-2;C9JCF5;CON__Q29443;CON__Q0IIK2","LTF","ENSG00000012223",4057,"ENSP00000231751"
17.7331700550296,17.6986385785306,0.293361887709154,0.343390568675682,31,262,"P05156;G3XAM2;E7ETH0;A0A087X0I2;D6R9Z8","CFI","ENSG00000205403",3426,"ENSP00000378130"
9.99725042138081,10.1994121887055,0.502377898747654,1.11582398820523,2,17,"P24821;F5H7V9;E9PC84;J3QSU6;P24821-6;P24821-5;P24821-2;P24821-3;P24821-4;H0YGZ3","TNC","ENSG00000041982",3371,"ENSP00000265131"
15.5821514838302,15.8786903598,0.548860488096947,0.566673385348403,31,262,"E9PHK0;P05452;CON__Q2KIS7","CLEC3B","ENSG00000163815",7123,"ENSP00000296130"
13.9143302539043,13.9772718295147,0.856521112721291,1.0360813709808,22,133,"P23528;G3V1A4;E9PK25;E9PP50;E9PQB7;E9PLJ3;E9PS23","CFL1","ENSG00000172757",1072,"ENSP00000309629"
14.0491723964969,14.1200405803437,0.68942679578713,0.765529912132634,30,247,"P02511;E9PR44;E9PJL7;E9PRA8;E9PRS4;E9PS12;E9PNH7;A0A024R3B9;H0YCW8","CRYAB","ENSG00000109846",1410,"ENSP00000499082"
16.1881736558203,15.9601764045651,0.528926073969412,0.55700934830222,31,262,"P07358;F5GY80;F5H7G1","C8B","ENSG00000021852",732,"ENSP00000360281"
14.996733081092,14.8573854783921,1.6507531747074,1.46261094669216,8,65,"P08195;F5GZS6;P08195-3;J3KPF3;P08195-2;P08195-4;H0YFX4;F5H0E2;H0YFS2;F5GZI0","SLC3A2","ENSG00000168003",6520,"ENSP00000505639"
12.2820624353783,11.2489439201263,0.182160356260291,1.22799677614613,3,8,"P08709;F5H8B0;P08709-2","F7","ENSG00000057593",2155,"ENSP00000329546"
12.9501410872185,12.0172574190338,1.48180316264999,1.41292240454593,6,47,"P24592;F8VYK9","IGFBP6","ENSG00000167779",3489,"ENSP00000448953"
13.6040278559855,13.0092127722033,0.748734019960481,0.754137501920915,2,49,"Q96A26;F8W7Q4;E9PH05","FAM162A","ENSG00000114023",26355,"ENSP00000510152"
12.6589453756473,12.1946070286267,1.49258308718838,1.37879248482275,24,206,"P02786;G3V0E5;H7C3V5","TFRC","ENSG00000072274",7037,"ENSP00000414015"
14.3904911868057,13.8346802588858,0.639557144772581,0.795427683446946,30,258,"Q9UK55;G3V2W1","SERPINA10","ENSG00000278767",51156,"ENSP00000484632"
12.1683876384547,12.5129863765461,0.688578147212846,0.842738341733873,24,197,"P26927;G3XAK1;Q2TV78;Q2TV78-2","MST1;MST1L",NA,NA,NA
12.6838785901656,12.5107391466005,1.12478790126635,1.46780359872551,16,92,"P08637;H0Y755;M9MML0;C9JC71","FCGR3A","ENSG00000203747",2214,"ENSP00000392047"
10.8835192096839,11.4229150899577,0.462059843043,1.34857553758786,2,19,"P62158;H0Y7A7;M0QZ52;Q96HY3;E7ETZ0;E7EMB3;F8WBR5;G3V479;G3V361","CALM1;CALM2;CALM3",NA,NA,NA
15.5357038126364,15.9501986593393,0.558135669256523,0.584714606442084,31,261,"P03952;H0YAC1;E9PBC5;C9JCT1;C9J075","KLKB1","ENSG00000164344",3818,"ENSP00000426629"
10.1207530629852,9.43048811562412,1.82650697354476,1.13648145897028,3,9,"P13804;H0YK49;H0YL12;H0YNX6;P13804-2;H0YKF0;H0YLU7","ETFA","ENSG00000140374",2108,"ENSP00000510473"
13.6025574908844,13.024556874809,0.707704122733802,1.01167588491411,4,51,"P47895;H0YKF9;H0YNQ3;H0Y2X5","ALDH1A3","ENSG00000184254",220,"ENSP00000452789"
14.6717801055993,14.9574159030197,0.519623893873834,0.589909933062383,28,237,"Q6ZNA4;H0YKS2;Q6ZNA4-2;Q6ZNA4-4;Q6ZNA4-3","RNF111","ENSG00000157450",54778,"ENSP00000452919"
12.8408394446768,13.1253956817715,1.71994138341737,1.20237977325022,17,99,"P61769;H0YL18;F5H6I0","B2M","ENSG00000273686",567,"ENSP00000481426"
11.2486992890229,11.8512210397045,0.470875802219616,0.849479291970669,5,41,"Q9Y2V0;H3BNF9;H3BS01;Q9Y2V0-2","C15orf41",NA,NA,NA
13.0045138337967,13.6345055563215,1.00765260922283,0.914621019922887,16,182,"P06865;H3BS10;H3BP20;H3BU85;H3BTD4;A0A087WUJ7;P06865-2","HEXA","ENSG00000213614",3073,"ENSP00000268097"
11.6095942010412,11.4158133279559,NA,0.669637395902,1,13,"P08253;H3BR66;P08253-2;P08253-3;H3BV48","MMP2","ENSG00000087245",4313,"ENSP00000461421"
14.0388323219368,14.506152552953,0.969131580065022,0.97030771460143,13,103,"P28676;H7BXD5;H7C2Z6;C9JIZ3;C9JV47;C9JWQ8","GCA","ENSG00000115271",25801,"ENSP00000393218"
12.0277751524853,10.2081122255674,2.27781885211026,NA,2,1,"Q96NZ9;H7BY64;Q96NZ9-2;Q96NZ9-4;Q96NZ9-3","PRAP1","ENSG00000165828",118471,"ENSP00000486265"
10.685382223805,12.2290391041793,0.726233488369142,1.09094883284994,8,174,"P54108;I3L0A1;J3KPA1;P54108-2;P54108-3","CRISP3","ENSG00000096006",10321,"ENSP00000263045"
12.8167982394069,13.4242270790976,1.57702791474231,1.53837734085606,23,230,"P04278;I3L145;P04278-5;B4DYU0;P04278-3;P04278-2;I3L2X4;P04278-4;A0A0C4DGN2;I3L1J1;I3L2F1;B0FWH5;B0FWH6;I3L4B9;I3L1C1;B0FWH7;I3L1G4;I3L0M1","SHBG","ENSG00000129214",6462,"ENSP00000458875"
15.5362968354173,16.3180484361253,2.41862086026076,2.22043503141539,17,140,"P11230;I3L1T7;P11230-2","CHRNB1","ENSG00000283946",1140,"ENSP00000492221"
18.5488477109529,18.1637657283824,0.209328838053674,1.31578709568443,2,46,"P02771;J3KMX3;CON__Q3SZ57","AFP","ENSG00000081051",174,"ENSP00000379138"
10.8101375617257,11.2256495209448,2.1928329750596,2.29686024334322,3,39,"P04075;J3KPS3;H3BQN4;P04075-2;H3BUH7;H3BR04;H3BPS8;H3BMQ8;H3BU78;H3BR68","ALDOA","ENSG00000149925",226,"ENSP00000456020"
13.4819496433068,13.2625896682998,0.447745909404345,1.21237926555404,6,41,"J3QL43;J3QR64;J3QLN6;J3KS25;J3QKZ9","EIF4A1","ENSG00000161960",1973,"ENSP00000293831"
12.8516885140744,12.8975271933058,0.762285037743647,1.05111177853652,3,26,"P13598;J3QQR8;J3QQX6;J3QRQ1;J3QRT5;J3QKR4","ICAM2","ENSG00000108622",3384,"ENSP00000463199"
17.0010588909119,17.3064037115809,1.77875174586,1.55001392918611,28,238,"O94832;J3QRN6;K7EIG7;J3KRL0","MYO1D","ENSG00000176658",4642,"ENSP00000324527"
11.6801762041536,11.5883626154448,0.35538677196654,0.435386524462222,11,25,"P55017;J3QSS1;P55017-3;P55017-2","SLC12A3","ENSG00000070915",6559,"ENSP00000457552"
17.581232969301,18.2071281928479,0.95349884890354,0.960945336741463,31,262,"K7ER74;P02655;Q6P163;K7EMC3","APOC4-APOC2;APOC2",NA,NA,NA
13.6440091760312,13.5788290083839,1.69946537680779,1.24322061935635,30,254,"P00746;K7ERG9","CFD","ENSG00000274619",1675,"ENSP00000478745"
17.8119326281079,18.4825618172883,0.728571191984368,0.580038039098249,31,262,"K7ERI9;P02654;K7EKP1;K7EJI9;K7ELM9;K7EPF9","APOC1","ENSG00000130208",341,"ENSP00000465356"
13.4958548195139,13.363044567198,1.49681688304142,1.31718699970795,5,33,"M0R2X0","ZNF256","ENSG00000152454",10172,"ENSP00000282308"
13.6879586456541,13.2604053021937,0.756249108440103,0.807213445297159,28,209,"O00187;O00187-2","MASP2","ENSG00000009724",10747,"ENSP00000383690"
12.8083987042114,12.8412264433471,1.16993750808004,0.909613082827689,23,205,"O00391;O00391-2;A8MXT8","QSOX1","ENSG00000116260",5768,"ENSP00000356574"
13.9621733067809,13.9288365286172,NA,1.04082227140139,1,43,"O00462;E9PFW2","MANBA","ENSG00000109323",4126,"ENSP00000495247"
15.9557207430525,16.1209083845852,0.647361939074495,0.56613029149554,31,261,"O14791;O14791-2;O14791-3;B1AH96;B1AH94;B1AH95;F8WCH3","APOL1","ENSG00000100342",8542,"ENSP00000411507"
15.1464417813821,15.4373378847788,0.906027308535961,1.2208060782725,31,245,"O43866","CD5L","ENSG00000073754",922,"ENSP00000357156"
12.6888400326182,13.1320518648647,NA,1.25376096487406,1,33,"O60494;B0YIZ6;H7C480","CUBN","ENSG00000107611",8029,"ENSP00000367064"
17.1384283345931,16.2614536978764,2.25896854931521,2.17535647513579,28,204,"O75460","ERN1","ENSG00000178607",2081,"ENSP00000506094"
15.6370323167744,15.1583289711415,1.29293821225435,0.678294458990974,31,261,"O75636;O75636-2","FCN3","ENSG00000142748",8547,"ENSP00000270879"
14.1555537411598,14.5313449033654,0.481248648539769,0.449680730618263,31,262,"O75882;O75882-3;O75882-2","ATRN","ENSG00000088812",8455,"ENSP00000262919"
16.2158021871867,16.6549379300106,0.840770273090461,0.715119522298073,31,262,"O95445;Q5SRP5;O95445-2","APOM","ENSG00000235754",55937,"ENSP00000397018"
11.1288967818992,11.8389576370665,NA,1.4522990142413,1,46,"O95497;F5GYM6;Q9NY84-5;Q9NY84-2;Q9NY84","VNN1","ENSG00000112299",8876,"ENSP00000356905"
15.8833422044365,15.6405177121073,0.678613816949718,0.911730197030989,29,241,"O95980","RECK","ENSG00000122707",8434,"ENSP00000367202"
9.84449062198417,9.53807361303613,1.0183145806328,1.25293810042495,4,24,"P00338;P00338-3;P00338-2;P00338-5;P00338-4;F5GYU2;F5GXY2;F5GXH2;F5H5J4;F5H6W8;F5GZQ4;F5H8H6;F5GXC7;F5GWW2;F5GXU1","LDHA","ENSG00000288299",3939,"ENSP00000500621"
12.1798781776307,12.2377860139871,NA,1.89447620935338,1,11,"P00352;Q5SYQ9;Q5SYQ8;Q5SYQ7","ALDH1A1","ENSG00000165092",216,"ENSP00000297785"
16.2438183132362,15.5333928271371,0.672346217273919,1.31466043080284,5,35,"P00367;P00367-3;P00367-2","GLUD1","ENSG00000148672",2746,"ENSP00000277865"
18.1085739151593,18.1498072034977,0.291972911323551,0.345482450575281,31,262,"P00734;E9PIT3;C9JV37;CON__P00735","F2","ENSG00000180210",2147,"ENSP00000308541"
22.5385946130716,21.8630221135704,0.56989016600608,1.24856172780077,31,262,"P00738;A0A0C4DGL8;J3QR68;H0Y300;P00738-2;J3QLC9;A0A087WU08;H3BS21;J3KRH2;J3KSV1;J3QQI8;H3BMJ7","HP","ENSG00000257017",3240,"ENSP00000348170"
16.1148384927985,16.1877317428429,0.943363533127443,0.961293714239826,31,260,"P00739;P00739-2;A0A0A0MRD9;J3KTC3","HPR","ENSG00000261701",3250,"ENSP00000497360"
13.4557572499662,13.6723430486229,0.941362843641951,0.629586202900898,31,258,"P00740;P00740-2","F9","ENSG00000101981",2158,"ENSP00000218099"
14.7308149330381,14.4739052762486,0.559913457315397,0.488039330431725,31,260,"P00742","F10","ENSG00000126218",2159,"ENSP00000387092"
17.6052762786949,17.6871656637944,0.302307598117349,0.376995921898002,31,262,"P00747;Q5TEH5;A6PVI2;Q15195;Q02325;CON__P06868","PLG","ENSG00000122194",5340,"ENSP00000355891"
16.0733466547139,15.9632432402167,0.721445181365145,0.771124312665946,31,262,"P00748","F12","ENSG00000131187",2161,"ENSP00000253496"
12.608556122466,12.6497087121769,1.86990298872859,2.15672940792399,24,211,"P00915;E5RHP7;E5RH81;E5RFE7;E5RIF9;E5RG43;H0YBE2;E5RJI8;E5RFL2;E5RJF6;E5RGU8;E5RG81;E5RII2","CA1","ENSG00000133742",759,"ENSP00000430656"
10.9830799356305,11.1569437628391,1.48823098789292,1.7730395787422,5,69,"P00918;E5RID5;E5RK37","CA2","ENSG00000104267",760,"ENSP00000285379"
18.0448695352976,18.1966563536448,0.711028681948858,0.638568966655298,31,262,"P01008;Q8TCE1","SERPINC1","ENSG00000117601",462,"ENSP00000356671"
21.5850246233507,20.9218833753101,0.717684012655685,0.701948345696426,31,262,"P01011;G3V595;P01011-2;P01011-3","SERPINA3","ENSG00000196136",12,"ENSP00000376795"
19.2986305459917,18.9832215966104,0.502045334868838,0.483076939448708,31,262,"P01019","AGT","ENSG00000135744",183,"ENSP00000506329"
21.3847634684858,21.5324432523609,0.342712183867108,0.46450394271845,31,262,"P01023;H0YFH1;F8W7L3;F5H1E8","A2M","ENSG00000175899",2,"ENSP00000323929"
21.8576547406626,21.8418414067825,0.354134974858183,0.343651090048884,31,262,"P01024;M0QYC8;M0R0Q9;M0QXZ3;O95568","C3","ENSG00000125730",718,"ENSP00000245907"
17.847160132465,17.7750551920609,0.352504162730699,0.342999119484069,31,262,"P01031;CON__Q1A7A4","C5","ENSG00000106804",727,"ENSP00000223642"
11.3893320373972,11.5201025367534,0.663921319214684,1.29278660996832,6,32,"P01033;Q5H9A7;Q5H9B4;Q5H9B5","TIMP1","ENSG00000102265",7076,"ENSP00000406671"
13.7996609351132,13.4521736084839,1.5821759473431,1.37832099894651,26,212,"P01034","CST3","ENSG00000101439",1471,"ENSP00000381448"
19.3575096471973,19.5032304611976,0.215676952397994,0.265443608704582,31,262,"P01042;CON__P01045-1;CON__Q2KJ62;CON__P01044-1","KNG1","ENSG00000113889",3827,"ENSP00000396025"
19.029934007321,19.2540534711779,0.696126053405909,0.769257073087324,31,262,"P01598",NA,"ENSG00000278704",NA,"ENSP00000484918"
14.2644476459187,13.0908892795108,1.0023544588442,0.96352069014114,4,41,"P01600",NA,"ENSG00000278704",NA,"ENSP00000484918"
12.9612998962624,13.2485363084938,1.54284159877911,1.59381794413402,21,206,"P01601","IGKV1D-16","ENSG00000278704",NA,"ENSP00000484918"
16.2298513354216,16.1557512611475,0.69817767010518,0.721653117067835,31,262,"P01602","IGKV1-5","ENSG00000282801",NA,"ENSP00000488639"
17.1366340348082,17.0915100327421,1.88980731973596,1.57126755161739,31,254,"P01603",NA,"ENSG00000278704",NA,"ENSP00000484918"
12.7109543977202,12.9179500333205,1.27469603611586,1.47472610457815,13,139,"P01604",NA,"ENSG00000278704",NA,"ENSP00000484918"
15.4588485515778,15.3255529717849,0.920015100144868,1.02381473598215,31,256,"P01605",NA,"ENSG00000278704",NA,"ENSP00000484918"
15.6417791970558,15.6937562823845,0.67387087398246,1.00855708996434,30,254,"P01608",NA,"ENSG00000278704",NA,"ENSP00000484918"
11.1965054746977,12.6603076319665,0.101543901297618,2.04615364240344,2,18,"P01609",NA,"ENSG00000278704",NA,"ENSP00000484918"
20.4356061468404,20.5613718678146,0.737134116166875,0.68074461514768,31,262,"P01610",NA,"ENSG00000278704",NA,"ENSP00000484918"
16.8898100609703,17.2009611196968,0.750214304972577,0.857577765894225,31,262,"P01611","IGKV1D-12","ENSG00000278704",NA,"ENSP00000484918"
15.0173375864571,14.8602011255456,0.885208455212588,1.07672244459021,28,252,"P01612",NA,"ENSG00000278704",NA,"ENSP00000484918"
16.3178212984223,16.5162072739585,0.806079135856887,0.767587016623603,31,261,"P01613",NA,"ENSG00000278704",NA,"ENSP00000484918"
14.7276636043822,14.8202572844435,0.878588699508136,1.09821049384898,31,253,"P01615","IGKV2D-28","ENSG00000278704",NA,"ENSP00000484918"
15.2317027148075,15.3568523645782,0.919165448957532,1.03710684120496,31,262,"P01619","IGKV3-20","ENSG00000278704",NA,"ENSP00000484918"
21.0052160713217,21.0624054031371,0.932747970682198,0.641683106887761,31,262,"P01620",NA,"ENSG00000278704",NA,"ENSP00000484918"
17.3067380530408,17.228553535321,0.779991197709047,0.893619345064171,31,262,"P01621",NA,"ENSG00000278704",NA,"ENSP00000484918"
14.5506171385602,14.4285666999392,1.18979445585247,1.04015853344227,31,258,"P01622",NA,"ENSG00000278704",NA,"ENSP00000484918"
11.1779510053299,11.999243064677,1.61742157603421,1.54052362938968,12,78,"P01623",NA,"ENSG00000278704",NA,"ENSP00000484918"
14.7333358887288,14.6326745010894,1.17135170398682,0.994132772447342,30,247,"P01624","IGKV3-15","ENSG00000278704",NA,"ENSP00000484918"
19.6535828846517,19.424281600103,0.416797294544372,0.662176711905363,31,262,"P01625",NA,"ENSG00000278704",NA,"ENSP00000484918"
14.9288251464254,14.8294610338656,1.08752625654769,1.02272158859508,31,257,"P01701","IGLV1-51","ENSG00000278704",NA,"ENSP00000484918"
17.0211892706293,16.9253169297716,1.42776174066154,1.73501927066667,24,155,"P01703","IGLV1-40","ENSG00000278704",NA,"ENSP00000484918"
13.2608847858608,12.9448044645251,1.3271984638132,1.57848643195046,17,133,"P01707",NA,"ENSG00000278704",NA,"ENSP00000484918"
15.581952229118,15.8382956442067,0.968564581472005,0.951227746973522,31,259,"P01708",NA,"ENSG00000278704",NA,"ENSP00000484918"
11.9775783889812,11.8861918330025,0.512133151370166,1.39030503171646,2,20,"P01712",NA,"ENSG00000278704",NA,"ENSP00000484918"
18.3741383892495,18.0345670655365,0.646905076939501,0.911896045849904,31,261,"P01714","IGLV3-19","ENSG00000278704",NA,"ENSP00000484918"
19.2439355541355,19.0099319131793,0.838578573662348,0.882980313520377,31,262,"P01717","IGLV3-25","ENSG00000278704",NA,"ENSP00000484918"
15.3397135446521,15.5733714996247,1.20866976291867,1.5078284834768,18,179,"P01719",NA,"ENSG00000278704",NA,"ENSP00000484918"
12.2775665929833,10.725522659337,3.89658322203955,2.3214847524106,4,41,"P01721;P06317",NA,"ENSG00000278704",NA,"ENSP00000484918"
9.88135846209931,11.5709758235789,NA,1.11242174822353,1,14,"P01742","IGHV1-69","ENSG00000278704",NA,"ENSP00000484918"
13.8412699100289,12.7570921119783,NA,0.993109260469354,1,13,"P01761",NA,"ENSG00000278704",NA,"ENSP00000484918"
14.8139902163142,14.937223160117,1.53555513082276,1.50636756762958,12,82,"P01763","IGHV3-48","ENSG00000278704",NA,"ENSP00000484918"
13.7407796535681,13.7572066942868,1.52477626363432,1.11395487485452,30,253,"P01764","IGHV3-23","ENSG00000281962",NA,"ENSP00000487761"
14.8189168843253,14.8073600154763,0.984730476641693,1.11274998063278,30,260,"P01767","IGHV3-53","ENSG00000278704",NA,"ENSP00000484918"
11.7806214964655,12.9996617028544,NA,1.18236199299308,1,23,"P01772","IGHV3-33","ENSG00000278704",NA,"ENSP00000484918"
12.1939891435185,12.8829138724896,0.469866009305652,1.44279259090124,3,40,"P01775",NA,"ENSG00000278704",NA,"ENSP00000484918"
18.8972676850454,18.8629638057684,1.30685517014173,0.987593747961721,31,262,"P01776",NA,"ENSG00000278704",NA,"ENSP00000484918"
12.9790617902933,12.7519611178047,1.49970566227867,1.62317488130888,11,76,"P01778",NA,"ENSG00000278704",NA,"ENSP00000484918"
16.3728939513893,16.1771196165912,0.73581681429909,1.06243230304116,31,262,"P01780","IGHV3-7","ENSG00000278704",NA,"ENSP00000484918"
14.9635769099946,14.9971185307831,1.17756594284253,1.15360129019713,27,228,"P01781;P01782",NA,"ENSG00000278704",NA,"ENSP00000484918"
12.3654074276649,12.1953302702905,0.690869094896274,1.16824113262032,6,88,"P01824","IGHV4-39","ENSG00000278704",NA,"ENSP00000484918"
12.0483630393713,12.4296410898574,1.75162663094598,1.75342482879029,6,52,"P01833","PIGR","ENSG00000162896",5284,"ENSP00000348888"
21.8461316171984,21.6834158861466,0.658518877877138,0.931623485136913,31,262,"P01876","IGHA1","ENSG00000282633",NA,"ENSP00000488021"
15.1627239755274,15.5263865164483,1.142735839045,1.41418709934853,28,257,"P02042;E9PFT6","HBD","ENSG00000223609",3045,"ENSP00000292901"
22.5348801401277,22.9628305350818,0.46977996331919,0.450911582283868,31,262,"P02647;F8W696;CON__P15497","APOA1","ENSG00000118137",335,"ENSP00000364469"
18.5332251223673,18.6735807789678,0.474959381770259,0.604817133748112,31,262,"P02649;H0Y7L5;E9PEV4;E7ERP7;CON__Q03247","APOE","ENSG00000130203",348,"ENSP00000413135"
17.8887216162724,18.4237306376607,0.61030467059503,0.693330013827773,31,261,"P02652;V9GYM3;V9GYE3;V9GYG9;V9GYC1;V9GYS1","APOA2","ENSG00000158874",336,"ENSP00000356969"
15.0556402828491,15.0779851254604,1.06333910180154,0.865214853668386,31,262,"P02671;P02671-2;A0A087WUA0;CON__P02672","FGA","ENSG00000171560",2243,"ENSP00000498441"
10.7775790847483,11.7315539111104,2.6577217955983,2.22201024900236,20,150,"P02675;D6REL8;CON__P02676","FGB","ENSG00000171564",2244,"ENSP00000306099"
18.4825494752276,17.1453741691403,2.31128293412011,2.68953239724172,31,252,"P02741;Q5VVP7;P02741-2;C9JRE9","CRP","ENSG00000132693",1401,"ENSP00000255030"
18.0220271672054,17.7264377871076,0.51405667826901,0.585816033996266,31,262,"P02743","APCS","ENSG00000132703",325,"ENSP00000255040"
15.4786235763288,15.4364713169695,0.608101620511483,0.684679910106845,30,262,"P02745;X6RLJ0","C1QA","ENSG00000173372",712,"ENSP00000363773"
17.6473888226875,17.8000457239116,1.165869117164,0.442820675383673,31,262,"P02747","C1QC","ENSG00000159189",714,"ENSP00000363771"
19.466379358354,18.9764917840477,0.438764995546811,0.609867082356544,31,262,"P02748","C9","ENSG00000113600",735,"ENSP00000263408"
16.5509961400262,17.4795559315868,0.736499951513631,0.529475271771314,30,262,"P02749;J3QRN2;J3KS17;J3QLI0","APOH","ENSG00000091583",350,"ENSP00000205948"
19.3303387692919,19.2327601841581,0.630771943660057,0.861827435743566,31,262,"P02750","LRG1","ENSG00000171236",116844,"ENSP00000302621"
17.584985305367,18.2402116880587,0.608758474510934,0.602050449193799,31,262,"P02751;P02751-8;P02751-3;P02751-15;P02751-7;P02751-14;P02751-17;P02751-5;P02751-9;P02751-10;P02751-6;P02751-11;P02751-13;P02751-4;P02751-12;H0Y7Z1;H0Y4K8;P02751-16;P02751-2","FN1","ENSG00000115414",2335,"ENSP00000394423"
18.3462543451398,18.2271947600359,0.730340398228449,0.549867278519778,31,262,"P02760;S4R471;S4R3Y4","AMBP","ENSG00000106927",259,"ENSP00000265132"
21.3634403280565,20.8157977097146,0.356638299315371,0.657517514676117,31,262,"P02763","ORM1","ENSG00000229314",5004,"ENSP00000259396"
16.0037262198887,16.6877853370722,1.0778528273759,0.990384756837222,31,262,"P02766;A0A087WT59;A0A087WV45","TTR","ENSG00000118271",7276,"ENSP00000477599"
17.0545615522637,17.2036478059677,0.827054773019535,0.887202150431659,31,262,"P02775","PPBP","ENSG00000163736",5473,"ENSP00000296028"
14.8463557524738,15.1457265841034,1.3052691754258,1.10803455141093,29,252,"P10720;P02776","PF4V1;PF4",NA,NA,NA
21.6231607945528,21.9743864371474,0.403082514925348,0.472005610049426,31,262,"P02787;C9JVG0;F8WCI6;C9JB55;H7C5E8;F8WEK9;F8WC57;CON__Q2HJF0","TF","ENSG00000091513",7018,"ENSP00000417468"
21.550032985104,21.4791407673742,0.424240294289052,0.585802372476127,31,262,"P02790;Q9BS19","HPX","ENSG00000110169",3263,"ENSP00000265983"
13.299134955235,13.1511796227733,1.05602856560379,1.28248528719911,11,61,"P03951;P03951-2;X6R3B1;D6RB32","F11","ENSG00000088926",2160,"ENSP00000384957"
19.4123964078543,19.0431359994262,0.38934399701466,0.487275773456637,31,262,"P04003;CON__Q28065","C4BPA","ENSG00000123838",722,"ENSP00000356037"
19.2943700467624,19.0818043396886,0.46470556285119,0.410680508729283,31,262,"P04004;CON__Q3ZBS7;F5GX75","VTN","ENSG00000109072",7448,"ENSP00000226218"
13.5208511424996,12.4700771316069,1.07006178332704,1.31130127866269,25,161,"P04040","CAT","ENSG00000121691",847,"ENSP00000241052"
12.8477525438487,13.3939432520315,0.65770715746701,0.714256802893753,30,242,"P04180;J3QSE5;J3QKT0;I3L1Q6;I3L0J6","LCAT","ENSG00000213398",3931,"ENSP00000264005"
17.2581260507503,18.0864212722812,0.627558111102319,0.611264556901987,31,262,"P04196","HRG","ENSG00000113905",3273,"ENSP00000232003"
12.838077964127,12.4031604855673,1.70873865937991,1.40395615363067,8,100,"P04206",NA,"ENSG00000278704",NA,"ENSP00000484918"
16.3756156665983,16.540583067147,1.14917042598172,1.2066661645272,27,235,"P04207",NA,"ENSG00000278704",NA,"ENSP00000484918"
18.4703741196863,18.3973021408814,0.664462141895997,0.774385556554086,31,262,"P04208",NA,"ENSG00000278704",NA,"ENSP00000484918"
18.9377391083673,18.8583194446871,0.262905074080212,0.29533456239482,31,262,"P04217","A1BG","ENSG00000121410",1,"ENSP00000263100"
15.6799421075431,15.2869797918821,0.738097249653015,1.04937541013048,31,262,"P04275;P04275-2","VWF","ENSG00000110799",7450,"ENSP00000261405"
12.864023795481,12.4482728857394,1.13900074379652,1.51621688638594,8,66,"P04406;P04406-2;E7EUT5","GAPDH","ENSG00000111640",2597,"ENSP00000229239"
16.694502746272,16.7305633938024,0.701526020119983,0.747079005036233,31,260,"P04430","IGKV1-16","ENSG00000278704",NA,"ENSP00000484918"
13.8255724818056,13.1281764462396,0.927361235239676,1.31633769143709,4,16,"Q6FI13;P0C0S8;Q99878;Q9BTM1;Q16777;Q93077;Q7L7L0;P04908;Q96KK5;P20671;P16104;Q96QV6;H0YFX9;Q9BTM1-2;Q8IUE6;Q71UI9-5","HIST2H2AA3;HIST1H2AG;HIST1H2AJ;H2AFJ;HIST2H2AC;HIST1H2AC;HIST3H2A;HIST1H2AB;HIST1H2AH;HIST1H2AD;H2AFX;HIST1H2AA",NA,NA,NA
12.0837581075298,12.657179091681,1.42126387693,1.957474284286,7,69,"P05062;A0A087WXX2","ALDOB","ENSG00000136872",229,"ENSP00000497767"
12.2474957131251,12.2543436710463,0.955584502814255,1.0545992814735,12,125,"P05154;G3V5Q9;G3V264;G3V2M1;G3V482;G3V265;G3V4B4;G3V3F5;G3V5I3","SERPINA5","ENSG00000188488",5104,"ENSP00000450484"
20.606522281335,20.0499108219976,0.341776347237505,0.426289456226302,31,262,"P05155;P05155-2;P05155-3;E9PGN7;H9KV48;H0YCA1;CON__P50448","SERPING1","ENSG00000149131",710,"ENSP00000384561"
14.1165576521148,14.4375922666411,0.515298439891362,0.61452138503268,31,261,"P05160","F13B","ENSG00000143278",2165,"ENSP00000497116"
NA,11.8947841053251,NA,1.19237112271812,0,20,"P05164;P05164-2;P05164-3;P11678","MPO","ENSG00000005381",4353,"ENSP00000225275"
11.8720426119569,11.2839446562161,1.29584915313176,1.2198721325371,3,15,"P05165;P05165-3;P05165-2","PCCA","ENSG00000175198",5095,"ENSP00000365462"
12.2856221194035,10.7463046206742,2.53224769316497,1.69790669330978,6,52,"P05362;K7EKL8;E7ESS4","ICAM1","ENSG00000090339",3383,"ENSP00000413124"
11.4761163331251,11.3039717665656,3.1967293236859,1.96266139626002,3,32,"P05451","REG1A","ENSG00000115386",5967,"ENSP00000233735"
12.3127884384895,11.2920948683279,0.527820766260474,0.769489393196198,4,4,"P05534;P13746-2;Q5SRN7;P04439;A0A0G2JL56;A0A0G2JIF2;P30443;P13746;A0A0G2JI36;P30447;P30455;Q5SRN5;P16188;P01893;Q09160;A0A0G2JPD3;Q9GJ45;A0A0G2JNY4;P30456;P01892;P30453;P10316;P16190;B0UXQ0;P30457;P30459;P30512;P30450;P01891;P16189;P18462;P10314","HLA-A;HLA-H",NA,NA,NA
15.6610160470664,15.5772266911505,0.647522591099454,0.563006173212792,31,262,"P05543;CON__Q9TT36","SERPINA7","ENSG00000123561",6906,"ENSP00000329374"
16.9811183695703,16.9879496385557,0.525628453673475,0.763967584853297,31,262,"P05546;CON__ENSEMBL:ENSBTAP00000018574","SERPIND1","ENSG00000099937",3053,"ENSP00000215727"
14.3951436800261,14.5352876997722,0.656390788453841,0.871601919334805,31,253,"P06276;F8WF14;F8WEX7;H0Y885;H7C4Y0","BCHE","ENSG00000114200",590,"ENSP00000264381"
14.3789980580411,14.5645806410504,1.01623179609752,1.06287354661758,31,251,"P06311",NA,"ENSG00000278704",NA,"ENSP00000484918"
14.7548194013373,14.6633593847542,0.822209928077817,0.806514376306051,27,251,"P06331","IGHV4-34","ENSG00000278704",NA,"ENSP00000484918"
17.5936615378469,17.9950097749888,0.670420584662586,0.538490173305464,31,262,"P06396;A0A0A0MS51;A0A0A0MT01;P06396-4;P06396-3;Q5T0H9;CON__Q3SX14;Q5T0H8;Q5T0I1","GSN","ENSG00000148180",2934,"ENSP00000362929"
15.9936854827261,15.4237850740066,0.38354005768017,0.525957407344576,31,262,"P06681;A0A0G2JL69;P06681-3;B4DQI1;P06681-2;A0A0G2JIE7;H0Y3H6;E9PDZ0;A0A0G2JK28;H0Y868;Q8N6L6","C2","ENSG00000231543",717,"ENSP00000400097"
12.7791555559601,12.9519092189823,1.52575394101433,1.48892148728039,15,131,"P06702","S100A9","ENSG00000163220",6280,"ENSP00000357727"
17.439212709388,18.3508916670866,0.999588441422774,0.835986502320868,31,262,"P06727","APOA4","ENSG00000110244",337,"ENSP00000350425"
14.8603364928236,16.3834707414179,1.83140135147656,2.39086295248868,2,28,"P06732","CKM","ENSG00000104879",1158,"ENSP00000221476"
NA,12.0532609111692,NA,1.49626571433214,0,23,"P06733;P06733-2;K7EM90","ENO1","ENSG00000074800",2023,"ENSP00000234590"
NA,12.7755281755328,NA,1.16668279322567,0,7,"P06889",NA,"ENSG00000278704",NA,"ENSP00000484918"
11.005141621716,12.1775159402438,0.851625323008157,1.4765622450756,3,29,"P07195;A8MW50;C9J7H8;F5H793;P07864;Q6ZMR3;F5H5G7;F5H155;A0A087WUM2;G3XAP5;F5H245","LDHB","ENSG00000111716",3945,"ENSP00000379386"
16.3079057498345,16.4386413090996,0.338478034041164,0.378441246809803,31,262,"P07225;G5E9F8;H7BXT0;CON__P07224","PROS1","ENSG00000184500",5627,"ENSP00000377783"
11.7633628210018,12.0182552975995,0.608167985370946,1.01637203897617,2,16,"P07339;F8WD96;C9JH19;H7C1V0;H7C469;F8W787","CTSD","ENSG00000117984",1509,"ENSP00000490344"
16.0901313256508,16.0657642788986,0.467476958302074,0.565564053333796,31,260,"P07357","C8A","ENSG00000157131",731,"ENSP00000354458"
16.6492039485861,16.4066108902249,0.439759989478299,0.454424693417648,31,262,"P07360;Q5SQ08","C8G","ENSG00000176919",733,"ENSP00000360697"
12.4019164203732,12.320515368641,1.54596366126916,2.13634952985912,4,9,"P07478","PRSS2","ENSG00000282049",5645,"ENSP00000487952"
12.915162697333,12.9474979390656,1.27781123879186,1.28176096711535,9,103,"P07737;K7EJ44;I3L3D5;CON__P02584","PFN1","ENSG00000108518",5216,"ENSP00000225655"
8.2879939970664,9.5347299343679,1.84071585738678,3.84034000965639,2,10,"P07900;P07900-2;Q14568;G3V2J8;Q58FG0","HSP90AA1","ENSG00000080824",3320,"ENSP00000216281"
15.256787389293,15.4157374646499,0.700200449302752,0.887782293966784,31,256,"P07996;CON__Q28194;P07996-2;A8MZG1;P35442;P49746;Q2HIZ1;F5H4Z8;P49746-2","THBS1","ENSG00000137801",7057,"ENSP00000380720"
12.1419155819937,12.1882527845181,NA,1.60146165013242,1,16,"P08294;M0R1V4","SOD3","ENSG00000109610",6649,"ENSP00000472134"
12.5343228161614,13.0827095156236,2.14160585650341,2.5718256844332,16,155,"P08519;A0A087WWY0","LPA","ENSG00000198670",4018,"ENSP00000321334"
15.3967655421312,14.3376223772301,0.670319625641012,0.863362777576117,31,243,"P08571;D6RFL4","CD14","ENSG00000170458",929,"ENSP00000385519"
18.84717743504,18.7806104049185,0.249446729373051,0.285879046977141,31,262,"P08603;A0A0D9SG88;P08603-2;Q5TFM2","CFH","ENSG00000000971",3075,"ENSP00000356399"
17.5120744038921,17.5154405220725,0.375592013844431,0.37329942125331,31,262,"P08697;P08697-2;A0A0G2JPA8;C9JMH6;C9JPV4;CON__P28800","SERPINF2","ENSG00000276838",5345,"ENSP00000488707"
11.8304357190213,11.6940562811572,0.965235865019824,1.10088112282873,5,36,"P09172","DBH","ENSG00000123454",1621,"ENSP00000376776"
17.7482061230263,17.5690094970378,0.435503828785282,0.334038734333437,31,262,"P09871;F8WCZ6;H0Y5D1;F5H7T4","C1S","ENSG00000182326",716,"ENSP00000385035"
18.3605116379953,18.0299560037218,0.733373092981039,0.679601266212598,31,262,"P0C0L4;P0C0L4-2","C4A","ENSG00000227746",110384692,"ENSP00000388662"
20.3164820602889,19.9930846992867,0.601139911073342,0.508775159503413,31,262,"P0C0L5;F5GXS0","C4B","ENSG00000228454",721,"ENSP00000364321"
18.2730664301422,17.7357322555567,2.94283846853254,3.19528028492486,30,245,"P0DJI8;E9PQD6","SAA1","ENSG00000288411",6288,"ENSP00000500630"
18.647175074976,17.7610006798352,2.23579279940239,2.74601692392649,29,227,"P0DJI9","SAA2","ENSG00000134339",6289,"ENSP00000416716"
18.4197029265498,18.8276214161868,1.24988751276113,1.42035043197309,9,90,"P0DML3;P0DML2;A0A087WX75;H0YM39;P0DML3-2;A0A087WUG6;A6NFB4;P01241;B1A4H2;P0DML3-3;P01241-2;P01242-3;P01242;Q14406-2;P01241-3;Q14406;P01242-4;P01241-5;P01241-4;A0A087X0G4;J3QT06;Q14406-3;Q14406-4;A0A0B4J1R0;P01242-2","CSH2;CSH1",NA,NA,NA
14.1589707799673,13.424473843102,0.812004031609246,0.927289817768842,14,91,"P10124","SRGN","ENSG00000122862",5552,"ENSP00000242465"
12.8428415064505,12.5079861068161,NA,1.26960554917337,1,14,"P10451;P10451-4;P10451-2;CON__P31096","SPP1","ENSG00000118785",6696,"ENSP00000237623"
19.4389173256117,19.5366899705188,0.453485017201986,0.874839268939567,29,246,"P10586;P10586-2;H0Y4H1;H0Y6Z7;A2A437;P23468;Q3KPI9;P23468-7;P23468-5;F5GWR7;P23468-3;P23468-4;P23468-6","PTPRF","ENSG00000142949",5792,"ENSP00000353030"
12.2965271655692,12.2884936202007,0.965209462697721,0.886236414217878,3,34,"P10599;P10599-2","TXN","ENSG00000136810",7295,"ENSP00000363639"
13.7148297982993,14.1599268312143,1.11262592668022,0.811990885215906,7,73,"P10619;X6R5C5;X6R8A1;P10619-2;U3KQ41;Q5JZH0;U3KQU6","CTSA","ENSG00000064601",5476,"ENSP00000476235"
17.0720800331518,16.7635243473233,0.478613549245661,0.717531171441773,31,262,"P10643;CON__Q29RQ1","C7","ENSG00000112936",730,"ENSP00000322061"
11.1847783891885,10.6559136966858,3.8256869835502,3.48306314081662,4,22,"P10645;G5E968","CHGA","ENSG00000276781",1113,"ENSP00000478198"
19.3249211693176,19.2692946758956,0.280187823050661,0.36558351642499,31,262,"P10909;P10909-4;P10909-5;P10909-2;P10909-3;H0YC35;H0YLK8;H0YAS8;E7ERK6;E7ETB4;E5RG36;E5RGB0;E5RH61;E5RJZ5","CLU","ENSG00000120885",1191,"ENSP00000315130"
7.95235695771707,7.77882011440539,2.50456335461651,2.78206696839476,4,29,"P11021","HSPA5","ENSG00000044574",3309,"ENSP00000324173"
11.5395892835793,12.1065832063649,0.0902339909005677,1.94246681488084,2,17,"P11142;E9PKE3;P11142-2;E9PN89;E9PNE6;E9PLF4;E9PQQ4;E9PQK7;E9PK54;E9PN25;E9PPY6;A8K7Q2;P54652;E9PI65;E9PM13;E9PS65","HSPA8","ENSG00000109971",3312,"ENSP00000437125"
13.6585169416267,13.6113283963912,1.26130397467478,1.25931502776761,28,225,"P11226","MBL2","ENSG00000165471",4153,"ENSP00000363079"
13.953033203448,14.1244655907872,1.05259884443796,1.10144649502969,15,69,"P11277;P11277-2;P11277-3;H0YJE6","SPTB","ENSG00000070182",6710,"ENSP00000495909"
14.4731839497471,14.9586256183428,0.411815599122514,1.0181665718777,11,104,"P11464;P11464-4;P11464-3;P11464-2;M0R235;G5E9F7;M0R1G9;Q15238;M0R276;E7EQY3;M0QY31","PSG1","ENSG00000231924",5669,"ENSP00000413041"
NA,10.9491757186893,NA,0.338402562352056,0,33,"P11498;E9PRE7;P11498-2;E9PS68","PC","ENSG00000173599",5091,"ENSP00000435905"
10.4261448832607,11.0705691590319,0.244166946492359,0.568193150408292,2,17,"P12111;P12111-2;E7ENL6;P12111-4;P12111-3;P12111-5;C9JNG9","COL6A3","ENSG00000163359",1293,"ENSP00000295550"
13.7071247464849,14.0559866787948,0.689168275550058,0.484936376029346,5,34,"P13667;C9JMN9","PDIA4","ENSG00000155660",9601,"ENSP00000499129"
16.9366009533462,16.7270347583415,0.4420619067034,0.381584200465396,31,262,"P13671","C6","ENSG00000039537",729,"ENSP00000338861"
11.8135366161414,12.4355767668368,0.914997182015688,2.34842485766304,3,15,"P13727;P13727-2;H0YCG3","PRG2","ENSG00000186652",5553,"ENSP00000312134"
13.8058297287368,13.0002504805404,1.19444165677138,1.25514064314981,29,212,"P13796;Q5TBN3;P13796-2;Q5TBN5","LCP1","ENSG00000136167",3936,"ENSP00000381581"
13.7523163047421,13.2690950967384,0.720969190324198,0.861994474934364,29,227,"P14151;P14151-2","SELL","ENSG00000188404",6402,"ENSP00000236147"
9.07114263805151,9.88393486814247,0.561941100957484,2.52450701448621,3,12,"P14625;Q96GW1;F8W026;H0YIV0","HSP90B1","ENSG00000166598",7184,"ENSP00000446748"
11.7499178286146,11.7395907108358,0.71370002582509,1.61002532571429,10,109,"P14780","MMP9","ENSG00000100985",4318,"ENSP00000361405"
10.2714626799231,11.4672910474308,NA,2.00760512575399,1,14,"P15090;P02689;E5RIR0;E5RH45","FABP4","ENSG00000170323",2167,"ENSP00000256104"
12.5506817208251,10.7210687281121,1.93240092118501,1.68419705297786,4,38,"P15144;H0YKT6;H0YMC1;H0YLZ8","ANPEP","ENSG00000166825",290,"ENSP00000502886"
14.7445405321204,14.3706809610338,0.708620428085077,0.727843896793727,31,260,"P15169;B1AP58;CON__Q2KJ83","CPN1","ENSG00000120054",1369,"ENSP00000359446"
12.3188251317631,12.6560213513495,NA,1.50775096063985,1,25,"P15374;A0A087WTB8;Q5TBK7","UCHL3","ENSG00000118939",7347,"ENSP00000477746"
15.2255864195612,15.0893145843744,1.12888171117338,1.13857902272994,29,225,"P15814;C9JEE0","IGLL1","ENSG00000128322",3543,"ENSP00000249053"
13.0952818216835,15.756788678277,NA,1.5586780873939,1,64,"P15848;P15848-2","ARSB","ENSG00000113273",411,"ENSP00000264914"
12.5131941013878,12.4584435743229,0.741432108551955,0.791201662416572,24,221,"P16070;P16070-9;P16070-8;P16070-3;P16070-4;P16070-5;P16070-7;P16070-13;P16070-10;P16070-16;P16070-15;P16070-14;P16070-17;P16070-6;P16070-18;H0Y5E4;P16070-12;P16070-11;H0YCV9;H0YDW7;H0YD13;H0Y2P0;H0YDX6;H0YD17;H0YEU1;E9PKC6;H0YD90;H0YCL4;H0YEV3;H0YDV8;H0YF08;P16070-19;Q86UZ1","CD44","ENSG00000026508",960,"ENSP00000435377"
14.0507630124959,13.9357730836674,2.40084289335112,2.14576197732065,11,81,"P16383-4",NA,"ENSG00000278704",NA,"ENSP00000484918"
NA,11.3936672139094,NA,1.66217781139101,0,14,"P16930;H0YLC7;P16930-2","FAH","ENSG00000103876",2184,"ENSP00000453152"
18.4586287356309,18.6447577433491,0.645123580214494,0.475312605843607,4,22,"P17987;E7EQR6;E7ERF2;F5GZI8;F5H282;F5H726;F5H676;F5H136;F5GYL4","TCP1","ENSG00000120438",6950,"ENSP00000317334"
16.8980242971577,16.2167431729161,1.3930192233705,1.1983427455306,31,261,"P18428","LBP","ENSG00000129988",3929,"ENSP00000217407"
16.1371975283898,15.94260968131,0.478861875531651,0.886321862024046,21,118,"P18827;E9PHH3;H7C1K4","SDC1","ENSG00000115884",6382,"ENSP00000254351"
12.2651014313325,11.8585414643569,1.22342772902265,1.39318300309149,13,57,"P19320;P19320-3;P19320-2;E9PDD2","VCAM1","ENSG00000162692",7412,"ENSP00000359137"
19.4067989968416,19.1521993664704,0.619254071409421,0.609643693344495,31,262,"P19652","ORM2","ENSG00000228278",5005,"ENSP00000394936"
18.8783298715872,19.0931839122519,0.39939368022419,0.510847679826397,31,262,"P19827;P19827-2;P19827-3;H7C0N0;F8WAS2;H7C5I0;B5MCP1","ITIH1","ENSG00000055957",3697,"ENSP00000273283"
16.9526201347824,16.367043627565,1.00567509468024,0.918815338724223,3,21,"P20618","PSMB1","ENSG00000008018",5689,"ENSP00000262193"
13.5121749341767,13.8819449703985,1.73681423641887,2.40780134527536,26,227,"P20742;P20742-2;F5GXY0","PZP","ENSG00000126838",5858,"ENSP00000261336"
15.4356761964364,15.3597383662479,0.349424908562065,0.431918297931491,31,259,"P20851;P20851-2","C4BPB","ENSG00000123843",725,"ENSP00000356045"
12.2453360093546,12.4256389574578,0.608911370635036,1.04910203000883,5,35,"P21802-7;P21802-9;P21802;P21802-6;P21802-3;P21802-16;P21802-18;P21802-5;P21802-10;A0A0A0MR25;P21802-12;A0A087WY21;P21802-17;P21802-13;P21802-2;P21802-8;P21802-23;P21802-15;P21802-19;P21802-14;P21802-11","FGFR2","ENSG00000066468",2263,"ENSP00000351276"
16.1576972371056,15.9585761859287,0.388646068703593,0.515364834798211,31,262,"P22792","CPN2","ENSG00000178772",1370,"ENSP00000319464"
12.0465853360476,11.9077444523547,0.971317752553352,0.995472543459672,21,143,"P22891;P22891-2","PROZ","ENSG00000126231",8858,"ENSP00000364697"
17.2173967102558,16.9165691962103,1.68370117424979,1.61937590310969,30,260,"P23083","IGHV1-2","ENSG00000278704",NA,"ENSP00000484918"
15.1726063476098,15.221239132349,0.611568456725165,0.63398520090226,31,262,"P23142;CON__ENSEMBL:ENSBTAP00000016046;P23142-2;P23142-3;B1AHM7;H7C1M6;B1AHM9","FBLN1","ENSG00000077942",2192,"ENSP00000415289"
15.6188263205392,15.9569085587909,0.502969391602284,0.533448630355618,31,262,"P25311;C9JEV0;H7BZJ8","AZGP1","ENSG00000160862",563,"ENSP00000292401"
18.1519322897751,18.3117231517311,0.578521872323916,0.716817361915354,31,262,"P27169;F8WF42","PON1","ENSG00000005421",5444,"ENSP00000222381"
11.0189724156346,10.4831214830914,0.384462040436894,0.87039247838032,4,5,"P27797;K7EJB9;K7EL50","CALR","ENSG00000179218",811,"ENSP00000465918"
15.0006206941471,15.5859633850682,0.659869318202225,0.662170474116031,31,261,"P29622","SERPINA4","ENSG00000100665",5267,"ENSP00000450838"
10.421328276873,10.0338434608077,NA,1.87334502344456,1,28,"P30043;M0R192;M0QZL1","BLVRB","ENSG00000090013",645,"ENSP00000494515"
12.7811344697181,13.4906652318341,NA,0.618955762024485,1,37,"P30086","PEBP1","ENSG00000089220",5037,"ENSP00000261313"
12.4750638864182,11.5043663172684,1.22014665305628,1.1972102402362,11,48,"P30508;Q29960-2;Q07000;Q95604;Q29960;Q29963;A0A0G2JH50;A0A0G2JIF0;P30510;Q9TNN7;P30505;A2BF26;P30501;Q29865;P04222;P30499;Q31612","HLA-C","ENSG00000206435",3107,"ENSP00000372979"
15.6312811476884,14.7196314680417,0.823647322187795,1.3592655051921,9,74,"P31327;P31327-3;P31327-2;Q5R211;E7EWJ3;C9JTA4","CPS1","ENSG00000021826",1373,"ENSP00000500537"
12.0237822728296,12.7001169686342,1.61531405386403,1.90241232659714,11,83,"P32119;A6NIW5;P32119-2","PRDX2","ENSG00000167815",7001,"ENSP00000334063"
13.2306333951424,13.4905627377126,1.05722657018637,0.811230648274599,28,235,"P33151;I3L1J2;P33151-2;H3BPG1;H3BR64;H3BR11","CDH5","ENSG00000179776",1003,"ENSP00000479381"
10.5594000640659,10.6178294996815,0.273980420265193,0.610566668887255,2,12,"P34096","RNASE4","ENSG00000258818",6038,"ENSP00000452245"
14.1950540334155,14.8976576460051,1.44679303226043,1.46016213851585,31,255,"P35858;P35858-2","IGFALS","ENSG00000099769",3483,"ENSP00000215539"
11.8019647640552,11.1646791015061,2.53482258282592,2.39132910327145,4,31,"P36222;H0Y3U8","CHI3L1","ENSG00000133048",1116,"ENSP00000255409"
17.1903191131592,17.0943748859303,0.396112244723397,0.345400915446986,31,262,"P36955;I3L4N7;I3L107;I3L4F9;I3L4Z0;I3L2R7;I3L425;I3L3Z3;I3L1U4","SERPINF1","ENSG00000282307",5176,"ENSP00000488386"
11.9343760596873,11.771629135584,2.42114779063734,2.26794080404378,4,14,"P37802;X6RJP6;P37802-2","TAGLN2","ENSG00000158710",8407,"ENSP00000357076"
18.79295648602,18.958574941436,0.360762472138186,0.326365456515902,16,89,"P38606;P38606-2;C9JA17;C9JVW8","ATP6V1A","ENSG00000114573",523,"ENSP00000273398"
13.1096837187119,12.0957662041905,NA,1.60410643139305,1,11,"P39060;P39060-2;P39060-1;H7BXV5;H7C457","COL18A1","ENSG00000182871",80781,"ENSP00000498485"
14.1640202165778,13.9106661254624,1.69973864245804,1.12507377397279,21,232,"P41222;H0Y5A1;Q5SQ11","PTGDS","ENSG00000107317",5730,"ENSP00000491730"
12.6203127252754,12.8241675778335,0.725555409309045,0.916269397188193,31,249,"P43251;P43251-4;P43251-3;P43251-2;C9JSN9","BTD","ENSG00000169814",686,"ENSP00000397113"
16.6672988080023,17.380524941339,0.670615524448869,0.707349885892514,31,262,"P43652;CON__REFSEQ:XP_585019","AFM","ENSG00000079557",173,"ENSP00000226355"
12.9179034800926,13.2369845813467,0.386399660512831,0.383903948575595,10,63,"P49448","GLUD2","ENSG00000288118",2747,"ENSP00000500546"
18.1690588874614,17.9487153980117,0.374515437190131,0.556393856726664,18,80,"P49792;A6NKT7;Q7Z3J3;O14715;P0DJD0;P0DJD1;F8W705;F8VYC4;J3KNE0","RANBP2","ENSG00000153201",5903,"ENSP00000283195"
13.3082845586984,11.2038528725036,2.27409346697601,1.31257969051294,3,27,"P50395;P50395-2;Q5SX87;V9GYF8;Q5SX90;V9GYJ7","GDI2","ENSG00000057608",2665,"ENSP00000369538"
14.8176828297836,14.6678666223546,NA,0.820503862288236,1,22,"P51178;P51178-2","PLCD1","ENSG00000187091",5333,"ENSP00000430344"
15.2139547636176,15.3912782854837,1.27226754460773,1.07396595486824,21,201,"P51451","BLK","ENSG00000136573",640,"ENSP00000494690"
16.1271806046295,16.4204991554986,0.734625632799034,0.771086704025151,31,262,"P51884;CON__Q05443","LUM","ENSG00000139329",4060,"ENSP00000266718"
NA,12.3214317431558,NA,0.428787642571118,0,37,"P53675;P53675-2;A0A087WV74;A0A087WXH4","CLTCL1","ENSG00000070371",8218,"ENSP00000485020"
13.0511001486557,13.0449949867964,1.34660717200703,1.22181072244124,25,234,"P55056","APOC4","ENSG00000267467",346,"ENSP00000468236"
13.7726988099224,14.5193498669139,1.15366360344267,0.838866018371299,31,262,"P55058;P55058-3;P55058-2;P55058-4","PLTP","ENSG00000100979",5360,"ENSP00000335290"
13.9140846586263,14.0837386428381,0.287854740578416,0.374450332473172,11,116,"P55268;F5H520","LAMB2","ENSG00000172037",3913,"ENSP00000307156"
13.2830282098928,12.9686008749414,1.2954397445843,1.43717732206218,28,231,"P60709;G5E9R0;E7EVS6;Q6S8J3;C9JZR7;A5A3E0;C9JTX5;C9JUM1;P0CG38;P0CG39;Q9BYX7;F8WCH0","ACTB","ENSG00000075624",60,"ENSP00000502821"
13.3156906390407,13.7661535361024,0.278579733658174,0.498244447221524,3,46,"P61956-2;P61956;P55854;Q6EEV6;A8MUA9;A8MU27;P55854-2","SUMO2;SUMO3;SUMO4",NA,NA,NA
10.4017965342404,10.6350727133495,1.57665261240316,2.2930184920315,5,14,"P62258;P62258-2;B4DJF2;I3L3T1;K7EM20;K7EIT4;I3L0W5","YWHAE","ENSG00000274474",7531,"ENSP00000487356"
13.3271372858774,13.2467933066053,1.28722021436577,1.33715614918858,21,208,"P62328","TMSB4X","ENSG00000205542",7114,"ENSP00000414376"
13.463270167847,13.5795379570914,0.629782754576836,0.950328921942421,8,76,"P62805","HIST1H4A",NA,NA,NA
11.7841697877537,12.563994101404,1.29279761012166,1.70165658524427,9,53,"P62937;F8WE65;C9J5S7;P62937-2;F5H284;Q9Y536;E5RIZ5;A0A0B4J2A2;A0A075B767;A0A075B759","PPIA","ENSG00000196262",5478,"ENSP00000405975"
13.0000529892983,12.564258344613,NA,1.57336719019755,1,4,"P63313","TMSB10","ENSG00000034510",9168,"ENSP00000233143"
13.2784333390022,12.9128463519527,1.44994367303339,1.44582622698065,28,216,"P68032;P68133;P62736;P63267;P63267-2;A6NL76;F6UVQ4;F6QUT6;F8WB63;B8ZZJ2;C9JFL5","ACTC1;ACTA1;ACTA2;ACTG2",NA,NA,NA
20.7719147886975,20.9107791318688,0.881540085085584,0.944174760882388,31,262,"P68871;F8W6P5","HBB","ENSG00000244734",3043,"ENSP00000333994"
12.6384661250837,12.5226198241957,1.97777105874166,1.67315603468691,6,58,"P69892;E9PBW4","HBG2","ENSG00000196565",3048,"ENSP00000338082"
19.8074541595844,20.0374052538731,0.951548262459465,1.0107904134565,31,262,"P69905","HBA1","ENSG00000206172",3039,"ENSP00000322421"
13.7084492211839,14.3144100046196,0.892035045212639,1.06139855947023,31,260,"P80108;P80108-2","GPLD1","ENSG00000112293",2822,"ENSP00000230036"
11.2037095923313,12.1339930603148,0.922709824580285,1.48250686004635,6,45,"P80188;X6R8F3;P80188-2","LCN2","ENSG00000148346",3934,"ENSP00000362108"
14.4028797464175,14.2156718762143,1.46418476160356,1.28905410101387,31,237,"P80419",NA,"ENSG00000278704",NA,"ENSP00000484918"
17.7118145699509,18.0038253834356,0.691492574757792,0.854840280327595,31,262,"P80748","IGLV3-21","ENSG00000278704",NA,"ENSP00000484918"
12.5681798529456,12.5179500798283,2.55331291758293,1.8434360912037,11,95,"P83593",NA,"ENSG00000278704",NA,"ENSP00000484918"
17.9994922677013,17.741259332391,0.344974530329836,1.75460589855011,10,31,"P98160;Q5SZJ2","HSPG2","ENSG00000142798",3339,"ENSP00000363827"
18.8245383957433,18.5696612196065,0.871172676575951,0.724536515152398,17,81,"P98164;E9PC35","LRP2","ENSG00000081479",4036,"ENSP00000496870"
14.8803567091204,14.4249298929045,1.0008687931114,1.03096158493133,8,70,"Q02790","FKBP4","ENSG00000004478",2288,"ENSP00000001008"
12.1737388592019,12.8746909860209,0.923775273823362,1.40863882098114,7,33,"Q02985;Q02985-2;A0A087WYK9;Q6NSD3;V9GYX2;A0A0C4DH21;Q92496-3","CFHR3;CFHR4",NA,NA,NA
11.3214207988901,11.4007074620924,NA,0.599990437341975,1,25,"Q03013-3","GSTM4","ENSG00000168765",2948,"ENSP00000358851"
17.5710197785277,16.9311126002553,0.496041726305326,0.697515350073969,31,262,"Q06033;Q06033-2;A0A087WW43;E7ET33","ITIH3","ENSG00000162267",3699,"ENSP00000413922"
10.9498693986607,11.7945829642442,0.22976675311575,1.52836499524001,5,53,"Q07960;H0YE29;E9PNR6","ARHGAP1","ENSG00000175220",392,"ENSP00000310491"
13.7484938428151,13.4921214658077,2.24633976293597,1.37037008785391,9,40,"Q08257;Q08257-3;A6NP24;C9JH92;Q08257-2","CRYZ","ENSG00000116791",1429,"ENSP00000359909"
16.642068455611,15.6577172890981,0.89763589602043,1.01176362614259,31,262,"Q08380;K7EP36;K7ESM3;K7EKQ5;K7ES75;K7EN99;K7ERZ6;K7EJY8;K7EJD3;K7EQT9","LGALS3BP","ENSG00000108679",3959,"ENSP00000465120"
11.482625540939,10.4829823298212,1.53796658713531,1.72963224303072,15,48,"Q08830","FGL1","ENSG00000104760",2267,"ENSP00000381133"
16.5936038685519,16.4697222581515,0.534108036848288,1.29204779840108,5,96,"Q09666","AHNAK","ENSG00000124942",79026,"ENSP00000433789"
13.3833446076891,13.106679989267,0.382834343044494,0.377188515908062,9,68,"Q13045;Q13045-2;Q13045-3","FLII","ENSG00000284571",2314,"ENSP00000491480"
12.5253879108737,13.059854045826,0.062249594255855,0.465889237095816,2,94,"Q13200;Q13200-2;Q13200-3;H7C1H2;H7C2Q3;C9JPC0","PSMD2","ENSG00000175166",5708,"ENSP00000414061"
12.275627688195,12.8533952234866,1.14739398774468,1.10124488900233,12,94,"Q13201;Q13201-2;E7EPG1","MMRN1","ENSG00000138722",22915,"ENSP00000378431"
16.6202446624692,16.2456510131603,0.764682756397123,0.914117319278464,31,259,"Q13733;P20648;M0QXF2;E9PRA5;Q13733-2","ATP1A4","ENSG00000132681",480,"ENSP00000357060"
17.0013294268453,16.7692607998972,0.629778186708614,0.71895550913193,31,261,"Q13790","APOF","ENSG00000175336",319,"ENSP00000381250"
14.3655279197299,14.0421652909784,0.530146349194631,0.521592148503883,31,253,"Q14520;Q14520-2","HABP2","ENSG00000148702",3026,"ENSP00000277903"
16.5689149556294,16.4919506532272,0.609431232614588,1.16186927042525,4,38,"Q14651;C9J359;C9J0F3;C9JAM3;C9JVY2;C9JU08","PLS1","ENSG00000120756",5357,"ENSP00000387890"
11.4902064439483,11.8754476491167,0.592263300149785,1.62055048379802,3,28,"Q14974;J3KTM9;Q14974-2;J3QR48;J3QRG4;J3QKQ5","KPNB1","ENSG00000108424",3837,"ENSP00000438253"
12.7006151017178,12.9165838722359,0.436273794273684,1.05320806967806,3,19,"Q15113","PCOLCE","ENSG00000106333",5118,"ENSP00000223061"
14.4177620495156,14.4244080036152,0.442374395071433,0.698623189454713,8,37,"Q15149;Q15149-4;Q15149-2;Q15149-6;Q15149-9;Q15149-7;Q15149-8;Q15149-5;Q15149-3;E9PMV1;E9PKG0;E9PQ28;E9PIA2","PLEC","ENSG00000178209",5339,"ENSP00000344848"
15.8297118802265,16.4563875771691,0.151892919741504,0.315049726873944,3,57,"Q15181;Q5SQT6","PPA1","ENSG00000180817",5464,"ENSP00000362329"
13.3591550198978,13.5753141447577,1.17219552562487,0.970929152780381,28,247,"Q15485-2;Q15485","FCN2","ENSG00000160339",2220,"ENSP00000291744"
14.0820242326676,13.924623091807,0.726128570473798,0.811997869407578,30,256,"Q15582;H0Y8L3;S4R3C6;H0Y9D7;H0YAB8;D6RBX4;H0YAH8","TGFBI","ENSG00000120708",7045,"ENSP00000416330"
11.8857451902725,12.1872735250602,1.30947854962492,1.41372103462086,11,173,"Q15848","ADIPOQ","ENSG00000181092",9370,"ENSP00000320709"
13.1066041611009,13.2030297194761,1.03483362732826,1.10757864624334,14,151,"Q16610;Q16610-4;Q16610-2;Q16610-3","ECM1","ENSG00000143369",1893,"ENSP00000358045"
17.8782878893368,17.7525071421399,0.591447416276846,0.804876495060449,31,259,"Q16880","UGT8","ENSG00000174607",7368,"ENSP00000311648"
13.9779321163458,14.1430231548746,1.24065809689729,1.05198830525986,8,80,"Q3MIT2","PUS10","ENSG00000162927",150962,"ENSP00000326003"
10.3041235613689,11.2014062826088,NA,1.51919964500153,1,19,"Q5JRA6;Q5JRA6-3;Q5JRA6-2","MIA3","ENSG00000154305",375056,"ENSP00000340900"
17.9968200123738,18.494367297359,0.527714110687928,0.545812076173714,31,262,"Q5T985","ITIH2","ENSG00000151655",3698,"ENSP00000351190"
12.2328968675616,12.2876425358178,1.67577988979216,0.646532569304478,2,18,"Q5TEC6;P68431;P84243;Q71DI3;Q16695;Q6NXT2;K7EMV3;K7EP01;B4DEB1;K7EK07;K7ES00","HIST2H3PS2;HIST1H3A;H3F3A;HIST2H3A;HIST3H3;H3F3C;H3F3B",NA,NA,NA
12.4098487901848,12.3562005376128,0.403304540198008,1.02301918433825,4,23,"Q5TIA1;Q5TIA1-4;F5GZT0;Q5TIA1-6","MEI1","ENSG00000167077",150365,"ENSP00000384115"
11.6392988294131,11.7943046814006,0.771110798222158,0.941263930946546,20,177,"Q6EMK4","VASN","ENSG00000274334",114990,"ENSP00000481884"
12.873328519812,12.9474080805812,1.11904394472944,1.1652291670573,12,154,"Q6UXB8;Q6UXB8-2","PI16","ENSG00000164530",221476,"ENSP00000497550"
12.4440837921728,12.7359553516067,0.0559755160068837,0.449332694365436,2,48,"Q7Z406;Q7Z406-6;Q7Z406-2;Q7Z406-4;Q7Z406-5;A0A0C4DFM8;A1L2Z2;M0QY43","MYH14","ENSG00000105357",79784,"ENSP00000472543"
16.4907544926844,16.0693737987195,0.474475065838272,0.625065954386242,28,247,"Q7Z736-3",NA,"ENSG00000278704",NA,"ENSP00000484918"
12.1372541453588,12.0717441938123,1.33329537887815,1.57410902674654,12,100,"Q92733","PRCC","ENSG00000143294",5546,"ENSP00000271526"
12.0373523554175,11.2370091194748,0.800202459526886,0.764640732817138,14,86,"Q92820","GGH","ENSG00000137563",8836,"ENSP00000503731"
15.8016669175265,15.5006074309005,0.904610672388009,1.21096636926852,18,115,"Q92859;Q92859-3;Q92859-2;Q92859-4;Q59FP8","NEO1","ENSG00000067141",4756,"ENSP00000341198"
12.2145585003062,11.4093234102122,2.80799650821816,1.1698780451126,13,78,"Q92887","ABCC2","ENSG00000023839",1244,"ENSP00000496972"
14.454574069461,14.0817733705666,0.751665852901104,0.820897674341442,22,227,"Q92954-6;Q92954;Q92954-5;Q92954-4;Q92954-3;Q92954-2","PRG4","ENSG00000116690",10216,"ENSP00000431330"
11.8570535707817,11.8707185426403,0.358078210662303,1.60691547847348,5,31,"Q96CX2;Q68DU8","KCTD12","ENSG00000178695",115207,"ENSP00000366694"
12.5610025075826,13.0588280514615,1.40573305430747,1.5705009432988,28,209,"Q96HW7;E9PIM3;F8WAA7;Q96HW7-4;Q96HW7-2","INTS4","ENSG00000149262",92105,"ENSP00000434466"
14.9993016136949,14.7939738849535,0.474376011462808,0.592518634177125,30,261,"Q96IY4;A0A087WSY5;Q96IY4-2;CON__Q2KIG3","CPB2","ENSG00000080618",1361,"ENSP00000181383"
12.9293461945384,12.7477683453174,0.969223751422116,1.20414430133236,25,208,"Q96KN2;J3KRP0","CNDP1","ENSG00000150656",84735,"ENSP00000351682"
16.4419993751643,16.89905513215,0.697533646993171,0.571785323880908,31,262,"Q96PD5;Q96PD5-2;M0QYW3;M0R2W8","PGLYRP2","ENSG00000161031",114770,"ENSP00000292609"
11.1588974639909,11.5492924843352,0.590191906663972,0.912846103115317,10,54,"Q9BWP8;Q9BWP8-9;Q9BWP8-8;Q9BWP8-7;Q9BWP8-6;Q9BWP8-5;Q9BWP8-4;Q9BWP8-3;Q9BWP8-2;Q9BWP8-10","COLEC11","ENSG00000118004",78989,"ENSP00000236693"
12.6356665051274,12.105733387173,0.91157545816303,1.22491834400741,4,20,"Q9BYE9","CDHR2","ENSG00000074276",54825,"ENSP00000424565"
13.5771383098568,13.8658622424241,1.03356384933205,1.16253480432373,11,77,"Q9H257;Q9H257-3;Q9H257-2;Q9BXL7","CARD9;CARD11",NA,NA,NA
16.8183879075036,16.8939873256346,0.990088249441558,1.01727163484996,31,261,"Q9H497;Q9H497-3","TOR3A","ENSG00000186283",64222,"ENSP00000356599"
11.9155956695886,11.4386816589836,1.20494723329338,0.8286835341841,12,73,"Q9HDC9;H0Y512;Q9HDC9-2","APMAP","ENSG00000101474",57136,"ENSP00000395874"
11.9344645674785,11.5983018031612,NA,0.781089437223888,1,33,"Q9NPH3;Q9NPH3-3;Q9NPH3-2;Q9NPH3-5;C9J1D9;C9JT28;C9J9W1","IL1RAP","ENSG00000196083",3556,"ENSP00000072516"
12.307528704334,12.3249617349903,0.700532351878267,0.660417197785233,2,14,"Q9NV70;Q9NV70-2","EXOC1","ENSG00000090989",55763,"ENSP00000370695"
14.7779233955246,14.4569998058982,0.418269242282241,0.492249083251827,31,258,"Q9NZP8;F5GWF3;F5H7C8;F5H6S5;H0YFL7;F5H2Z5","C1RL","ENSG00000288124",51279,"ENSP00000499811"
12.5787036060907,12.9864956997182,0.486031590103673,0.594509141440474,2,34,"Q9NZQ3;Q9NZQ3-3;C9JSC3;Q9NZQ3-5;Q9NZQ3-4;Q9NZQ3-2","NCKIPSD","ENSG00000213672",51517,"ENSP00000389059"
13.8572186019727,14.2367582963177,0.334505561019224,0.583104638995989,6,62,"Q9P232","CNTN3","ENSG00000113805",5067,"ENSP00000263665"
19.7494523490483,19.6593978123363,0.529515337105785,0.8273344418346,4,49,"Q9UBC5;O43795;C9JYW1;E7EQD9;G3V342;E9PDF6;O43795-2","MYO1A;MYO1B",NA,NA,NA
14.5013271440655,14.4320439680726,0.54800321552321,0.79036867309606,30,259,"Q9UGM5;Q9UGM5-2;E9PG08;F8WAW1;F8WEP7","FETUB","ENSG00000090512",26998,"ENSP00000396581"
11.3117361061951,11.4796587925379,1.2362945068176,0.864353784408064,2,24,"Q9UHG3;Q9UHG3-2;F8W8W4;C9K055;C9JM55;C9JGT6","PCYOX1","ENSG00000116005",51449,"ENSP00000404327"
13.8385113394148,13.4830161892257,0.555885297830862,1.15994958624216,4,50,"Q9UKU6","TRHDE","ENSG00000072657",29953,"ENSP00000447822"
12.6766407134377,12.6667975300829,NA,0.41356586860444,1,61,"Q9UL25","RAB21","ENSG00000080371",23011,"ENSP00000261263"
11.1779799802941,11.6833891299352,NA,1.02121551456072,1,16,"Q9UNN8","PROCR","ENSG00000101000",10544,"ENSP00000216968"
16.4840195042023,15.6337845277759,1.5925164649169,1.61410903959444,24,125,"Q9UPV0;Q9UPV0-2","CEP164","ENSG00000110274",22897,"ENSP00000436609"
11.6754151965745,12.7167639088246,0.643471387216142,1.51425880711782,3,3,"Q9Y279;Q9Y279-2;H7C062;Q9Y279-3","VSIG4","ENSG00000155659",11326,"ENSP00000393108"
16.0845667699,16.102988203921,0.79842247287308,1.12969709841126,15,172,"Q9Y3C6","PPIL1","ENSG00000137168",51645,"ENSP00000362803"
12.5995053354539,11.47599805983,1.68180138929794,0.906378437982166,2,21,"Q9Y5C1","ANGPTL3","ENSG00000132855",27329,"ENSP00000360170"
12.8920611906905,12.7983984624626,0.484266895329278,0.301763935310368,6,59,"Q9Y5H8;Q9Y5H8-2;Q9UN74;Q9UN75-2;Q9UN73-2;A0A087WSW8;C9JA99;Q9Y5H7-3;Q9Y5H5-2;Q9Y5H7-2;Q9UN73-3;Q9UN74-2;Q9UN72-2;Q9Y5H7;Q9Y5H6-2;Q9Y5I0-2;Q9Y5I0;Q9Y5H5;Q9UN73;Q9UN75;Q9UN72;Q9Y5H6;D6RA20","PCDHA3;PCDHA4;PCDHA12;PCDHA6;PCDHA13;PCDHA5;PCDHA9;PCDHA7;PCDHA8",NA,NA,NA
10.4857289355424,11.9301507644617,NA,1.07349936941628,1,29,"Q9Y5Y7","LYVE1","ENSG00000133800",10894,"ENSP00000256178"
12.6356593765465,12.7881407323873,0.918341315919079,0.929137188746797,6,86,"Q9Y625;A0A087WT82","GPC6","ENSG00000183098",10082,"ENSP00000366246"
13.0565486029524,13.2559454650712,0.959512723412251,1.3774747985002,12,94,"R4GMZ1","ATRNL1","ENSG00000107518",26033,"ENSP00000483722"
17.4717628510388,17.7766523001681,1.45516071928152,1.91048704883624,31,262,"A0A087WVW2;P01860;A0A075B6N8;A0A0A0MS10","IGHG3","ENSG00000282184",NA,"ENSP00000487823"
14.8754006390961,15.1477208619791,1.36813701173712,1.17776218981534,31,262,"A0A087WV47;P01857;A0A0A0MS08;A0A0A0MS07;A0A0B4J1U8","IGHG1","ENSG00000277633",NA,"ENSP00000487867"
17.1721917811993,17.1398940559239,0.636267776930337,0.710664021788281,31,262,"A0A087WTX5;A0A087X1V9;P01834;A0A075B6H6;A0A0C4DH73;A0A0B4J2E7","IGKC","ENSG00000211592",NA,"ENSP00000374777"
17.3198254205799,17.2845676775121,1.34302761497293,1.55728145391299,31,262,"A0A087WYJ9;P01871;A0A0G2JQL4;A0A075B6N9;P01871-2;A0A0B4J1U7","IGHM","ENSG00000282657",NA,"ENSP00000485962"
18.7484221287807,18.4096006823347,1.457013010373,1.32057664101359,30,260,"A0A075B6N7","IGHA2","ENSG00000276173",NA,"ENSP00000478870"
19.9941232329799,19.8988739567289,0.979652954645354,0.909574471540027,31,262,"E9PFZ2","CP","ENSG00000047457",1356,"ENSP00000418773"
20.4025584314758,19.5635096281947,1.13412668292649,1.37150025956067,31,262,"A0A024R6I7;A0A0G2JRN3;G3V2B9;G3V544;G3V5R8;G3V387","SERPINA1","ENSG00000277377",5265,"ENSP00000486067"
18.8726535278123,18.9360978217231,1.05837953089993,0.825168504491924,31,262,"A0A087WTM7;A8MUN2","APOB","ENSG00000084674",338,"ENSP00000233242"
17.319938345882,17.1285038396177,0.252714635658671,0.347241667712125,31,262,"G3V350","SERPINA6","ENSG00000277405",866,"ENSP00000486588"
12.5534559163741,12.3793855220215,0.978470899955559,0.87434862825288,27,237,"P48740","MASP1","ENSG00000127241",5648,"ENSP00000336792"
16.9815376873916,16.5987653181622,1.19420359487889,1.06710366262107,31,262,"B7ZKJ8;Q14624-2;Q14624-3;Q14624-4;H7C0L5","ITIH4","ENSG00000055955",3700,"ENSP00000266041"
