"","gene_name","sum","controls","cases","sm","null.effect","level","k.study","method","TE.random","seTE.random","statistic.random","pval.random","lower.random","upper.random","seTE.predict","level.predict","lower.predict","upper.predict","Q","df.Q","pval.Q","method.tau","tau2","se.tau2","lower.tau2","upper.tau2","tau","lower.tau","upper.tau","sign.upper.tau","H","lower.H","upper.H","I2","lower.I2","upper.I2","Rb","lower.Rb","upper.Rb","method.bias","zval.random","TE.fixed","seTE.fixed","lower.fixed","upper.fixed","statistic.fixed","pval.fixed","zval.fixed","random.adj.pval","fixed.adj.pval","order"
"TTC3","TTC3",73,14,59,"SMD",0,0.95,2,NA,1.98385542872119,0.344959945068135,5.75097328569365,8.87311365168756e-09,1.30774636027873,2.65996449716365,NA,0.95,NA,NA,0.00222183914302943,1,0.962404525540592,NA,0,0.341093094596872,NA,NA,0,NA,NA,NA,1,NA,NA,0,NA,NA,0,0,1,NA,5.75097328569365,1.98385542872119,0.344959945068135,1.30774636027873,2.65996449716365,5.75097328569365,8.87311365168756e-09,5.75097328569365,7.95918294556374e-06,3.31632622731823e-07,162
"GDI2","GDI2",57,34,23,"SMD",0,0.95,2,NA,1.71050010048115,0.399341691203233,4.283299585694,1.84141964447558e-05,0.927804768197495,2.4931954327648,NA,0.95,NA,NA,0.25441686922095,1,0.613982052753995,NA,0,0.473562226088164,NA,NA,0,NA,NA,NA,1,NA,NA,0,NA,NA,0,0,1,NA,4.283299585694,1.71050010048115,0.399341691203233,0.927804768197495,2.4931954327648,4.283299585694,1.84141964447558e-05,4.283299585694,0.0015015940191769,0.000226267591930766,161
"PLCH1","PLCH1",60,11,49,"SMD",0,0.95,2,NA,1.30659327343412,0.50647332450903,2.57978695067645,0.0098861285786086,0.31392379826615,2.29926274860208,NA,0.95,NA,NA,1.62965881491214,1,0.201750245734947,NA,0.217350308216431,0.795548499002022,NA,NA,0.466208438594188,NA,NA,NA,1.2765809080948,NA,NA,0.386374625872894,NA,NA,0.423659658607603,0,1,NA,2.57978695067645,1.20752722739028,0.363667054079124,0.494752899031417,1.92030155574914,3.32041963616411,0.000898822325444929,3.32041963616411,0.107967556262587,0.00548465051649048,160
"RAB11FIP3","RAB11FIP3",60,11,49,"SMD",0,0.95,2,NA,1.26097927866456,0.357596174479208,3.52626613106534,0.000421463218091424,0.560103655676014,1.96185490165311,NA,0.95,NA,NA,0.841820506491482,1,0.358876623642507,NA,0,0.403059261842157,NA,NA,0,NA,NA,NA,1,NA,NA,0,NA,NA,0,0,1,NA,3.52626613106534,1.26097927866456,0.357596174479208,0.560103655676014,1.96185490165311,3.52626613106534,0.000421463218091424,3.52626613106534,0.0130362933320003,0.00301468699971772,159
"ALAD","ALAD",39,13,26,"SMD",0,0.95,2,NA,1.25659870918318,0.380176527576252,3.30530324213965,0.000948736912748746,0.51146640736623,2.00173101100014,NA,0.95,NA,NA,0.0599478442493096,1,0.806578393776552,NA,0,0.441048104453638,NA,NA,0,NA,NA,NA,1,NA,NA,0,NA,NA,0,0,1,NA,3.30530324213965,1.25659870918318,0.380176527576252,0.51146640736623,2.00173101100014,3.30530324213965,0.000948736912748746,3.30530324213965,0.0221557073404824,0.00575011493740287,158
"EEF1A1","EEF1A1",38,11,27,"SMD",0,0.95,2,NA,1.20139936058969,0.529920037394448,2.26713329523605,0.0233820841765595,0.162775172610452,2.24002354856893,NA,0.95,NA,NA,1.74072619304926,1,0.1870468395871,NA,0.244015191812623,0.81096969476121,NA,NA,0.493978938632634,NA,NA,NA,1.31936582987785,NA,NA,0.425527113917735,NA,NA,0.434476395531425,0,1,NA,2.26713329523605,1.25832376716851,0.392979694544525,0.488097719205689,2.02854981513133,3.20200708748309,0.00136473640235634,3.20200708748309,0.169142979890112,0.00741920335099174,157
"ORM2","ORM2",529,366,163,"SMD",0,0.95,6,NA,1.1831846026805,0.495340089911916,2.38863081502427,0.0169112866210217,0.21233586635431,2.15403333900669,1.23821727977795,0.95,-2.25465770293032,4.62102690829132,42.1330313467065,5,5.53633765864849e-08,NA,1.28782022726676,0.92837617244481,0.379034452561486,9.73546422094383,1.13482167201141,0.615657739788501,3.1201705435671,NA,2.90286173789612,2.0703057990232,4.07022299474652,0.881328263355757,0.766691262931401,0.939638003895157,0.874776352536556,0.426447350864456,1,NA,2.38863081502427,0.543226296508165,0.114180273086719,0.319437073513248,0.767015519503083,4.7576195241326,1.95889271440153e-06,4.7576195241326,0.140457630546819,3.51425352963635e-05,156
"APCS","APCS",506,345,161,"SMD",0,0.95,6,NA,1.16825780811047,0.398568769036446,2.93113233867965,0.00337728874260191,0.38707737543657,1.94943824078436,0.981460869430295,0.95,-1.55671441876245,3.89323003498338,39.3882368562043,5,1.98363468604277e-07,NA,0.804408374571642,0.601559564357654,0.227139137193281,5.72606659152049,0.896888161685526,0.476591163570288,2.3929200971868,NA,2.80671469359478,1.98925289113693,3.96010351742584,0.873058547447716,0.747291410257981,0.936234330647272,0.843954051190036,0.606912362808419,1,NA,2.93113233867965,1.02038573184927,0.12454476621348,0.776282475607886,1.26448898809065,8.19292341920049,2.54956405622375e-16,8.19292341920049,0.0522315172778261,3.81159826405451e-14,155
"PSMB8","PSMB8",38,10,28,"SMD",0,0.95,2,NA,1.16542854823581,0.394663289137263,2.95296922798024,0.0031473333534716,0.391902715506652,1.93895438096496,NA,0.95,NA,NA,0.325982414326813,1,0.568034419862182,NA,0,0.511288847539325,NA,NA,0,NA,NA,NA,1,NA,NA,0,NA,NA,0,0,1,NA,2.95296922798024,1.16542854823581,0.394663289137263,0.391902715506652,1.93895438096496,2.95296922798024,0.0031473333534716,2.95296922798024,0.0508075418105227,0.0143307513607311,154
"ORM1","ORM1",529,366,163,"SMD",0,0.95,6,NA,1.14558312198091,0.238650742977201,4.80024955166534,1.58468039006003e-06,0.67783626086187,1.61332998309995,0.519687145576321,0.95,-0.29729970958868,2.5884659535505,12.9696285547361,5,0.023665049816919,NA,0.213120552153694,0.211575308764846,0.00196854533102125,3.41522674201813,0.461649815502719,0.0443682919551931,1.8480332091221,NA,1.61056689117441,1.03076956502135,2.51649427667519,0.614483947716902,0.0588110358916817,0.842090555419177,0.623660876506915,0.0175156106289984,1,NA,4.80024955166534,0.984213282233256,0.115279737174122,0.758269149224733,1.21015741524178,8.53760865837737,1.37028094500473e-17,8.53760865837737,0.000284291661976769,4.09714002556414e-15,153
"C9","C9",529,366,163,"SMD",0,0.95,6,NA,1.1206341080645,0.526165450539485,2.12981317362342,0.0331870406466766,0.0893687750978174,2.15189944103118,1.32651169458227,0.95,-2.56235279334607,4.80362100947506,36.4773455694322,5,7.62262025638078e-07,NA,1.4827831945221,1.04827756261704,0.43785327403615,12.6777837312012,1.21769585468708,0.661704823948073,3.56058755421085,NA,2.70101260898324,1.90062569337714,3.8384565352915,0.862928622630097,0.723174044158042,0.932128609700136,0.892651110026519,0.250430040503939,1,NA,2.12981317362342,0.650543717527045,0.113690616013305,0.427714204760795,0.873373230293295,5.72205288650134,1.05244533275516e-08,5.72205288650134,0.20981906143546,3.77617385392551e-07,152
"ENO2","ENO2",73,14,59,"SMD",0,0.95,2,NA,1.11411964240347,0.521956367518646,2.13450723419649,0.0328012821119111,0.0911039605655724,2.13713532424137,NA,0.95,NA,NA,2.73569420932882,1,0.0981288511345364,NA,0.345704112307984,0.770573163888745,NA,NA,0.587966080916224,NA,NA,NA,1.65399341272232,1,3.45453158820856,0.634462069411866,0,0.916204313449281,0.63446278016944,0,1,NA,2.13450723419649,1.11507852476729,0.315572279685269,0.496568222064958,1.73358882746961,3.53351227769243,0.000410077042767808,3.53351227769243,0.20981906143546,0.00296644441421551,151
"TCAP","TCAP",58,9,49,"SMD",0,0.95,2,NA,1.09768930160346,0.386979899510735,2.83655379256463,0.00456032955440196,0.339222635821486,1.85615596738543,NA,0.95,NA,NA,0.000311961729561458,1,0.985908145800038,NA,0,0.451341221274686,NA,NA,0,NA,NA,NA,1,NA,NA,0,NA,NA,0,0,1,NA,2.83655379256463,1.09768930160346,0.386979899510735,0.339222635821486,1.85615596738543,2.83655379256463,0.00456032955440196,2.83655379256463,0.061979024398463,0.0189380352328637,150
"BHMT","BHMT",73,14,59,"SMD",0,0.95,2,NA,1.08241055520592,0.314622966975026,3.44034183395085,0.0005809798987407,0.465760871225732,1.6990602391861,NA,0.95,NA,NA,0.0738193699913148,1,0.785854852284088,NA,0,0.282846326032136,NA,NA,0,NA,NA,NA,1,NA,NA,0,NA,NA,0,0,1,NA,3.44034183395085,1.08241055520592,0.314622966975026,0.465760871225732,1.6990602391861,3.44034183395085,0.0005809798987407,3.44034183395085,0.0168129668411505,0.00392526090742014,149
"CRP","CRP",459,312,147,"SMD",0,0.95,5,NA,1.06217925003557,0.372807898734394,2.84913290099659,0.00438385638574987,0.331489195364098,1.79286930470703,0.835174190343388,0.95,-1.59571776629106,3.72007626636219,20.2396615728043,4,0.000447828274560967,NA,0.558530198856979,0.490404644804284,0.111076114864928,5.8160927554404,0.747348779926066,0.333280834829919,2.41165767791376,NA,2.24942556960684,1.46691343491962,3.44936195466663,0.802368236958333,0.535280359261981,0.915952952406037,0.80372308931845,0.353456833013796,1,NA,2.84913290099659,0.688683358419019,0.129900244545075,0.434083557527725,0.943283159310312,5.3016325013926,1.14771701436793e-07,5.3016325013926,0.0614062366883923,3.11970352087283e-06,148
"MGAT1","MGAT1",83,28,55,"SMD",0,0.95,3,NA,1.04724589770733,0.481936819107058,2.17299416891967,0.0297807561568226,0.102667089433702,1.99182470598096,0.853530461954574,0.95,-9.79788690044925,11.8923786958639,6.74285500131772,2,0.0343405811357219,NA,0.496251151873359,0.697729686207005,0,28.9840109164091,0.704450957748912,0,5.38368005331011,NA,1.83614473848301,1,3.39232004157206,0.703389736304703,0,0.913102683778497,0.712196867801516,0.106487701094468,1,NA,2.17299416891967,0.926877523834216,0.252476310602042,0.432033048104665,1.42172199956377,3.67114649934495,0.000241464878296234,3.67114649934495,0.19498787060343,0.00196903632574293,147
"UGP2","UGP2",39,13,26,"SMD",0,0.95,2,NA,1.01987139661335,0.418863036219021,2.43485652450856,0.0148976955020162,0.198914931168973,1.84082786205773,NA,0.95,NA,NA,1.24901933220733,1,0.263739862191569,NA,0.0718441838892006,0.509615595338238,NA,NA,0.268037653864528,NA,NA,NA,1.11759533472869,NA,NA,0.199371879830913,NA,NA,0.204747000036654,0,1,NA,2.43485652450856,1.03699784220654,0.371949284407931,0.307990640691547,1.76600504372153,2.78800870354471,0.00530331189925693,2.78800870354471,0.13101208691479,0.0215252071205134,146
"ADGRG6","ADGRG6",39,13,26,"SMD",0,0.95,2,NA,1.01726143050934,0.471949228460823,2.15544674970007,0.0311268913898479,0.0922579401946568,1.94226492082401,NA,0.95,NA,NA,1.56482790280872,1,0.210959720263548,NA,0.163268841430575,0.639688800630558,NA,NA,0.404065392517814,NA,NA,NA,1.25093081455719,NA,NA,0.36095209051098,NA,NA,0.366507405646285,0,1,NA,2.15544674970007,1.05033194814413,0.373048768742224,0.319169796932361,1.7814940993559,2.81553522260761,0.00486960586172237,2.81553522260761,0.202324794034011,0.0199866838026558,145
"CD14","CD14",461,309,152,"SMD",0,0.95,6,NA,0.964922667375738,0.17906698500002,5.38861291139532,7.1003548733314e-08,0.613957825955525,1.31588750879595,0.316076576442264,0.95,0.0873534038449385,1.84249193090654,7.70772913194182,5,0.173095893033717,NA,0.0678394170584649,0.11700491167775,0,1.11130231918054,0.260460010478509,0,1.05418324743876,NA,1.24159003958165,1,1.96262593890445,0.351300504414542,0,0.74038789936195,0.352614213556914,0,1,NA,5.38861291139532,1.0157158466709,0.128566678075833,0.763729788030316,1.26770190531149,7.9003040435703,2.78223920509815e-15,7.9003040435703,3.18450916068913e-05,2.77296507441449e-13,144
"SERPINA3","SERPINA3",529,366,163,"SMD",0,0.95,6,NA,0.93479238468258,0.445531345306975,2.098151778835,0.0358917397808739,0.0615669938972307,1.80801777546793,1.10917511587701,0.95,-2.14477143660135,4.01435620596651,29.5484585267919,5,1.80951121766358e-05,NA,1.03177125802974,0.750961028118356,0.2802739363514,9.4970631694352,1.01576141786826,0.529409044455608,3.08173054783107,NA,2.43098574766665,1.67677672169954,3.52443568000422,0.830786435256294,0.644328122280383,0.919495376815132,0.866314626363816,0.225846906399505,1,NA,2.098151778835,0.659693442222055,0.112963825012989,0.438288413640712,0.881098470803398,5.83986459511442,5.22432655435877e-09,5.83986459511442,0.222033728161682,2.13010041784537e-07,143
"ITIH3","ITIH3",528,365,163,"SMD",0,0.95,6,NA,0.926344650880441,0.182164588328182,5.08520706127345,3.6722521602049e-07,0.569308618498639,1.28338068326224,0.355978289693667,0.95,-0.0620095290962215,1.9146988308571,11.1995983891328,5,0.047563046902962,NA,0.093536605492452,0.121175856826668,0,2.51740427891278,0.305837547551722,0,1.58663300070079,NA,1.49663612071423,1,2.36152185836433,0.553555419911162,0,0.8206852312617,0.469788564739266,0.00604302318317956,0.933534106295352,NA,5.08520706127345,0.912794394981883,0.114416305479542,0.688542556997847,1.13704623296592,7.97783489998364,1.48922407761185e-15,7.97783489998364,8.23502546925949e-05,1.66979249702229e-13,142
"MYH7","MYH7",47,12,35,"SMD",0,0.95,2,NA,0.919575810084152,0.348749241718423,2.63678224948402,0.00836965387531894,0.236039856680389,1.60311176348791,NA,0.95,NA,NA,0.0299610760555064,1,0.862578578198765,NA,0,0.351976329901938,NA,NA,0,NA,NA,NA,1,NA,NA,0,NA,NA,0,0,1,NA,2.63678224948402,0.919575810084152,0.348749241718423,0.236039856680389,1.60311176348791,2.63678224948402,0.00836965387531894,2.63678224948402,0.0987839411336985,0.030643181739433,141
"PSMB2","PSMB2",57,15,42,"SMD",0,0.95,2,NA,0.917717422548584,0.313895929057665,2.92363594935311,0.00345969111011973,0.302492706701821,1.53294213839535,NA,0.95,NA,NA,0.224740914667739,1,0.635451081536774,NA,0,0.279040619974681,NA,NA,0,NA,NA,NA,1,NA,NA,0,NA,NA,0,0,1,NA,2.92363594935311,0.917717422548584,0.313895929057665,0.302492706701821,1.53294213839535,2.92363594935311,0.00345969111011973,2.92363594935311,0.0523187268263711,0.0153630837909772,140
"SERPING1","SERPING1",529,366,163,"SMD",0,0.95,6,NA,0.903075912159843,0.206382830863123,4.37573178148128,1.21025761055829e-05,0.498572996640701,1.30757882767899,0.432644374996096,0.95,-0.298137445089427,2.10428926940911,13.8369630716836,5,0.0166788968936783,NA,0.144587282340686,0.157374880371763,0.00520482479642777,1.92372005144746,0.380246344283132,0.0721444716969205,1.38698235441099,NA,1.66354820018439,1.07002886215756,2.58627847547652,0.638649032009622,0.1266083900562,0.850497164638454,0.565759316153079,0.140703459545057,0.990815172761101,NA,4.37573178148128,0.908116124633228,0.113347572417654,0.68595896495958,1.13027328430688,8.01178274279288,1.13057460212198e-15,8.01178274279288,0.00135700134583848,1.44875059729059e-13,139
"HMCN1","HMCN1",129,55,74,"SMD",0,0.95,3,NA,0.887865595386288,0.231932976517312,3.82811279671572,0.000129129578904378,0.433285314585184,1.34244587618739,0.290906857932891,0.95,-2.80845650066631,4.58418769143888,2.44068048971795,2,0.295129733464458,NA,0.0308338943962073,0.200133669154903,0,12.4520920562844,0.175595826818883,0,3.52875219536374,NA,1.1046901125922,1,3.42516822954034,0.180556402845205,0,0.914761423964251,0.191065432975342,0,1,NA,3.82811279671572,0.935530999254298,0.191581921488131,0.560037333048582,1.31102466546001,4.88319039702428,1.04382990588586e-06,4.88319039702428,0.00681348425160159,2.03546831647743e-05,138
"LBP","LBP",544,348,196,"SMD",0,0.95,7,NA,0.879383470321525,0.412959100629016,2.12946867857387,0.0332155035940193,0.0699985060006014,1.68876843464245,1.09124080138249,0.95,-1.92574031201751,3.68450725266056,33.3252806604035,6,9.07775354394083e-06,NA,1.02027126780957,0.686983346010624,0.311932886335675,6.75175525372473,1.01008478248589,0.558509522153092,2.5984139881329,NA,2.35673788177654,1.66637262699119,3.33311610706742,0.819956505058663,0.639872941236896,0.909988268634891,0.854679985112076,0.304814966957373,1,NA,2.12946867857387,0.559358701878288,0.114946594792217,0.334067515940024,0.784649887816552,4.86624856429556,1.13736458642044e-06,4.86624856429556,0.20981906143546,2.17067241280667e-05,137
"CDHR2","CDHR2",51,27,24,"SMD",0,0.95,2,NA,0.860157154131569,0.368489764001319,2.33427692750915,0.0195812260577671,0.13793048801732,1.58238382024582,NA,0.95,NA,NA,1.06021794408085,1,0.303165482233661,NA,0.0157852932569392,0.393040115445024,NA,NA,0.125639536997472,NA,NA,NA,1.02966885166099,NA,NA,0.056797703167586,NA,NA,0.0581261826230293,0,1,NA,2.33427692750915,0.863550775508751,0.357352500770445,0.163152744213358,1.56394880680415,2.41652366681905,0.0156695075434454,2.41652366681905,0.154073331349273,0.0498423697392572,136
"B4GALT1","B4GALT1",60,20,40,"SMD",0,0.95,3,NA,0.850620595508568,0.29319370562785,2.90122393209989,0.0037170814419804,0.275971491984145,1.42526969903299,0.293193789138468,0.95,-2.87475971665963,4.57600090767677,2.14663222959408,2,0.341872945682324,NA,4.89695821322612e-08,0.260981801511828,0,15.9547726636562,0.000221290718585894,0,3.99434258215994,NA,1.03600970786814,1,3.21221987635846,0.0683080350572226,0,0.903085341478763,1.89887273355856e-07,0,1,NA,2.90122393209989,0.850620573771163,0.293193674085555,0.2759715320685,1.42526961547383,2.90122417007861,0.00371707861886962,2.90122417007861,0.0538167814535648,0.0161073406817684,135
"APOA5","APOA5",82,35,47,"SMD",0,0.95,3,NA,0.803755172643315,0.239281337035901,3.35903828773208,0.000782142300094403,0.334772369880359,1.27273797540627,0.239281337035901,0.95,-2.23660248528046,3.8441128305671,0.767983961806466,2,0.681136889260273,NA,0,0.200875192298504,0,3.65134738721214,0,0,1.91084991226735,NA,1,1,3.10056928227866,0,0,0.895979935249104,0,0,1,NA,3.35903828773208,0.803755172643315,0.239281337035901,0.334772369880359,1.27273797540627,3.35903828773208,0.000782142300094403,3.35903828773208,0.0200451898052766,0.00494071579707521,134
"MMP14","MMP14",71,26,45,"SMD",0,0.95,3,NA,0.799024457459131,0.320274379084006,2.4948122910873,0.0126023777023596,0.171298209283551,1.42675070563471,0.438577297095191,0.95,-4.77362847207048,6.37167738698875,3.071662684273,2,0.215276648208415,NA,0.0897743676296782,0.311360803349124,0,17.9466803401799,0.299623710059264,0,4.23635224458259,NA,1.23928662630422,1,2.17665899558047,0.348886838961825,0,0.788933548856228,0.291733769868457,0,1,NA,2.4948122910873,0.763641535685756,0.262593888001318,0.248966972642828,1.27831609872868,2.90807048670502,0.00363666358168141,2.90807048670502,0.121546465362941,0.0158353749163506,133
"NUCB1","NUCB1",80,25,55,"SMD",0,0.95,4,NA,0.787939665510164,0.262622945902057,3.00026969389042,0.00269740654519718,0.273208150028323,1.30267118099201,0.262625403139908,0.95,-0.342046242211315,1.91792557323164,2.611113999397,3,0.455544449906056,NA,1.29066012482201e-06,0.224724753844818,0,4.57027271632092,0.0011360722357412,0,2.1378196173487,NA,1,1,2.55553430854916,0,0,0.846878361262294,4.67828380130145e-06,0,1,NA,3.00026969389042,0.787940022581431,0.262622247488428,0.273209875965148,1.30267016919771,3.00027903240052,0.00269732383958011,3.00027903240052,0.0448069198341087,0.0126675365659862,132
"HLA-B","HLA-B",73,30,43,"SMD",0,0.95,2,NA,0.783428057117416,0.254075177553408,3.08344980671218,0.00204615623731712,0.285449859747118,1.28140625448771,NA,0.95,NA,NA,0.151543419131411,1,0.697064753667618,NA,0,0.209324904843909,NA,NA,0,NA,NA,NA,1,NA,NA,0,NA,NA,0,0,1,NA,3.08344980671218,0.783428057117416,0.254075177553408,0.285449859747118,1.28140625448771,3.08344980671218,0.00204615623731712,3.08344980671218,0.0359882773504599,0.0101403433418423,131
"CRHBP","CRHBP",39,13,26,"SMD",0,0.95,2,NA,0.755745537329042,0.383705807820299,1.96959629467736,0.0488846566515893,0.00369597334240912,1.50779510131568,NA,0.95,NA,NA,1.10938094719407,1,0.2922165564561,NA,0.030228637694568,0.433583349732963,NA,NA,0.173863848152996,NA,NA,NA,1.0532715448516,NA,NA,0.0985963815862613,NA,NA,0.10265777192969,0,1,NA,1.96959629467736,0.764263719625564,0.362563737401046,0.0536518522192757,1.47487558703185,2.10794307534452,0.0350359136491637,2.10794307534452,0.270676154422689,0.0964024985990792,130
"SOD2","SOD2",60,17,43,"SMD",0,0.95,2,NA,0.736660603786878,0.295747461281808,2.49084337222742,0.0127440286306451,0.15700623115538,1.31631497641838,NA,0.95,NA,NA,0.412524041543325,1,0.520691173742711,NA,0,0.250860776232318,NA,NA,0,NA,NA,NA,1,NA,NA,0,NA,NA,0,0,1,NA,2.49084337222742,0.736660603786878,0.295747461281808,0.15700623115538,1.31631497641838,2.49084337222742,0.0127440286306451,2.49084337222742,0.121546465362941,0.0426544540361517,129
"CPS1","CPS1",110,81,29,"SMD",0,0.95,2,NA,0.723458038560173,0.280367240149986,2.58039433627535,0.00986875520619648,0.173948345421309,1.27296773169904,NA,0.95,NA,NA,0.0282980165802515,1,0.866410094766198,NA,0,0.235080552121125,NA,NA,0,NA,NA,NA,1,NA,NA,0,NA,NA,0,0,1,NA,2.58039433627535,0.723458038560173,0.280367240149986,0.173948345421309,1.27296773169904,2.58039433627535,0.00986875520619648,2.58039433627535,0.107967556262587,0.0351280691268184,128
"SIAE","SIAE",57,17,40,"SMD",0,0.95,2,NA,0.716310788410972,0.329099402731368,2.17657881620548,0.0295120071558246,0.0712878117238472,1.3613337650981,NA,0.95,NA,NA,1.19595723928637,1,0.274131195656537,NA,0.0362331109816437,0.312733900656122,NA,NA,0.190349969744268,NA,NA,NA,1.09359829886772,NA,NA,0.163849703692835,NA,NA,0.167271303150994,0,1,NA,2.17657881620548,0.706991555617146,0.299577472693759,0.119830498557847,1.29415261267645,2.35996234716842,0.0182767900176297,2.35996234716842,0.19498787060343,0.0551995981340533,127
"F5","F5",500,346,154,"SMD",0,0.95,6,NA,0.708420368411377,0.163990325730783,4.31989122074412,1.56106131433293e-05,0.387005236166051,1.0298355006567,0.296271760303097,0.95,-0.11416191029049,1.53100264711324,7.46556206783046,5,0.188253432894686,NA,0.0608841290198073,0.0981848888851165,0,0.616135994952315,0.246747095261134,0,0.784943306839618,NA,1.2219297907679,1,1.92526310120896,0.330258063013729,0,0.730213741507756,0.377325703311394,0,1,NA,4.31989122074412,0.733372795310627,0.117605043238805,0.502871146162294,0.96387444445896,6.2358958010114,4.49200041329006e-10,6.2358958010114,0.00140027199895664,2.12069703722168e-08,126
"FTL","FTL",129,40,89,"SMD",0,0.95,4,NA,0.691094108633976,0.206937830507303,3.33962189001294,0.000838925264292749,0.285503413800808,1.09668480346714,0.206937830507303,0.95,-0.199287512686702,1.58147572995465,2.96200593559447,3,0.397520285670901,NA,0,0.143114628262138,0,2.81592563992334,0,0,1.67807200081622,NA,1,1,2.55553430854916,0,0,0.846878361262294,0,0,1,NA,3.33962189001294,0.691094108633976,0.206937830507303,0.285503413800808,1.09668480346714,3.33962189001294,0.000838925264292749,3.33962189001294,0.0207368453456945,0.00522580529215692,125
"SERPINB6","SERPINB6",134,98,36,"SMD",0,0.95,2,NA,0.653533415303603,0.235448177942593,2.7756996083569,0.0055083075228182,0.192063466310542,1.11500336429666,NA,0.95,NA,NA,0.986514770814346,1,0.320595689421832,NA,0,0.204571428112103,NA,NA,0,NA,NA,NA,1,NA,NA,0,NA,NA,0,0,1,NA,2.7756996083569,0.653533415303603,0.235448177942593,0.192063466310542,1.11500336429666,2.7756996083569,0.0055083075228182,2.7756996083569,0.0716079977966366,0.0221567347442508,124
"SERPINA10","SERPINA10",474,322,152,"SMD",0,0.95,6,NA,0.651114486391001,0.126569157714829,5.14433767393804,2.68466268387853e-07,0.403043495716366,0.899185477065636,0.126569157714829,0.95,0.299702167984656,1.00252680479735,3.38293256954264,5,0.641170621517042,NA,0,0.0565654385858645,0,0.340616712249674,0,0,0.583623776288864,NA,1,1,1.98515236871779,0,0,0.746246344420476,0,0,1,NA,5.14433767393804,0.651114486391001,0.126569157714829,0.403043495716366,0.899185477065636,5.14433767393804,2.68466268387853e-07,5.14433767393804,8.0271414247968e-05,5.87351811570498e-06,123
"CFHR5","CFHR5",141,58,83,"SMD",0,0.95,4,NA,0.644736719374315,0.18179031189019,3.54659559505991,0.000390243131324638,0.288434255331239,1.00103918341739,0.18179031189019,0.95,-0.137443862322017,1.42691730107065,2.63700176390627,3,0.451039554915139,NA,0,0.115561763988078,0,1.78388671673441,0,0,1.33562222081486,NA,1,1,2.55553430854916,0,0,0.846878361262294,0,0,1,NA,3.54659559505991,0.644736719374315,0.18179031189019,0.288434255331239,1.00103918341739,3.54659559505991,0.000390243131324638,3.54659559505991,0.0125017174570786,0.00289295941155537,122
"GGH","GGH",242,145,97,"SMD",0,0.95,5,NA,0.636184920857795,0.252067817986978,2.52386411696022,0.0116072785271881,0.14214107594172,1.13022876577387,0.485914907511841,0.95,-0.91021318123554,2.18258302295113,8.88155675478415,4,0.0641291511258517,NA,0.172575112477525,0.222438916222501,0,3.06779940849998,0.415421608101366,0,1.75151346226627,NA,1.4900970400266,1,2.45249074476569,0.549628504277096,0,0.833740968699369,0.543217005159864,0,1,NA,2.52386411696022,0.656327423388355,0.153853842162974,0.354779433865817,0.957875412910894,4.26591506693166,1.99084512169082e-05,4.26591506693166,0.116985717290873,0.000234972115020614,121
"HP","HP",575,373,202,"SMD",0,0.95,7,NA,0.633950216484552,0.259206247006408,2.4457366433336,0.0144556548634776,0.125915307784199,1.1419851251849,0.637322432954038,0.95,-1.00433925311064,2.27223968607974,20.9676717833363,6,0.00185931340815324,NA,0.338992005059308,0.268716270697158,0.0632959958933513,2.63445672259276,0.582230199370754,0.251586954934773,1.62310095884167,NA,1.8693881255345,1.26804151511305,2.75591289578387,0.713845196452933,0.378082102291774,0.868335399423611,0.720776282636325,0.227203268595587,1,NA,2.4457366433336,0.604691924127358,0.108740549480408,0.391564363486663,0.817819484768053,5.56086875610562,2.68435015359178e-08,5.56086875610562,0.128383390223162,8.30297271645457e-07,120
"HLA-C","HLA-C",119,65,54,"SMD",0,0.95,3,NA,0.632395196863765,0.221774912858115,2.85151818442311,0.00435109974475614,0.19772435498735,1.06706603874018,0.221774912858115,0.95,-2.18552225125875,3.45031264498628,0.510736142212978,2,0.774631326073225,NA,0,0.149134498896502,0,1.3870767352806,0,0,1.17774221936746,NA,1,1,3.10056928227866,0,0,0.895979935249104,0,0,1,NA,2.85151818442311,0.632395196863765,0.221774912858115,0.19772435498735,1.06706603874018,2.85151818442311,0.00435109974475614,2.85151818442311,0.0614062366883923,0.0183303308928422,119
"PSMB1","PSMB1",86,45,41,"SMD",0,0.95,3,NA,0.630489020955662,0.251577277830696,2.50614453893552,0.0122055713707675,0.137406617078871,1.12357142483245,0.251577277830696,0.95,-2.56610337813066,3.82708142004198,1.06828100904256,2,0.586172886640152,NA,0,0.202501601065842,0,3.46020329986498,0,0,1.86016217031338,NA,1,1,3.10056928227866,0,0,0.895979935249104,0,0,1,NA,2.50614453893552,0.630489020955662,0.251577277830696,0.137406617078871,1.12357142483245,2.50614453893552,0.0122055713707675,2.50614453893552,0.120312060654708,0.0410052341557245,118
"SERPINA11","SERPINA11",121,54,67,"SMD",0,0.95,4,NA,0.625368536555413,0.192089805810599,3.25560502243428,0.00113151040192778,0.248879435369346,1.00185763774148,0.192089805810599,0.95,-0.201127190772605,1.45186426388343,1.13979186438615,3,0.767477878250087,NA,0,0.140485055809695,0,1.47504148957055,0,0,1.21451286101488,NA,1,1,2.55553430854916,0,0,0.846878361262294,0,0,1,NA,3.25560502243428,0.625368536555413,0.192089805810599,0.248879435369346,1.00185763774148,3.25560502243428,0.00113151040192778,3.25560502243428,0.0253741207632305,0.00648859321499009,117
"SAA2","SAA2",502,311,191,"SMD",0,0.95,6,NA,0.602201858274181,0.245200507670569,2.45595681670956,0.0140510040857716,0.121617694248928,1.08278602229943,0.558595717978759,0.95,-0.948708488692391,2.15311220524075,16.9498024603484,5,0.00459598846701805,NA,0.2519058871823,0.226592997422823,0.0324121665011984,2.07172661238032,0.501902268556639,0.180033792664595,1.43934937120225,NA,1.84118453503979,1.20503930848511,2.81315345333531,0.705011311388627,0.311351553249195,0.873638970915815,0.698303689889375,0.250371637491176,1,NA,2.45595681670956,0.431882487746902,0.116099944677366,0.204330777572172,0.659434197921631,3.71991984102211,0.000199286017186556,3.71991984102211,0.126037506649371,0.00168641091902208,116
"IGHG2","IGHG2",496,356,140,"SMD",0,0.95,5,NA,0.578105077811745,0.263373763605233,2.19499873449148,0.0281636885203724,0.0619019866727224,1.09430816895077,0.555426182352889,0.95,-1.18950892407504,2.34571907969853,19.7750762248362,4,0.00055312902262891,NA,0.23913250468752,0.242508642927101,0.0362567104829694,1.91382483022077,0.489011763342683,0.190411949422744,1.38341057904758,NA,2.2234588047025,1.44654434168954,3.41764086570261,0.797725179184075,0.522100585651079,0.914385534052482,0.6894830413662,0.420961774751632,0.958004307980768,NA,2.19499873449148,0.535470640304502,0.118034468071963,0.304127333949112,0.766813946659892,4.53656164213015,5.71787823090926e-06,4.53656164213015,0.189946079720106,8.89720194272678e-05,115
"IGLV6-57","IGLV6-57",120,72,48,"SMD",0,0.95,4,NA,0.559165126202668,0.222926968190073,2.50828839033019,0.0121317608213806,0.122236297367419,0.996093955037916,0.222926968190073,0.95,-0.40001220201512,1.51834245442045,0.781765677747246,3,0.853823285812288,NA,0,0.165439440154186,0,0.67335526233909,0,0,0.820582270305111,NA,1,1,2.55553430854916,0,0,0.846878361262294,0,0,1,NA,2.50828839033019,0.559165126202668,0.222926968190073,0.122236297367419,0.996093955037916,2.50828839033019,0.0121317608213806,2.50828839033019,0.120312060654708,0.040910486679618,114
"FGL1","FGL1",161,85,76,"SMD",0,0.95,4,NA,0.554895518215637,0.178275369203424,3.11257534170335,0.00185462668615982,0.205482215246346,0.904308821184929,0.178281071067216,0.95,-0.212186018874379,1.32197705530565,3.89092666235653,3,0.273485508596914,NA,2.0330362568106e-06,0.103184936354028,0,3.53274563078696,0.00142584580400918,0,1.87955995668852,NA,1.13884834553106,1,2.91036601923908,0.228975444583924,0,0.881939456567679,1.59919875661767e-05,0,0.925698030553052,NA,3.11257534170335,0.554894632825928,0.17827366968183,0.205484660857751,0.904304604794105,3.11260004809608,0.00185447145352333,3.11260004809608,0.0339401202913512,0.00950549082177387,113
"APMAP","APMAP",225,131,94,"SMD",0,0.95,5,NA,0.549722249283963,0.252712919337575,2.17528352220744,0.0296088765535198,0.0544140289543414,1.04503046961359,0.477688790277179,0.95,-0.970496676409088,2.06994117497701,9.10413287026543,4,0.0585487085722509,NA,0.164322760756355,0.222163201646387,0,2.58233119863112,0.405367439191106,0,1.60696334700923,NA,1.50865278230823,1,2.48013130776835,0.560639101274081,0,0.837426164957095,0.514603610574045,0,1,NA,2.17528352220744,0.385437900385232,0.156371728913717,0.0789549435140858,0.691920857256379,2.4648822588507,0.0137058280912462,2.4648822588507,0.19498787060343,0.0451989992567935,112
"PCSK9","PCSK9",119,47,72,"SMD",0,0.95,3,NA,0.53182447291495,0.196506518660017,2.70639608569464,0.00680178658429615,0.14667877361397,0.916970172215931,0.196506518660017,0.95,-1.96502758517215,3.02867653100206,1.8781394478891,2,0.390991396160083,NA,0,0.126490580322457,0,5.40124810176328,0,0,2.32405854095014,NA,1,1,3.10056928227866,0,0,0.895979935249104,0,0,1,NA,2.70639608569464,0.53182447291495,0.196506518660017,0.14667877361397,0.916970172215931,2.70639608569464,0.00680178658429615,2.70639608569464,0.0824486833258601,0.0260735152398019,111
"PRG4","PRG4",388,285,103,"SMD",0,0.95,5,NA,0.51356288357478,0.165308047774507,3.10670224764446,0.0018918684666305,0.189565063582119,0.837560703567441,0.231881415760897,0.95,-0.224387271277443,1.251513038427,4.6475748735415,4,0.325405718744279,NA,0.0264422403162592,0.0927143414315545,0,1.25958867274729,0.162610701727344,0,1.12231398135606,NA,1.07791173960829,1,2.36368090854138,0.139336081970001,0,0.821012663585865,0.193526414070985,0,1,NA,3.10670224764446,0.533577998042255,0.141562639853898,0.2561203223722,0.811035673712311,3.76920067747353,0.00016377117746823,3.76920067747353,0.0339401202913512,0.00145448263553468,110
"ERN1","ERN1",265,214,51,"SMD",0,0.95,2,NA,0.455368405305065,0.179426825357134,2.53790593685583,0.0111517953259492,0.103698289744724,0.807038520865405,NA,0.95,NA,NA,0.349722806970995,1,0.554270084263574,NA,0,0.135303404633857,NA,NA,0,NA,NA,NA,1,NA,NA,0,NA,NA,0,0,1,NA,2.53790593685583,0.455368405305065,0.179426825357134,0.103698289744724,0.807038520865405,2.53790593685583,0.0111517953259492,2.53790593685583,0.11367227735655,0.0383262850857335,109
"PROS1","PROS1",572,370,202,"SMD",0,0.95,7,NA,0.455297945231448,0.225547275612527,2.01863642110053,0.0435250226214372,0.013233408219765,0.897362482243131,0.534882921099756,0.95,-0.919662375939676,1.83025826640257,29.3582118482436,6,5.20380388821165e-05,NA,0.235228165747974,0.20264810213032,0.0457436780586394,1.05848023876906,0.485003263646725,0.213877717536539,1.02882468806355,NA,2.2120206391534,1.54631217776269,3.16432566360576,0.795627879824058,0.581779181397936,0.900129401389385,0.660565839473149,0.458213319733611,0.862918359212687,NA,2.01863642110053,0.403362464449756,0.109267720489066,0.189201667618397,0.617523261281115,3.69150617075533,0.0002229299870875,3.69150617075533,0.253519125269021,0.00183457062768337,108
"SAA1","SAA1",538,341,197,"SMD",0,0.95,7,NA,0.451576636199893,0.155662579929195,2.90099673540872,0.0037197775363668,0.146483585798084,0.756669686601702,0.295026466167867,0.95,-0.306813038763198,1.20996631116298,9.84445218920928,6,0.131357165424659,NA,0.0628097769492868,0.0930776991604491,0,0.891861166126481,0.250618788101145,0,0.94438401412057,NA,1.28091452936364,1,1.97504656937281,0.390519666845786,0,0.743642918042781,0.370306011944323,0,0.987725789859681,NA,2.90099673540872,0.377331051705845,0.110998793857464,0.15977741341783,0.594884689993859,3.39941578275513,0.000675299729527136,3.39941578275513,0.0538167814535648,0.00438944824192638,107
"AGT","AGT",529,366,163,"SMD",0,0.95,6,NA,0.434497680313955,0.137567749278598,3.15842690305287,0.00158623083608197,0.164869846293668,0.704125514334242,0.22010482565691,0.95,-0.176611285511588,1.0456066461395,6.01830643780796,5,0.30444169650454,NA,0.0295212486358799,0.0674791890242421,0,0.507025017722112,0.171817486408921,0,0.712056892194797,NA,1.09711498374673,1,1.61558573007248,0.169201493531602,0,0.616875448972666,0.259986147296446,0,1,NA,3.15842690305287,0.440937611010302,0.110401550164927,0.224554548849653,0.65732067317095,3.99394401936923,6.4983212420803e-05,3.99394401936923,0.0314186424330884,0.000632554464705602,106
"C3","C3",529,366,163,"SMD",0,0.95,6,NA,0.430415172955776,0.174614696807017,2.46494241794245,0.0137035271809801,0.0881766560426424,0.77265368986891,0.340117285276413,0.95,-0.513901798943081,1.37473214485463,10.1007661176489,5,0.072429914676863,NA,0.0851894754027903,0.111499035398706,0,0.950701299968112,0.291872361491783,0,0.975039127403671,NA,1.42132094318271,1,2.25385279918104,0.50498804330658,0,0.80314388818626,0.465664472536718,0,1,NA,2.46494241794245,0.398156353958179,0.111140193231702,0.180325577989221,0.615987129927137,3.58246951333002,0.000340361348641224,3.58246951333002,0.124162261427668,0.00260943700624938,105
"ABCC2","ABCC2",138,103,35,"SMD",0,0.95,2,NA,0.416425737696256,0.210763325105989,1.97579791212178,0.0481776700141897,0.00333721122661162,0.8295142641659,NA,0.95,NA,NA,0.287809883800359,1,0.591627438532607,NA,0,0.125735276082512,NA,NA,0,NA,NA,NA,1,NA,NA,0,NA,NA,0,0,1,NA,1.97579791212178,0.416425737696256,0.210763325105989,0.00333721122661162,0.8295142641659,1.97579791212178,0.0481776700141897,1.97579791212178,0.270096062517051,0.12382627507945,104
"IGLV3-10","IGLV3-10",432,312,120,"SMD",0,0.95,5,NA,0.386769721137766,0.160930373176247,2.40333576256724,0.0162462629182986,0.0713519856937314,0.702187456581801,0.223937617382952,0.95,-0.325899721916647,1.09943916419218,3.48184477770935,4,0.480644250323075,NA,0.0242494714685074,0.0868863047651788,0,0.490750195410999,0.155722418002378,0,0.700535648922308,NA,1,1,2.19283344051929,0,0,0.792035738149886,0.187264836735591,0,1,NA,2.40333576256724,0.385237190773496,0.133960045969638,0.122680325305675,0.647794056241317,2.87576185858288,0.00403053672404417,2.87576185858288,0.137480168280319,0.0172985236433857,103
"C1R","C1R",402,311,91,"SMD",0,0.95,4,NA,0.347374897177401,0.15274703233917,2.27418426307665,0.0229549100249306,0.0479962150472525,0.64675357930755,0.187417288489117,0.95,-0.459016610742541,1.15376640509734,2.00973770604315,3,0.570388069164889,NA,0.0117935841361894,0.0754062681324491,0,0.401851413534727,0.108598269489847,0,0.633917513194522,NA,1,1,2.55553430854916,0,0,0.846878361262294,0.126368914754578,0,1,NA,2.27418426307665,0.356414177384298,0.137481707677935,0.0869549818024827,0.625873372966114,2.59244799474877,0.00952955877990776,2.59244799474877,0.167402880425713,0.034192056902309,102
"IGLV3-25","IGLV3-25",448,318,130,"SMD",0,0.95,5,NA,0.325600561494492,0.130906871850357,2.48726867346348,0.0128728140573906,0.0690278073389917,0.582173315649993,0.130906871850357,0.95,-0.0910035291619253,0.74220465215091,3.75645884511268,4,0.439967639528713,NA,0,0.058148537840261,0,1.05387838955507,0,0,1.02658579259362,NA,1,1,2.19283344051929,0,0,0.792035738149886,0,0,1,NA,2.48726867346348,0.325600561494492,0.130906871850357,0.0690278073389917,0.582173315649993,2.48726867346348,0.0128728140573906,2.48726867346348,0.121546465362941,0.0427663489239977,101
"IGHG4","IGHG4",496,356,140,"SMD",0,0.95,5,NA,-0.339685462264735,0.152012396114128,-2.23459053964064,0.0254442424921296,-0.637624283852061,-0.0417466406774083,0.24570726851982,0.95,-1.12163565114699,0.442264726617519,5.02435456906626,4,0.28480768089205,NA,0.0372642932311126,0.0779611062123914,0,0.495639141674924,0.193039615703908,0,0.704016435656813,NA,1.12075360461904,1,1.71640645754215,0.203877842414419,0,0.660562577930827,0.322526107308243,0,1,NA,-2.23459053964064,-0.351881015335827,0.115336269339742,-0.577935949352933,-0.125826081318721,-3.05091379624308,0.00228146066420528,-3.05091379624308,0.178308480589377,0.0111828973540554,100
"AZGP1","AZGP1",529,366,163,"SMD",0,0.95,6,NA,-0.341792770259381,0.166585369694825,-2.05175743155313,0.0401932421923782,-0.668294095212528,-0.0152914453062349,0.316680603695279,0.95,-1.22103908230022,0.537453541781458,9.63151629704156,5,0.0863752642989054,NA,0.0725359193604449,0.101164094946807,0,1.06555675482598,0.269324932675096,0,1.0322580853769,NA,1.38791327517547,1,2.20419005770381,0.480870940172129,0,0.794173200156217,0.435640407461525,0,0.999857143620411,NA,-2.05175743155313,-0.35892086697804,0.110278379444781,-0.575062518963252,-0.142779214992827,-3.25468028080482,0.00113520084500905,-3.25468028080482,0.240355588310422,0.00648859321499009,99
"ECM1","ECM1",363,239,124,"SMD",0,0.95,6,NA,-0.35467742709726,0.1537222211918,-2.3072619192428,0.0210402230754201,-0.655967444256688,-0.0533874099378311,0.232150629525812,0.95,-0.999230906112786,0.289876051918267,5.50686942694377,5,0.357193211231463,NA,0.0302633935010899,0.0848549517340862,0,0.590819000370317,0.17396377065668,0,0.768647513734557,NA,1.04946361794431,1,2.08334518704528,0.0920431169956163,0,0.769602621829047,0.213448482805144,0,1,NA,-2.3072619192428,-0.350368646530321,0.130326217138567,-0.60580333836326,-0.0949339546973825,-2.68839727127042,0.00717959230890252,-2.68839727127042,0.162698966367688,0.0272438312791988,98
"FCGBP","FCGBP",384,296,88,"SMD",0,0.95,4,NA,-0.367936056139581,0.141482670787075,-2.60057330055146,0.00930681340236234,-0.645236995318786,-0.0906351169603758,0.141482670787075,0.95,-0.976686855813836,0.240814743534674,1.60743352183733,3,0.657705495496158,NA,0,0.0646889297410618,0,1.26177391673458,0,0,1.12328710343108,NA,1,1,2.55553430854916,0,0,0.846878361262294,0,0,1,NA,-2.60057330055146,-0.367936056139581,0.141482670787075,-0.645236995318786,-0.0906351169603758,-2.60057330055146,0.00930681340236234,-2.60057330055146,0.105673564834418,0.0335269543048957,97
"LTF","LTF",202,135,67,"SMD",0,0.95,4,NA,-0.384733516197135,0.179388175268796,-2.14469830924279,0.0319769761774514,-0.736327878976333,-0.0331391534179372,0.179408870986634,0.95,-1.15666758468904,0.387200552294773,3.08404669621565,3,0.378847481820255,NA,7.42556243040981e-06,0.112916725692051,0,3.46388232346279,0.00272498851931706,0,1.86115080621179,NA,1.01391102440264,1,2.59108440867717,0.0272520828944589,0,0.85105124485411,5.76875025970884e-05,0,1,NA,-2.14469830924279,-0.384741942206784,0.179380461430688,-0.736321186141109,-0.0331626982724583,-2.14483750982794,0.0319658409925178,-2.14483750982794,0.206355018929309,0.0898851390918134,96
"BCHE","BCHE",513,353,160,"SMD",0,0.95,6,NA,-0.412770643849024,0.151094312873222,-2.73187412550309,0.00629751958860188,-0.708910055349365,-0.116631232348682,0.263285296383117,0.95,-1.14376781626248,0.318226528564432,7.22057662398884,5,0.204745801647128,NA,0.0464896559089147,0.0823919361753173,0,0.626891764130548,0.215614600407567,0,0.791764967733827,NA,1.20171349530484,1,1.88483166210351,0.3075345280059,0,0.718515255359242,0.339397661338792,0,1,NA,-2.73187412550309,-0.396292125185168,0.112081310527481,-0.615967457159081,-0.176616793211256,-3.53575563419204,0.000406610627774064,-3.53575563419204,0.0784565982079984,0.00296528238303525,95
"THBS1","THBS1",496,352,144,"SMD",0,0.95,6,NA,-0.418210979613553,0.181746453788564,-2.30106816884627,0.0213877782132005,-0.774427483357011,-0.0619944758700952,0.351428289256926,0.95,-1.39393233314898,0.557510373921874,9.49083514139059,5,0.0910166220510619,NA,0.0904700690253313,0.120406224760643,0,0.77533417815706,0.300782428052789,0,0.880530623066035,NA,1.37773982604776,1,2.188777783161,0.47317597181786,0,0.791264336679724,0.456480026834179,0,1,NA,-2.30106816884627,-0.362800790346393,0.114992221485957,-0.588181402961123,-0.137420177731664,-3.15500288330978,0.00160496519234562,-3.15500288330978,0.163972966301204,0.00852194764871645,94
"COL6A1","COL6A1",97,43,54,"SMD",0,0.95,2,NA,-0.431340698511005,0.212551962137277,-2.0293423508009,0.0424234325189797,-0.847934889143389,-0.0147465078786213,NA,0.95,NA,NA,0.631851860332984,1,0.426676851999321,NA,0,0.185202452031663,NA,NA,0,NA,NA,NA,1,NA,NA,0,NA,NA,0,0,1,NA,-2.0293423508009,-0.431340698511005,0.212551962137277,-0.847934889143389,-0.0147465078786213,-2.0293423508009,0.0424234325189797,-2.0293423508009,0.249313497516687,0.112496484851313,93
"C1QC","C1QC",529,366,163,"SMD",0,0.95,6,NA,-0.435815410066023,0.118352624344989,-3.68234682144144,0.000231096725333891,-0.667782291258,-0.203848528874047,0.146094964153518,0.95,-0.841440058184107,-0.0301907619479402,3.89101320940402,5,0.565211813561982,NA,0.00733639486167174,0.0490163260926545,0,0.245309803563169,0.0856527574668308,0,0.495287596819433,NA,1,1,1.98515236871779,0,0,0.746246344420476,0.0872922449868417,0,1,NA,-3.68234682144144,-0.433691109902534,0.110693100150618,-0.650645599534832,-0.216736620270237,-3.91795974015017,8.93016163281678e-05,-3.91795974015017,0.00987113155354763,0.000825809792230583,92
"SOD3","SOD3",98,45,53,"SMD",0,0.95,4,NA,-0.443737983940245,0.212576684736461,-2.0874254600892,0.0368496925189793,-0.860380629976634,-0.0270953379038558,0.212576684736461,0.95,-1.35838163680267,0.47090566892218,1.26277566498524,3,0.737990759518153,NA,0,0.157078476529525,0,0.755044525964401,0,0,0.868932981284748,NA,1,1,2.55553430854916,0,0,0.846878361262294,0,0,1,NA,-2.0874254600892,-0.443737983940245,0.212576684736461,-0.860380629976634,-0.0270953379038558,-2.0874254600892,0.0368496925189793,-2.0874254600892,0.226398453352907,0.10016416421068,91
"COLEC11","COLEC11",173,103,70,"SMD",0,0.95,4,NA,-0.455311433572866,0.173395292009802,-2.62585810892218,0.0086430838375728,-0.795159961000883,-0.115462906144849,0.173395292009802,0.95,-1.20137116006454,0.290748292918812,1.2775724907368,3,0.734465474231448,NA,0,0.102493246284374,0,1.07379397578507,0,0,1.036240307933,NA,1,1,2.55553430854916,0,0,0.846878361262294,0,0,1,NA,-2.62585810892218,-0.455311433572866,0.173395292009802,-0.795159961000883,-0.115462906144849,-2.62585810892218,0.0086430838375728,-2.62585810892218,0.0993954641320872,0.0313880413048696,90
"PPBP","PPBP",502,359,143,"SMD",0,0.95,5,NA,-0.455321981582583,0.204711691577685,-2.22421092842074,0.0261342561244828,-0.856549524289118,-0.0540944388760488,0.401942080042061,0.95,-1.73448106915049,0.823837105985321,10.5801855558012,4,0.0317101976553423,NA,0.119650559039941,0.145103235144119,0,1.48706259180406,0.345905419211583,0,1.21945175870309,NA,1.62635985838015,1,2.64878454697293,0.621934796993538,0,0.857469853394569,0.571030668718867,0.0757058432916286,1,NA,-2.22421092842074,-0.421266123360966,0.114900046280648,-0.646466075893021,-0.196066170828911,-3.66637035403804,0.000246017555117812,-3.66637035403804,0.181724246074892,0.00198808781027637,89
"RLF","RLF",137,50,87,"SMD",0,0.95,2,NA,-0.455402279444805,0.18931701797692,-2.40550101787639,0.0161503069672498,-0.82645681634009,-0.0843477425495194,NA,0.95,NA,NA,0.138752741036481,1,0.709524118181854,NA,0,0.152088506422172,NA,NA,0,NA,NA,NA,1,NA,NA,0,NA,NA,0,0,1,NA,-2.40550101787639,-0.455402279444805,0.18931701797692,-0.82645681634009,-0.0843477425495194,-2.40550101787639,0.0161503069672498,-2.40550101787639,0.137480168280319,0.0504767433784776,88
"F13B","F13B",523,363,160,"SMD",0,0.95,6,NA,-0.476742525857114,0.209402318176136,-2.27668217816055,0.02280521152675,-0.887163527761538,-0.06632152395269,0.443539574813095,0.95,-1.70820580730844,0.754720755594214,12.8493852130947,5,0.0248318237322021,NA,0.152878023567841,0.16242271333808,0.000110625079307836,1.69956672516125,0.390996193802243,0.0105178457541379,1.30367431713647,NA,1.60308360437594,1.02527003782751,2.50653676378211,0.610876324658355,0.0486869196250367,0.840833435558661,0.58107319077274,0.0670983202492107,1,NA,-2.27668217816055,-0.402102653419068,0.111630746255828,-0.62089489564782,-0.183310411190316,-3.60207798394142,0.000315683625622652,-3.60207798394142,0.167402880425713,0.00248393168582034,87
"KNG1","KNG1",529,366,163,"SMD",0,0.95,6,NA,-0.484458693961734,0.110656238998252,-4.37805132677054,1.19745153751462e-05,-0.701340937062964,-0.267576450860504,0.110656238998252,0.95,-0.791689667088027,-0.177227720835441,3.44264316397195,5,0.632083661764842,NA,0,0.0425004293305049,0,0.597506424484333,0,0,0.772985397329298,NA,1,1,1.98515236871779,0,0,0.746246344420476,0,0,1,NA,-4.37805132677054,-0.484458693961734,0.110656238998252,-0.701340937062964,-0.267576450860504,-4.37805132677054,1.19745153751462e-05,-4.37805132677054,0.00135700134583848,0.000157957945463326,86
"PON1","PON1",575,373,202,"SMD",0,0.95,7,NA,-0.492175712807229,0.223478605717949,-2.20233928534708,0.0276413511329223,-0.930185731329636,-0.0541656942848217,0.525453529066327,0.95,-1.84289701009613,0.85854558448167,16.0468282005867,6,0.013504816698265,NA,0.226158723994619,0.198258178501227,0.0185608430871574,2.24115272376836,0.475561482875368,0.136238185128683,1.49704800316101,NA,1.63538110749894,1.08477896885483,2.46545281900867,0.626094333098137,0.150198513269774,0.835484580899882,0.646909306339159,0.0731776191866245,1,NA,-2.20233928534708,-0.346026548274301,0.106936213746174,-0.555617675859879,-0.136435420688724,-3.23582195546625,0.0012129301413473,-3.23582195546625,0.187835545198722,0.00684275683514798,85
"A2M","A2M",529,366,163,"SMD",0,0.95,6,NA,-0.502403691724381,0.148756648505423,-3.37735285630657,0.000731870985306614,-0.793961365255893,-0.210846018192869,0.25610031107497,0.95,-1.21345214684812,0.208644763399353,6.88273522570594,5,0.229508547857561,NA,0.0434588288581308,0.0795189642445021,0,0.594597370484736,0.208467812523015,0,0.771101400909592,NA,1.17326341677442,1,1.82353014247953,0.273544624915138,0,0.699271833103942,0.327321096994487,0,1,NA,-3.37735285630657,-0.456059827570182,0.11096917606324,-0.673555416048218,-0.238564239092147,-4.10978835519404,3.96021914346431e-05,-4.10978835519404,0.0198705034371278,0.000427989948396083,84
"ST3GAL6","ST3GAL6",73,30,43,"SMD",0,0.95,2,NA,-0.512774591642298,0.248632123074107,-2.06238270945167,0.0391713141500925,-1.00008459826728,-0.025464585017319,NA,0.95,NA,NA,0.0320960734658295,1,0.857816962200313,NA,0,0.204386086185926,NA,NA,0,NA,NA,NA,1,NA,NA,0,NA,NA,0,0,1,NA,-2.06238270945167,-0.512774591642298,0.248632123074107,-1.00008459826728,-0.025464585017319,-2.06238270945167,0.0391713141500925,-2.06238270945167,0.235816569078074,0.105515521899799,83
"CTSA","CTSA",173,107,66,"SMD",0,0.95,4,NA,-0.517934645889909,0.249200491472414,-2.07838533074178,0.037673882723417,-1.00635863410552,-0.0295106576742958,0.391800440106557,0.95,-2.20371587903143,1.16784658725161,4.89951026317859,3,0.179305127987198,NA,0.0914066999175986,0.202832487647162,0,3.83390651911645,0.302335409632412,0,1.95803639371602,NA,1.27795543260561,1,2.18758577068803,0.387693904318157,0,0.791036795152272,0.367976639910434,0,1,NA,-2.07838533074178,-0.538720809369214,0.197214950696193,-0.925255009946595,-0.152186608791832,-2.73164284689098,0.00630194153316205,-2.73164284689098,0.228334275695304,0.0246848976211631,82
"LAMB1","LAMB1",82,36,46,"SMD",0,0.95,3,NA,-0.535793137010693,0.236720578628304,-2.26339906786046,0.0236111001666202,-0.999756945521651,-0.0718293284997347,0.236720578628304,0.95,-3.54361327432767,2.47202700030628,1.40402454331919,2,0.495587043979832,NA,0,0.186307203695841,0,4.20374896992445,0,0,2.05030460418067,NA,1,1,3.10056928227866,0,0,0.895979935249104,0,0,1,NA,-2.26339906786046,-0.535793137010693,0.236720578628304,-0.999756945521651,-0.0718293284997347,-2.26339906786046,0.0236111001666202,-2.26339906786046,0.169433254795667,0.0694398585228142,81
"CCL14","CCL14",95,35,60,"SMD",0,0.95,3,NA,-0.543765272144697,0.23481587079398,-2.31570919932315,0.0205741517883854,-1.00399592189931,-0.0835346223900851,0.264996971929112,0.95,-3.91087105194234,2.82334050765294,1.94457664658338,2,0.378216565320848,NA,0.0150849019548636,0.167379370798282,0,4.964328846562,0.122820608836073,0,2.22807738792036,NA,1,1,3.10056928227866,0,0,0.895979935249104,0.0911940164107135,0,1,NA,-2.31570919932315,-0.538082797136874,0.223299072017166,-0.975740936071735,-0.100424658202012,-2.40969562603247,0.0159658340743047,-2.40969562603247,0.160478383949406,0.0502503619812327,80
"ITIH1","ITIH1",575,373,202,"SMD",0,0.95,7,NA,-0.562423017868016,0.12691255949864,-4.43157887674657,9.35455809815013e-06,-0.811167063671146,-0.313678972064885,0.195394437247612,0.95,-1.06470040904111,-0.060145626694924,7.55129558924325,6,0.272852690976558,NA,0.0220721883488153,0.0600220737699118,0,0.653842384459186,0.148567117320137,0,0.808605209270374,NA,1.1218508211317,1,1.66634577700125,0.205434361681333,0,0.639861335619457,0.195766396983117,0,1,NA,-4.43157887674657,-0.550669676355585,0.107587169772744,-0.76153665430876,-0.33980269840241,-5.11835823471109,3.0820677342885e-07,-5.11835823471109,0.00135700134583848,6.42933664571345e-06,79
"IGHV3-35","IGHV3-35",108,49,59,"SMD",0,0.95,2,NA,-0.565529019895871,0.198822964979299,-2.84438480210148,0.00444972729626031,-0.955214870554765,-0.175843169236978,NA,0.95,NA,NA,0.0331457792020745,1,0.855535778222377,NA,0,0.291732585528099,NA,NA,0,NA,NA,NA,1,NA,NA,0,NA,NA,0,0,1,NA,-2.84438480210148,-0.565529019895871,0.198822964979299,-0.955214870554765,-0.175843169236978,-2.84438480210148,0.00444972729626031,-2.84438480210148,0.0614062366883923,0.018651427031521,78
"GPLD1","GPLD1",433,319,114,"SMD",0,0.95,5,NA,-0.570993564501421,0.287607500463086,-1.98532223110331,0.0471086321883949,-1.13469390709266,-0.007293221910186,0.597457512966798,0.95,-2.4723700192066,1.33038289020376,11.2026388530119,4,0.0243785925974248,NA,0.274237405477848,0.289928690613519,0.000889119607255121,4.86660943399139,0.523676813958617,0.0298181087135841,2.20603930925797,NA,1.67351716849663,1.03200026566461,2.71381685299213,0.64294127013435,0.0610545066155283,0.864219022859651,0.663065255625375,0,1,NA,-1.98532223110331,-0.486218197889371,0.131016511035854,-0.743005840899739,-0.229430554879003,-3.71112155288819,0.000206342984322754,-3.71112155288819,0.265763792911888,0.00172980987792066,77
"PF4V1","PF4V1",175,63,112,"SMD",0,0.95,5,NA,-0.577389352024512,0.242509546433208,-2.38089329066283,0.0172707140824855,-1.05269932894074,-0.10207937510828,0.419263263012018,0.95,-1.9116721743383,0.756893470289277,6.8288184214548,4,0.145215679086732,NA,0.116970803600244,0.205922894175897,0,2.66558197195571,0.34200994663934,0,1.63266100950434,NA,1.30660040003197,1,2.15260804268783,0.414247128400312,0,0.784190736382804,0.397786271448395,0,1,NA,-2.38089329066283,-0.542933144054141,0.169524120770573,-0.875194315275282,-0.210671972833,-3.20268963252094,0.00136150628059993,-3.20268963252094,0.141900322017313,0.00741920335099174,76
"COLEC10","COLEC10",97,43,54,"SMD",0,0.95,2,NA,-0.580770021651883,0.214372859318443,-2.70915834914144,0.00674541373523866,-1.0009331051789,-0.160606938124864,NA,0.95,NA,NA,0.0444206532340645,1,0.833072931719645,NA,0,0.182166698734693,NA,NA,0,NA,NA,NA,1,NA,NA,0,NA,NA,0,0,1,NA,-2.70915834914144,-0.580770021651883,0.214372859318443,-1.0009331051789,-0.160606938124864,-2.70915834914144,0.00674541373523866,-2.70915834914144,0.0824486833258601,0.0260735152398019,75
"CD5L","CD5L",558,356,202,"SMD",0,0.95,7,NA,-0.584074760756317,0.156795145061544,-3.72508192474366,0.000195251800674794,-0.891387598027676,-0.276761923484958,0.304588271645645,0.95,-1.36704383919647,0.198894317683837,10.7880219754768,6,0.0951529994772358,NA,0.0681892977092104,0.0948074454931498,0,0.907961016486697,0.26113080574534,0,0.952869884342399,NA,1.34089658906997,1,2.06710052814717,0.44382760679955,0,0.765967159311466,0.396235109810827,0,0.942221778384302,NA,-3.72508192474366,-0.566763459934427,0.108300489520335,-0.779028518902341,-0.354498400966512,-5.23324929041994,1.66555865281884e-07,-5.23324929041994,0.00973004806696057,3.93159503046974e-06,74
"SHBG","SHBG",523,334,189,"SMD",0,0.95,7,NA,-0.592871247608999,0.225568436732199,-2.62834311483425,0.00858019229659331,-1.03497725965311,-0.150765235564888,0.526080759306905,0.95,-1.94520489156109,0.759462396343091,17.2270206870945,6,0.00848414159454957,NA,0.225879845663122,0.202282432537816,0.0251877441041484,2.470922058603,0.475268182885328,0.158706471525733,1.57191668309838,NA,1.69445274779669,1.13034311305337,2.54008723666209,0.651709943989627,0.21732868921677,0.845010336466381,0.634194954877881,0.175842681522853,1,NA,-2.62834311483425,-0.590457376658869,0.115321217901217,-0.81648281039855,-0.364431942919188,-5.12011048274437,3.05356708505177e-07,-5.12011048274437,0.0993954641320872,6.42933664571345e-06,73
"CSF1R","CSF1R",84,36,48,"SMD",0,0.95,2,NA,-0.610538422634957,0.265762393518597,-2.29730931661042,0.0216011307002553,-1.13142314237657,-0.0896537028933464,NA,0.95,NA,NA,1.19550058073869,1,0.274222825313968,NA,0.0279017320753141,0.241294765974844,NA,NA,0.167038115636265,NA,NA,NA,1.09338949178172,NA,NA,0.16353031013828,NA,NA,0.197521381961206,0,1,NA,-2.29730931661042,-0.58685061444722,0.231966921944116,-1.0414974270623,-0.132203801832139,-2.52988921665564,0.0114098546154164,-2.52988921665564,0.163977172587493,0.0389149794297662,72
"ALDOA","ALDOA",138,81,57,"SMD",0,0.95,4,NA,-0.613890299107255,0.204317786748639,-3.00458569406142,0.00265942831123467,-1.01434580253552,-0.213434795678986,0.204317786748639,0.95,-1.49299878199766,0.265218183783147,0.923600809609057,3,0.819728976744432,NA,0,0.148727634926478,0,0.629292448472015,0,0,0.793279552536188,NA,1,1,2.55553430854916,0,0,0.846878361262294,0,0,1,NA,-3.00458569406142,-0.613890299107255,0.204317786748639,-1.01434580253552,-0.213434795678986,-3.00458569406142,0.00265942831123467,-3.00458569406142,0.0448069198341087,0.0126217311914153,71
"IGF2","IGF2",184,81,103,"SMD",0,0.95,4,NA,-0.617100912018832,0.183145698915343,-3.3694534770597,0.000753174043324798,-0.976059885816321,-0.258141938221343,0.253462840163147,0.95,-1.70766349313685,0.473461669099184,4.25519865340366,3,0.235193231533227,NA,0.0307010643123795,0.109247066325947,0,2.73807353689861,0.175217191828826,0,1.65471252394445,NA,1.19096580603078,1,1.96916213853633,0.294980036337351,0,0.742108489332377,0.228823167053814,0,1,NA,-3.3694534770597,-0.585257006444063,0.156090523191258,-0.891188810226942,-0.279325202661183,-3.74947174548801,0.000177207460121338,-3.74947174548801,0.0198705034371278,0.00152841434354654,70
"IGHV1-3","IGHV1-3",84,40,44,"SMD",0,0.95,2,NA,-0.623864631092051,0.227104832869606,-2.7470337077778,0.00601369535391708,-1.06898192423147,-0.178747337952636,NA,0.95,NA,NA,0.00674694645698129,1,0.93453554560477,NA,0,0.299611677724939,NA,NA,0,NA,NA,NA,1,NA,NA,0,NA,NA,0,0,1,NA,-2.7470337077778,-0.623864631092051,0.227104832869606,-1.06898192423147,-0.178747337952636,-2.7470337077778,0.00601369535391708,-2.7470337077778,0.0759758413023045,0.0236591435634369,69
"CNTN3","CNTN3",118,80,38,"SMD",0,0.95,3,NA,-0.650702592701148,0.25258580334392,-2.57616455116107,0.00999030899642663,-1.14576167026135,-0.155643515140949,0.25258580334392,0.95,-3.86010952344015,2.55870433803785,1.67990869338419,2,0.431730232892429,NA,0,0.191715864470491,0,6.31999112826859,0,0,2.51395925350205,NA,1,1,3.10056928227866,0,0,0.895979935249104,0,0,1,NA,-2.57616455116107,-0.650702592701148,0.25258580334392,-1.14576167026135,-0.155643515140949,-2.57616455116107,0.00999030899642663,-2.57616455116107,0.107967556262587,0.0354201864418762,68
"RBP4","RBP4",527,364,163,"SMD",0,0.95,6,NA,-0.651203521000866,0.236520026018609,-2.75327012246156,0.00590031907014164,-1.11477425361982,-0.187632788381916,0.521167027524782,0.95,-2.09819516356253,0.795788121560799,15.2540449165612,5,0.00933024623932717,NA,0.215673347871174,0.208029289767681,0.0180691911060549,2.61579703632936,0.464406446844974,0.134421691352456,1.617342584714,NA,1.7466565155497,1.13261454293786,2.69359863188656,0.6722180885562,0.220464796494652,0.862173021838373,0.642553647592426,0.155975639208757,1,NA,-2.75327012246156,-0.499879827137031,0.111785512670012,-0.7189754059636,-0.280784248310462,-4.47177648692872,7.75724823939708e-06,-4.47177648692872,0.0756083743702436,0.0001087226823553,67
"GP5","GP5",141,58,83,"SMD",0,0.95,4,NA,-0.654167918471021,0.254860315901691,-2.56677041365419,0.0102650552293409,-1.15368495872684,-0.154650878215206,0.404868751352505,0.95,-2.39617755666813,1.08784171972609,4.5470349173684,3,0.208133054560388,NA,0.0989649252002267,0.213623893050978,0,2.92312387776301,0.314586911997665,0,1.7097145603179,NA,1.23112887456572,1,2.07654412645602,0.340229390247073,0,0.768090963563444,0.38090517693228,0,1,NA,-2.56677041365419,-0.546201566779935,0.180187629209389,-0.899362830489995,-0.193040303069876,-3.03129337555808,0.00243508520961894,-3.03129337555808,0.109616125484747,0.0118710403968923,66
"MMRN1","MMRN1",248,153,95,"SMD",0,0.95,5,NA,-0.672394643370819,0.203692120735277,-3.30103413398439,0.000963291623499236,-1.07162386394655,-0.273165422795091,0.332818081156025,0.95,-1.73157031607742,0.386781029335786,5.84058826681017,4,0.211373736695231,NA,0.0692773950947437,0.144199754192393,0,1.50190709275029,0.263205993652773,0,1.22552319143715,NA,1.20836545246152,1,1.95379241534224,0.315137479775716,0,0.73803506615168,0.333943569762835,0,1,NA,-3.30103413398439,-0.715365369085549,0.157733728963414,-1.02451779700104,-0.406212941170056,-4.53527202955734,5.75292879239859e-06,-4.53527202955734,0.0221557073404824,8.89720194272678e-05,65
"DAG1","DAG1",86,38,48,"SMD",0,0.95,2,NA,-0.673284546204983,0.230571742472746,-2.92006530802259,0.00349958038972382,-1.12519685730421,-0.221372235105757,NA,0.95,NA,NA,0.216038656663618,1,0.642074983112853,NA,0,0.191222402963904,NA,NA,0,NA,NA,NA,1,NA,NA,0,NA,NA,0,0,1,NA,-2.92006530802259,-0.673284546204983,0.230571742472746,-1.12519685730421,-0.221372235105757,-2.92006530802259,0.00349958038972382,-2.92006530802259,0.0523187268263711,0.0154636631013905,64
"TLN1","TLN1",113,47,66,"SMD",0,0.95,4,NA,-0.67556975122192,0.284077778708425,-2.378115438291,0.0174013772819447,-1.23235196629857,-0.118787536145268,0.443879922490741,0.95,-2.58543091140769,1.23429140896385,4.95061151849984,3,0.175449540324535,NA,0.116329201234474,0.266789605258085,0,6.25857421520366,0.341070668974149,0,2.50171425530648,NA,1.28460259983387,1,2.20238627720302,0.394014256867185,0,0.793835912907631,0.360374645246862,0,1,NA,-2.378115438291,-0.723092140301014,0.206043378826372,-1.12692974205365,-0.319254538548383,-3.50941701897806,0.000449090168580074,-3.50941701897806,0.141900322017313,0.003171920324538,63
"RBBP8","RBBP8",60,11,49,"SMD",0,0.95,2,NA,-0.681138158113114,0.345310852578019,-1.97253620333065,0.0485484276779885,-1.35793499263685,-0.00434132358937678,NA,0.95,NA,NA,0.336610474235888,1,0.561792285278736,NA,0,0.396848052756353,NA,NA,0,NA,NA,NA,1,NA,NA,0,NA,NA,0,0,1,NA,-1.97253620333065,-0.681138158113114,0.345310852578019,-1.35793499263685,-0.00434132358937678,-1.97253620333065,0.0485484276779885,-1.97253620333065,0.270484097063079,0.124068204065971,62
"KLKB1","KLKB1",571,369,202,"SMD",0,0.95,7,NA,-0.715361895300655,0.179608006432162,-3.98290649459911,6.80775454765284e-05,-1.06738711924273,-0.36333667135858,0.380379440068863,0.95,-1.69315837459119,0.262434583989877,13.3248078021285,6,0.0381583445232496,NA,0.112429482452567,0.125986779261966,0,1.27557380896445,0.335305058793581,0,1.12941303736253,NA,1.49023531710758,1,2.2763310566548,0.549712079221017,0,0.807012512216745,0.497886999746657,0.0203105334485236,0.975463466044791,NA,-3.98290649459911,-0.684380589610057,0.109112133468791,-0.898236441485215,-0.470524737734899,-6.27226842563579,3.5582544686239e-10,-6.27226842563579,0.00436182559231757,1.77319681019758e-08,61
"HEXA","HEXA",225,189,36,"SMD",0,0.95,2,NA,-0.720958392388353,0.227673439020976,-3.16663373421407,0.00154214418432464,-1.16719013310584,-0.274726651670864,NA,0.95,NA,NA,0.093865535053558,1,0.759319272019367,NA,0,0.195146221849045,NA,NA,0,NA,NA,NA,1,NA,NA,0,NA,NA,0,0,1,NA,-3.16663373421407,-0.720958392388353,0.227673439020976,-1.16719013310584,-0.274726651670864,-3.16663373421407,0.00154214418432464,-3.16663373421407,0.0314186424330884,0.00828325349304911,60
"ACTR3","ACTR3",39,13,26,"SMD",0,0.95,2,NA,-0.725780332428847,0.364340603945487,-1.99203801214931,0.0463668873481598,-1.43987479426757,-0.0116858705901206,NA,0.95,NA,NA,0.846824934707465,1,0.35745210282264,NA,0,0.425676604089414,NA,NA,0,NA,NA,NA,1,NA,NA,0,NA,NA,0,0,1,NA,-1.99203801214931,-0.725780332428847,0.364340603945487,-1.43987479426757,-0.0116858705901206,-1.99203801214931,0.0463668873481598,-1.99203801214931,0.264911451919104,0.120904354509591,59
"SBSN","SBSN",95,39,56,"SMD",0,0.95,3,NA,-0.737347013617619,0.321334935334902,-2.29463694275613,0.0217539392841825,-1.36715191384854,-0.107542113386703,0.473709609107625,0.95,-6.75639829243238,5.28170426519715,3.50235265876179,2,0.173569648237919,NA,0.121144653094213,0.328641677309264,0,21.2247502496735,0.3480584047171,0,4.60703269466079,NA,1.32332019155641,1,2.41208555208543,0.42895527810524,0,0.82812425829272,0.391081351391557,0,1,NA,-2.29463694275613,-0.72598806380358,0.223424850191075,-1.16389272342934,-0.288083404177816,-3.24936130955312,0.00115664464371456,-3.24936130955312,0.163977172587493,0.00656652054058203,58
"LAMP1","LAMP1",86,37,49,"SMD",0,0.95,2,NA,-0.746949725245025,0.23151694009509,-3.22632860013714,0.00125389308167388,-1.20071458964232,-0.293184860847732,NA,0.95,NA,NA,0.568983224467159,1,0.450663238983447,NA,0,0.202233927111176,NA,NA,0,NA,NA,NA,1,NA,NA,0,NA,NA,0,0,1,NA,-3.22632860013714,-0.746949725245025,0.23151694009509,-1.20071458964232,-0.293184860847732,-3.22632860013714,0.00125389308167388,-3.22632860013714,0.0274327340063773,0.00698597574075447,57
"HGFAC","HGFAC",382,277,105,"SMD",0,0.95,5,NA,-0.750303614198015,0.329156742404373,-2.279472110209,0.0226390160298085,-1.39543897457911,-0.105168253816916,0.701028094838407,0.95,-2.98128788451658,1.48068065612055,13.5714947555049,4,0.00879604953477416,NA,0.383096228682508,0.380641083660938,0.033949291156208,5.18429720330616,0.618947678469278,0.184253334179352,2.27690518100912,NA,1.84197548541674,1.1548025337095,2.9380552863679,0.705264595237198,0.250132478267518,0.884154258848293,0.707183894172349,0.136776284348454,1,NA,-2.279472110209,-0.502986752307464,0.141034802792406,-0.779409886347289,-0.226563618267639,-3.56640164235084,0.000361916556322123,-3.56640164235084,0.167402880425713,0.00272806009261298,56
"MINPP1","MINPP1",130,53,77,"SMD",0,0.95,3,NA,-0.7531469283979,0.190244868095624,-3.9588291444442,7.53180910309958e-05,-1.1260200181089,-0.380273838686903,0.190244868095624,0.95,-3.17043717242745,1.66414331563165,0.758073640914337,2,0.684520407847897,NA,0,0.121032301279861,0,2.02292732979325,0,0,1.42229649855199,NA,1,1,3.10056928227866,0,0,0.895979935249104,0,0,1,NA,-3.9588291444442,-0.7531469283979,0.190244868095624,-1.1260200181089,-0.380273838686903,-3.9588291444442,7.53180910309958e-05,-3.9588291444442,0.00450402184365355,0.000711161343734771,55
"EFEMP1","EFEMP1",109,49,60,"SMD",0,0.95,3,NA,-0.755449047305839,0.204404711939686,-3.69584947498055,0.000219152793354868,-1.15607492097791,-0.354823173633771,0.204404711939686,0.95,-3.3526571662503,1.84175907163862,1.01011144411729,2,0.603471947790883,NA,0,0.164914616175438,0,3.25256974321757,0,0,1.80348821543629,NA,1,1,3.10056928227866,0,0,0.895979935249104,0,0,1,NA,-3.69584947498055,-0.755449047305839,0.204404711939686,-1.15607492097791,-0.354823173633771,-3.69584947498055,0.000219152793354868,-3.69584947498055,0.00982900278196583,0.00182018570036404,54
"ENPP2","ENPP2",106,40,66,"SMD",0,0.95,3,NA,-0.764651048406616,0.213603025404995,-3.57977630212318,0.000343888466612293,-1.1833052851892,-0.345996811624032,0.213606346500067,0.95,-3.47877701998274,1.94947492316951,2.41605093686916,2,0.298786661055667,NA,1.41880293968783e-06,0.141659534500412,0,8.84408925181478,0.00119113514753273,0,2.97390135206513,NA,1.09910211920212,1,3.40784226888546,0.172202883027087,0,0.913892490291872,1.03653990347209e-05,0,1,NA,-3.57977630212318,-0.764650660904215,0.213601779188325,-1.18330245514701,-0.34599886666142,-3.57979537347415,0.000343863370376555,-3.57979537347415,0.0116375039470149,0.00261394443413364,53
"MEGF8","MEGF8",75,32,43,"SMD",0,0.95,2,NA,-0.789923528020927,0.250449888709007,-3.1540182832292,0.00161038996530695,-1.28079628982265,-0.299050766219208,NA,0.95,NA,NA,0.0443083557794572,1,0.833280962989649,NA,0,0.207625414859885,NA,NA,0,NA,NA,NA,1,NA,NA,0,NA,NA,0,0,1,NA,-3.1540182832292,-0.789923528020927,0.250449888709007,-1.28079628982265,-0.299050766219208,-3.1540182832292,0.00161038996530695,-3.1540182832292,0.0314186424330884,0.00852194764871645,52
"ABI3BP","ABI3BP",126,51,75,"SMD",0,0.95,4,NA,-0.812461452128286,0.367611415267978,-2.21010942093848,0.0270975691923621,-1.53296658635932,-0.0919563178972511,0.694692591826617,0.95,-3.80148242868781,2.17655952443124,8.41385257262804,3,0.0381898666076226,NA,0.347459644503457,0.44176766967977,0,8.70437173680543,0.589457076048339,0,2.95031722646997,NA,1.67469923395497,1,2.87831781998075,0.643445143101318,0,0.879295765233053,0.642785989240741,0.0419351866179948,1,NA,-2.21010942093848,-0.68465759159632,0.194228585179995,-1.06533862331728,-0.30397655987536,-3.5250094158995,0.000423467739090783,-3.5250094158995,0.185545950882052,0.00301468699971772,51
"FABP4","FABP4",38,13,25,"SMD",0,0.95,2,NA,-0.834061953226435,0.36942687755859,-2.25771865528153,0.0239632054164655,-1.55812532816236,-0.10999857829051,NA,0.95,NA,NA,0.0706833050995333,1,0.790344474845697,NA,0,0.425870399897562,NA,NA,0,NA,NA,NA,1,NA,NA,0,NA,NA,0,0,1,NA,-2.25771865528153,-0.834061953226435,0.36942687755859,-1.55812532816236,-0.10999857829051,-2.25771865528153,0.0239632054164655,-2.25771865528153,0.170595200464838,0.0702450825443449,50
"AHSG","AHSG",529,366,163,"SMD",0,0.95,6,NA,-0.839500154448513,0.367374442082352,-2.28513488769131,0.0223049196838257,-1.55954082977042,-0.119459479126607,0.896217686858436,0.95,-3.32779936431831,1.64879905542128,23.0180809289556,5,0.00033488991803856,NA,0.668242161542567,0.509934676585321,0.160188508066063,6.32184513020544,0.817460801226925,0.400235565718569,2.51432796790821,NA,2.14560392099547,1.44499057402147,3.18591433643685,0.782779458659812,0.521072282915809,0.901478319385241,0.825210497027748,0.210246661468735,1,NA,-2.28513488769131,-0.889035722293064,0.115026340290948,-1.11448320653677,-0.663588238049358,-7.72897512034494,1.08415858185071e-14,-7.72897512034494,0.166729274636597,7.4806942147699e-13,49
"PDGFB","PDGFB",38,10,28,"SMD",0,0.95,2,NA,-0.847212368007554,0.382260167639662,-2.21632395872902,0.0266693233222217,-1.59642852930553,-0.0979962067095737,NA,0.95,NA,NA,0.011422384718974,1,0.914887704663175,NA,0,0.494749633808803,NA,NA,0,NA,NA,NA,1,NA,NA,0,NA,NA,0,0,1,NA,-2.21632395872902,-0.847212368007554,0.382260167639662,-1.59642852930553,-0.0979962067095737,-2.21632395872902,0.0266693233222217,-2.21632395872902,0.18401833092333,0.077168977483977,48
"NRCAM","NRCAM",33,10,23,"SMD",0,0.95,2,NA,-0.854569264398861,0.404597653247776,-2.11214587514061,0.0346739392297545,-1.64756609299393,-0.0615724358037952,NA,0.95,NA,NA,0.0343302286019198,1,0.853006143094572,NA,0,0.709510513251418,NA,NA,0,NA,NA,NA,1,NA,NA,0,NA,NA,0,0,1,NA,-2.11214587514061,-0.854569264398861,0.404597653247776,-1.64756609299393,-0.0615724358037952,-2.11214587514061,0.0346739392297545,-2.11214587514061,0.217500164259369,0.0959954428675611,47
"APOH","APOH",528,366,162,"SMD",0,0.95,6,NA,-0.896357228292841,0.28097966768315,-3.19011420179922,0.00142216582657706,-1.44706725733985,-0.345647199245835,0.65322002030489,0.95,-2.70998675628556,0.917272299699875,22.5869782407974,5,0.000404787456901774,NA,0.347746821275788,0.296777313058063,0.0685019661668356,3.92472396014977,0.589700620040193,0.261728802707756,1.98109160821749,NA,2.12541658226322,1.42881697506633,3.16163352409064,0.778633514111737,0.510168401476345,0.899959248806705,0.734111672368555,0.376599875585119,1,NA,-3.19011420179922,-1.03386815600791,0.115039336841525,-1.25934111302267,-0.808395198993148,-8.9870837610281,2.53877134603734e-19,-8.9870837610281,0.0303733987247529,1.13863894869775e-16,46
"PTPRM","PTPRM",61,24,37,"SMD",0,0.95,2,NA,-0.906596674357609,0.455965750123659,-1.9882999416332,0.0467785272511788,-1.80027312278377,-0.0129202259314478,NA,0.95,NA,NA,2.38668391729178,1,0.122372966237002,NA,0.245845181031249,0.598403500854437,NA,NA,0.495827773557763,NA,NA,NA,1.54488961330309,1,3.17235236780847,0.581008615026525,0,0.900634148349453,0.5912446996904,0,1,NA,-1.9882999416332,-0.822672833964659,0.282671185770512,-1.37669817754209,-0.268647490387226,-2.91035264780242,0.00361021156452872,-2.91035264780242,0.2655717654703,0.0158195577210772,45
"PECAM1","PECAM1",39,13,26,"SMD",0,0.95,2,NA,-0.908444767216359,0.366174356527593,-2.48090766330849,0.0131048315629327,-1.62613331807257,-0.190756216360149,NA,0.95,NA,NA,0.577973879707474,1,0.447107593021008,NA,0,0.400516544340757,NA,NA,0,NA,NA,NA,1,NA,NA,0,NA,NA,0,0,1,NA,-2.48090766330849,-0.908444767216359,0.366174356527593,-1.62613331807257,-0.190756216360149,-2.48090766330849,0.0131048315629327,-2.48090766330849,0.122263647761685,0.0433765089001868,44
"ITIH2","ITIH2",529,366,163,"SMD",0,0.95,6,NA,-0.909022721294277,0.295371172756957,-3.07756072743854,0.00208702309908903,-1.48793958196927,-0.330105860619283,0.693213974390763,0.95,-2.83369326734622,1.01564782475766,22.5153232342801,5,0.000417726001717006,NA,0.393301484594817,0.328409333181578,0.0797942225884961,4.03397043359046,0.627137532439908,0.282478711743905,2.0084746534598,NA,2.12204256480779,1.42611698967082,3.15757029715733,0.777929015365527,0.508311905670412,0.899701614122332,0.751342785595004,0.357618564036628,1,NA,-3.07756072743854,-0.949008261113343,0.115778482727354,-1.17592991744365,-0.722086604783036,-8.19675848877855,2.4695590569651e-16,-8.19675848877855,0.0360011484592858,3.81159826405451e-14,43
"ITGA2B","ITGA2B",73,30,43,"SMD",0,0.95,2,NA,-0.940398087947417,0.257439331531913,-3.65289205169818,0.000259303259755264,-1.44496990595403,-0.435826269940801,NA,0.95,NA,NA,0.192829599585532,1,0.660571927268219,NA,0,0.221005925969345,NA,NA,0,NA,NA,NA,1,NA,NA,0,NA,NA,0,0,1,NA,-3.65289205169818,-0.940398087947417,0.257439331531913,-1.44496990595403,-0.435826269940801,-3.65289205169818,0.000259303259755264,-3.65289205169818,0.0105725010909305,0.0020767412857185,42
"MMP2","MMP2",125,53,72,"SMD",0,0.95,3,NA,-0.941961838352649,0.299704894981791,-3.14296447647236,0.00167246135626663,-1.52937263850732,-0.35455103819798,0.471553964129531,0.95,-6.93362305073724,5.04969937403194,3.99407870454419,2,0.135736557057534,NA,0.132540117010228,0.276160589258344,0,16.6281558635986,0.364060595245116,0,4.07776358603568,NA,1.41316642766239,1,2.62545102489357,0.499258740764287,0,0.85492514096604,0.491856508482788,0,1,NA,-3.14296447647236,-0.876993594891535,0.194880529010007,-1.25895241303926,-0.49503477674381,-4.5001601717045,6.79022780820503e-06,-4.5001601717045,0.0319191029057695,9.82392636122566e-05,41
"ITGB3","ITGB3",36,14,22,"SMD",0,0.95,2,NA,-0.947962589869287,0.371576313001579,-2.55119219578795,0.0107355105614935,-1.67623878086056,-0.219686398878011,NA,0.95,NA,NA,0.0752675012554915,1,0.783816253420358,NA,0,0.481292690022429,NA,NA,0,NA,NA,NA,1,NA,NA,0,NA,NA,0,0,1,NA,-2.55119219578795,-0.947962589869287,0.371576313001579,-1.67623878086056,-0.219686398878011,-2.55119219578795,0.0107355105614935,-2.55119219578795,0.11329121145482,0.0376162225533581,40
"LUM","LUM",517,361,156,"SMD",0,0.95,6,NA,-0.949652772194499,0.464002916625213,-2.04665259240506,0.0406922070920543,-1.85908177750146,-0.0402237668875401,1.15971306740807,0.95,-4.16953244163354,2.27022689724454,29.8868814219987,5,1.55242675633498e-05,NA,1.12963569208032,0.814996685988144,0.315057360328982,9.98464777131364,1.06284321142882,0.561299706332528,3.15984932731193,NA,2.44486733472386,1.68818615604063,3.54070921800396,0.832702518225281,0.64911942101346,0.920233694640489,0.874471650516748,0.246605045630268,1,NA,-2.04665259240506,-0.746011238319715,0.117121796146306,-0.975565740571118,-0.516456736068313,-6.36953379188118,1.89603644219832e-10,-6.36953379188118,0.241727879215713,1.00043805214817e-08,39
"CETP","CETP",97,43,54,"SMD",0,0.95,2,NA,-0.962629065745406,0.221475041969723,-4.346444895931,1.38361790389016e-05,-1.39671217148056,-0.528545960010252,NA,0.95,NA,NA,0.117282987231744,1,0.732000198189033,NA,0,0.198135389746353,NA,NA,0,NA,NA,NA,1,NA,NA,0,NA,NA,0,0,1,NA,-4.346444895931,-0.962629065745406,0.221475041969723,-1.39671217148056,-0.528545960010252,-4.346444895931,1.38361790389016e-05,-4.346444895931,0.00137900584421053,0.000177300751398496,38
"NRP1","NRP1",84,36,48,"SMD",0,0.95,2,NA,-0.964241461352009,0.239380376056555,-4.02807229747271,5.62360521778547e-05,-1.43341837702851,-0.495064545675507,NA,0.95,NA,NA,0.0132388157706043,1,0.908397522731044,NA,0,0.203915570762711,NA,NA,0,NA,NA,NA,1,NA,NA,0,NA,NA,0,0,1,NA,-4.02807229747271,-0.964241461352009,0.239380376056555,-1.43341837702851,-0.495064545675507,-4.02807229747271,5.62360521778547e-05,-4.02807229747271,0.00388028760027197,0.000579813089695812,37
"PGLYRP2","PGLYRP2",529,366,163,"SMD",0,0.95,6,NA,-0.966017533563526,0.380292238499175,-2.54019786829181,0.011078976995134,-1.71137662462203,-0.220658442505026,0.929488101244248,0.95,-3.54669022260271,1.61465515547566,25.1871923635944,5,0.000128202706514889,NA,0.719325943691924,0.546521051883904,0.176029015680408,6.92679015596997,0.848130852930091,0.41955811955009,2.63187958614561,NA,2.24442386208997,1.5246141529165,3.30407432141604,0.801486409131213,0.569790391367585,0.908398964205164,0.828971405069321,0.263435281139603,1,NA,-2.54019786829181,-0.904497494970259,0.115625620818014,-1.13111954746365,-0.677875442476867,-7.82263903597863,5.17272719310481e-15,-7.82263903597863,0.11367227735655,4.21812390201365e-13,36
"PCOLCE","PCOLCE",131,68,63,"SMD",0,0.95,4,NA,-0.977447089537894,0.489974665272063,-1.99489312165795,0.0460545378796422,-1.93777978680821,-0.0171143922675822,0.973002518227805,0.95,-5.16393903064386,3.20904485156807,10.4011833891296,3,0.0154464305508372,NA,0.706658727869179,0.784773839465653,0.0342250329796785,14.6169990173657,0.840629958941019,0.185000089134245,3.82321841088966,NA,1.862004599809,1.10249797597334,3.14473242152575,0.711571281097175,0.177294504480079,0.89888103781858,0.7358723521795,0.161375783505325,1,NA,-1.99489312165795,-1.11532840033268,0.205699260999291,-1.5184915435378,-0.712165257127568,-5.42213129456273,5.88925991091448e-08,-5.42213129456273,0.264911451919104,1.70408585164203e-06,35
"CST6","CST6",64,22,42,"SMD",0,0.95,3,NA,-0.982547690342712,0.413879838767766,-2.37399263822086,0.0175969013302979,-1.79373726825478,-0.171358112430646,0.657416732850852,0.95,-9.3358192949327,7.37072391424728,4.06096368946391,2,0.13127225306343,NA,0.260900239693856,0.51584159543949,0,21.4835482546595,0.51078394619825,0,4.63503487092163,NA,1.42494976919608,1,2.6513178287972,0.507506061876652,0,0.857742092753217,0.507697097922243,0,1,NA,-2.37399263822086,-0.983054199205084,0.285782859783068,-1.54317831177876,-0.422930086631411,-3.43986409804738,0.000582006355280801,-3.43986409804738,0.142201986425921,0.00392526090742014,34
"IGHV3-33","IGHV3-33",131,82,49,"SMD",0,0.95,2,NA,-0.985496871586449,0.354889053593148,-2.77691538132434,0.00548774638566211,-1.68106663513652,-0.289927108036375,NA,0.95,NA,NA,1.67861099933997,1,0.195109120296597,NA,0.104003092467373,0.363823226236346,NA,NA,0.322495104563422,NA,NA,NA,1.29561221024656,NA,NA,0.404269362947581,NA,NA,0.412886848269134,0,1,NA,-2.77691538132434,-0.950335293394783,0.2685569412061,-1.47669722595698,-0.423973360832586,-3.53867335964875,0.000402143126868738,-3.53867335964875,0.0716079977966366,0.0029567408590267,33
"OLFM1","OLFM1",109,49,60,"SMD",0,0.95,3,NA,-1.01206287713222,0.421714713128588,-2.39987566386763,0.0164006415787254,-1.83860852661489,-0.185517227649542,0.718993025465021,0.95,-10.1477354625724,8.12360970830801,5.10907375657791,2,0.0777282213598202,NA,0.339107671398217,0.542940475521465,0,27.5278173024009,0.582329521317799,0,5.24669584618747,NA,1.5982918626737,1,2.99368562462703,0.608539611035169,0,0.888419676508448,0.635592630875662,0,1,NA,-2.39987566386763,-0.950016713232007,0.209662957599759,-1.36094855901968,-0.53908486744433,-4.53116146079348,5.86602822248338e-06,-4.53116146079348,0.137489490617913,8.91835138231795e-05,32
"CFP","CFP",223,84,139,"SMD",0,0.95,6,NA,-1.03662527818465,0.415223102600253,-2.49655009967651,0.0125407952381716,-1.85044760483013,-0.222802951539176,0.989622417125886,0.95,-3.78425759420783,1.71100703783852,23.1605129292802,5,0.000314528699502962,NA,0.806942303545101,0.651589094244567,0.17491629128246,6.47087246579005,0.898299673575083,0.418229950245627,2.54379096346183,NA,2.15223200093671,1.45030788751087,3.19387533208966,0.784115316648326,0.524577663356515,0.901968853977507,0.78006037041285,0.334328147853672,1,NA,-2.49655009967651,-0.840716467030561,0.152035273645255,-1.13870012775495,-0.54273280630617,-5.52974613636182,3.2069454145051e-08,-5.52974613636182,0.121546465362941,9.58876678937025e-07,31
"APOA4","APOA4",529,366,163,"SMD",0,0.95,6,NA,-1.0410572596413,0.42969281213309,-2.42279421541464,0.0154016484610076,-1.88323969583789,-0.198874823444706,1.06445758651399,0.95,-3.99646531540873,1.91435079612613,22.3652010601838,5,0.000446171256762154,NA,0.948434040688352,0.698180457825369,0.240540717102227,9.42628441594522,0.973875782986902,0.490449505150354,3.0702254666303,NA,2.11495631445114,1.42044938353381,3.14903175283072,0.776438405961779,0.504380397851008,0.899156962089072,0.856129978824553,0,1,NA,-2.42279421541464,-0.884549959230305,0.114330184338253,-1.10863300287911,-0.660466915581504,-7.73680165347508,1.01948917431231e-14,-7.73680165347508,0.13412891912159,7.4806942147699e-13,30
"HRG","HRG",575,373,202,"SMD",0,0.95,7,NA,-1.04106817817495,0.332309303254287,-3.13282886750333,0.00173130353329214,-1.69238244428095,-0.389753912068946,0.855868071593974,0.95,-3.2411470967155,1.1590107403656,24.1430765239713,6,0.000491535937594753,NA,0.622080682944638,0.443819481001136,0.161633810427652,5.08749238641598,0.788720915751977,0.4020370759366,2.25554702598194,NA,2.0059526632821,1.37779941795072,2.92048757961695,0.751481548176236,0.473221542699986,0.882756365525203,0.804754985731681,0.189665400468202,1,NA,-3.13282886750333,-1.13331888094073,0.112791924598606,-1.35438699090095,-0.912250770980505,-10.0478725314236,9.3872076808487e-24,-10.0478725314236,0.0323537347783969,8.42032528972128e-21,29
"PCYOX1","PCYOX1",125,54,71,"SMD",0,0.95,4,NA,-1.04198452803421,0.401852447744341,-2.59295304503687,0.00951557610970841,-1.82960085271238,-0.254368203356036,0.753436239056657,0.95,-4.2837590187035,2.19978996263508,9.03361593896405,3,0.0288472669968519,NA,0.406180776565721,0.525859784070044,0,8.59712578904229,0.637323133556064,0,2.93208556987041,NA,1.7352824879506,1.01502995211208,2.96661719855882,0.667907068413179,0.0293955362447298,0.886374193270003,0.628819698757454,0.111488977808626,1,NA,-2.59295304503687,-1.24076875223177,0.205353633797711,-1.64325447856971,-0.838283025893831,-6.042107603774,1.52113957829635e-09,-6.042107603774,0.106693397130106,6.82231100865913e-08,28
"OGN","OGN",84,36,48,"SMD",0,0.95,2,NA,-1.0694370314441,0.339087304956435,-3.15386927145945,0.00161121243246607,-1.73403593677346,-0.404838126114736,NA,0.95,NA,NA,1.69540239659081,1,0.192890342654505,NA,0.0998534177785741,0.344282178178775,NA,NA,0.31599591418019,NA,NA,NA,1.30207618693793,NA,NA,0.410169525529254,NA,NA,0.434220054610677,0,1,NA,-3.15386927145945,-1.12653600955959,0.24569317551594,-1.60808578481812,-0.644986234301073,-4.58513349910489,4.53696456377736e-06,-4.58513349910489,0.0314186424330884,7.46896601776619e-05,27
"ATRN","ATRN",502,356,146,"SMD",0,0.95,6,NA,-1.07362807870636,0.492019016931699,-2.18208654901524,0.0291031457387766,-2.03796763160129,-0.109288525811428,1.20570511158686,0.95,-4.42120213408365,2.27394597667093,39.9282039960006,5,1.54398759785024e-07,NA,1.21164210308424,0.912614258371888,0.323644927232501,9.40078787842436,1.10074615742425,0.568897993697025,3.0660704294625,NA,2.82588761262725,2.00538351926366,3.98210153942638,0.874775234055085,0.7513404650764,0.936936896424355,0.834179144775715,0.379292575199621,1,NA,-2.18208654901524,-0.600351790495991,0.118144630954835,-0.831911012134245,-0.368792568857738,-5.08149871597208,3.74468545041588e-07,-5.08149871597208,0.19481732632599,7.63405192959783e-06,26
"MMRN2","MMRN2",119,47,72,"SMD",0,0.95,3,NA,-1.11906574469116,0.537301686282658,-2.08275122386728,0.0372739056732742,-2.17215769863781,-0.0659737907445093,0.995603438665611,0.95,-13.769406872416,11.5312753830336,8.51364924048807,2,0.0141672173566108,NA,0.702533105000602,0.868258477160328,0.0368091592859332,40.0366723602432,0.838172479267007,0.191857132486476,6.32745386077554,NA,2.06320736239575,1.14042378062682,3.73266911174398,0.765083110249754,0.231104232397059,0.928227014095846,0.811164866697089,0.16787446633451,1,NA,-2.08275122386728,-0.916930746493152,0.205227801618971,-1.31916984629267,-0.514691646693639,-4.46786809223607,7.90029940392758e-06,-4.46786809223607,0.227446893802224,0.000109024131774201,25
"GLYATL2","GLYATL2",59,10,49,"SMD",0,0.95,2,NA,-1.12040406677408,0.472878031029909,-2.36932991861323,0.0178203492556483,-2.04722797667291,-0.193580156875244,NA,0.95,NA,NA,1.38701850913527,1,0.238909247997685,NA,0.146721922667923,0.743636209020335,NA,NA,0.383042977572913,NA,NA,NA,1.17771749971513,NA,NA,0.279029087633843,NA,NA,0.328070165499875,0,1,NA,-2.36932991861323,-1.043679200956,0.367480984877935,-1.76392869632006,-0.323429705591939,-2.84009035543071,0.0045100757215683,-2.84009035543071,0.142721904306398,0.0188164554523105,24
"FGFR1","FGFR1",48,18,30,"SMD",0,0.95,3,NA,-1.1288978026522,0.382931905003692,-2.94803798769735,0.0031979776439211,-1.87943054499075,-0.378365060313648,0.491120696662786,0.95,-7.3691779246223,5.11138231931791,2.29048883826524,2,0.318146147281141,NA,0.0945626948207838,0.445271186938817,0,13.3741069497376,0.307510479204829,0,3.6570626122255,NA,1.07016093141762,1,3.31810811104818,0.126823948413234,0,0.909172170575013,0.214958924658741,0,1,NA,-2.94803798769735,-1.154646994084,0.335988606006873,-1.81317256107329,-0.496121427094708,-3.43656592348961,0.000589138961897786,-3.43656592348961,0.0508075418105227,0.00394371379718145,23
"GSN","GSN",575,373,202,"SMD",0,0.95,7,NA,-1.13361359317419,0.457778778291379,-2.47633496119087,0.01327389785622,-2.03084351151204,-0.236383674836339,1.22454018813015,0.95,-4.28139435778824,2.01416717143986,35.3659573026653,6,3.66002973780916e-06,NA,1.28993726249189,0.844567971928645,0.413462835675877,9.296457249995,1.13575405017631,0.643010758600412,3.04900922432107,NA,2.42782334965106,1.7257967180302,3.41542323932484,0.830345324780793,0.664246365548108,0.914274319410656,0.879344875151324,0.21981691762351,1,NA,-2.47633496119087,-0.873346630929296,0.111640293630202,-1.09215758566797,-0.654535676190624,-7.82286218112409,5.16356267974146e-15,-7.82286218112409,0.122263647761685,4.21812390201365e-13,22
"CLEC3B","CLEC3B",481,328,153,"SMD",0,0.95,6,NA,-1.1640137323598,0.553969820471217,-2.10122228566471,0.0356214579891592,-2.2497746290055,-0.0782528357140937,1.39641763302091,0.95,-5.0410906343726,2.713063169653,35.5445713362041,5,1.17135435348659e-06,NA,1.64309964381882,1.16313118307451,0.497617613560441,12.3956870183263,1.2818344837844,0.70542016809873,3.52075091682531,NA,2.66625472662325,1.87159857411297,3.79831143577891,0.859331543129141,0.714520722671963,0.930686335822227,0.892360709119713,0.327612592168954,1,NA,-2.10122228566471,-0.741241312374524,0.128649187418499,-0.993389086355126,-0.489093538393923,-5.76172556740097,8.32582962941517e-09,-5.76172556740097,0.221891998724138,3.24707355547192e-07,21
"DSC3","DSC3",50,19,31,"SMD",0,0.95,2,NA,-1.17346485126262,0.326575248444285,-3.5932449163024,0.000326585352034317,-1.81354057645564,-0.533389126069601,NA,0.95,NA,NA,0.96412670027973,1,0.326149344016428,NA,0,0.305183681864924,NA,NA,0,NA,NA,NA,1,NA,NA,0,NA,NA,0,0,1,NA,-3.5932449163024,-1.17346485126262,0.326575248444285,-1.81354057645564,-0.533389126069601,-3.5932449163024,0.000326585352034317,-3.5932449163024,0.0116375039470149,0.00254736574586767,20
"PRG2","PRG2",145,68,77,"SMD",0,0.95,4,NA,-1.20217865633634,0.408197137943718,-2.94509330073277,0.00322857289096967,-2.00223034529835,-0.40212696737432,0.786845286796982,0.95,-4.58770067746387,2.1833433647912,9.04096656208279,3,0.0287511432506694,NA,0.452500601929183,0.544652789198243,0,11.6810784746719,0.672681649763975,0,3.41775927687599,NA,1.73598834117464,1.01550834940431,2.96763243991255,0.668177071621767,0.0303098077532675,0.886451923843435,0.678921026549396,0.0684539797425671,1,NA,-2.94509330073277,-1.06700165983659,0.191338172174433,-1.44201758616621,-0.69198573350698,-5.57652269649499,2.45373913170924e-08,-5.57652269649499,0.0508075418105227,8.15553427543947e-07,19
"PEBP4","PEBP4",50,18,32,"SMD",0,0.95,2,NA,-1.20222022320676,0.472890424182942,-2.54228075200286,0.011013167138083,-2.1290684232392,-0.275372023174327,NA,0.95,NA,NA,2.05127410328146,1,0.15207887462079,NA,0.23033212213138,0.635590266408592,NA,NA,0.479929288678426,NA,NA,NA,1.43222697338148,1,2.84572766718842,0.512498111100667,0,0.876515249816091,0.514995546678784,0,1,NA,-2.54228075200286,-1.16751638589417,0.327587662041487,-1.80957640527516,-0.525456366513172,-3.56398155723675,0.000365271630645373,-3.56398155723675,0.11367227735655,0.00273040543907416,18
"LYVE1","LYVE1",97,43,54,"SMD",0,0.95,2,NA,-1.23511571117101,0.340984852621984,-3.62220110856437,0.000292106882437155,-1.90343374158379,-0.56679768075822,NA,0.95,NA,NA,1.6798191073541,1,0.19494849062281,NA,0.107458341202939,0.375512397737149,NA,NA,0.327808390989217,NA,NA,NA,1.29607835694996,NA,NA,0.404697806077996,NA,NA,0.462104249781577,0,1,NA,-3.62220110856437,-1.14780986002903,0.226559560858588,-1.59185843966508,-0.703761280392989,-5.06626096766431,4.05705631149999e-07,-5.06626096766431,0.011392168415049,8.08706558092331e-06,17
"ACE","ACE",50,18,32,"SMD",0,0.95,2,NA,-1.26839175398895,0.448914096456082,-2.82546652912476,0.00472118202300456,-2.14824721519521,-0.388536292782685,NA,0.95,NA,NA,1.82362153268245,1,0.176882799863922,NA,0.183107795149448,0.573361926038573,NA,NA,0.427910966381382,NA,NA,NA,1.35041531858997,NA,NA,0.451640605203288,NA,NA,0.454307965569179,0,1,NA,-2.82546652912476,-1.2399775632305,0.330135888367975,-1.88703201443586,-0.592923112025129,-3.7559611266752,0.000172677497287534,-3.7559611266752,0.0632074667855984,0.00151503030889096,16
"CTSB","CTSB",39,13,26,"SMD",0,0.95,2,NA,-1.26984974244787,0.380852733313801,-3.33422772471369,0.000855365973010809,-2.01630738315655,-0.523392101739178,NA,0.95,NA,NA,0.0437398317347086,1,0.834338404394238,NA,0,0.443580828906419,NA,NA,0,NA,NA,NA,1,NA,NA,0,NA,NA,0,0,1,NA,-3.33422772471369,-1.26984974244787,0.380852733313801,-2.01630738315655,-0.523392101739178,-3.33422772471369,0.000855365973010809,-3.33422772471369,0.0207368453456945,0.00529147088131514,15
"HEG1","HEG1",96,43,53,"SMD",0,0.95,3,NA,-1.28379277489569,0.632926226526296,-2.02834504416346,0.0425250447269265,-2.52430538375807,-0.0432801660333144,1.16620017658592,0.95,-16.1017709819595,13.5341854321681,8.42357444787281,2,0.0148198582500128,NA,0.959427243644211,1.20605459522375,0.0449490527764318,54.4279280391735,0.979503570000748,0.212011916590629,7.37752858613056,NA,2.05226392648129,1.13315512491976,3.71686729496516,0.762571101807611,0.221208387833576,0.927615448322516,0.798333967344092,0.213684539724406,1,NA,-2.02834504416346,-1.21105918258188,0.233234819011284,-1.66819102778471,-0.753927337379044,-5.19244591230303,2.07549176977452e-07,-5.19244591230303,0.249313497516687,4.7736310704814e-06,14
"ITGAL","ITGAL",79,28,51,"SMD",0,0.95,2,NA,-1.3491652463613,0.50869845515163,-2.65219057124745,0.00799713907732642,-2.34619589744966,-0.352134595272939,NA,0.95,NA,NA,1.99682947921657,1,0.157628625361398,NA,0.301478426596563,0.854065825755433,NA,NA,0.549070511497898,NA,NA,NA,1.41309216939893,NA,NA,0.499206111283805,NA,NA,0.582512711487145,0,1,NA,-2.65219057124745,-1.14201710046398,0.254927577442896,-1.6416659709181,-0.642368230009856,-4.47977073300275,7.47232573655314e-06,-4.47977073300275,0.095645783364824,0.000106391685487114,13
"CDH5","CDH5",372,284,88,"SMD",0,0.95,4,NA,-1.36757661923409,0.581583815238797,-2.35146952752213,0.0186994211913553,-2.50745995109353,-0.227693287374654,1.21822024812983,0.95,-6.60915529528595,3.87400205681777,21.6882646287467,3,7.57354643013145e-05,NA,1.14582083880578,1.1046328583207,0.220533248559873,19.7229407482008,1.07043021202028,0.469609676816687,4.44105176148633,NA,2.6887583645459,1.72191205678193,4.19848476839553,0.861676346570225,0.662729725512758,0.943269731887136,0.846899937475544,0.322289443958207,1,NA,-2.35146952752213,-0.770361282201513,0.14867002670184,-1.06174918011773,-0.478973384285299,-5.18168523468746,2.1989006629908e-07,-5.18168523468746,0.148436998306599,4.93103473675687e-06,12
"ANTXR2","ANTXR2",49,18,31,"SMD",0,0.95,2,NA,-1.40681929546553,0.705792662337399,-1.99324726727325,0.0462343775842585,-2.79014749419947,-0.0234910967315876,NA,0.95,NA,NA,4.17326787667288,1,0.0410665196031714,NA,0.759046606205127,1.41173430360318,NA,NA,0.871232808269481,NA,NA,NA,2.04285777201275,1,4.2867152118479,0.760379628254958,0,0.945580977587319,0.761875782845732,0.104697757655046,1,NA,-1.99324726727325,-1.30747181155088,0.339867099371573,-1.97359908584926,-0.641344537252504,-3.84700906315571,0.000119568548013006,-3.84700906315571,0.264911451919104,0.00107252987567666,11
"IQCE","IQCE",73,14,59,"SMD",0,0.95,2,NA,-1.40851206401253,0.366951961650106,-3.83840995883697,0.000123833607789289,-2.12772469290306,-0.689299435121998,NA,0.95,NA,NA,1.24653757925798,1,0.264214812690607,NA,0.0543309273238035,0.388494042927251,NA,NA,0.233089955433098,NA,NA,NA,1.1164844733618,NA,NA,0.197777895636917,NA,NA,0.201743102169805,0,1,NA,-3.83840995883697,-1.39570244031925,0.326837444021192,-2.03629205939991,-0.755112821238585,-4.27032601634454,1.9518743647275e-05,-4.27032601634454,0.00681348425160159,0.000234972115020614,10
"COL1A1","COL1A1",35,11,24,"SMD",0,0.95,2,NA,-1.42804579161849,0.415092290336307,-3.44030911887448,0.000581050136093272,-2.2416117309379,-0.614479852299087,NA,0.95,NA,NA,0.92335327494582,1,0.336596049442481,NA,0,0.570376881541112,NA,NA,0,NA,NA,NA,1,NA,NA,0,NA,NA,0,0,1,NA,-3.44030911887448,-1.42804579161849,0.415092290336307,-2.2416117309379,-0.614479852299087,-3.44030911887448,0.000581050136093272,-3.44030911887448,0.0168129668411505,0.00392526090742014,9
"CADM1","CADM1",51,19,32,"SMD",0,0.95,3,NA,-1.46620429381619,0.429032063794795,-3.41747020222123,0.000632060126683055,-2.30709168706688,-0.625316900565499,0.622332986499998,0.95,-9.3736946343602,6.44128604672782,3.09184732591708,2,0.2131149339147,NA,0.203229834321985,0.55326169009556,0,19.3279557082822,0.450810197668581,0,4.39635709517348,NA,1.24335178568197,1,2.18912766171671,0.353137529387297,0,0.791331053936542,0.368032953915423,0,1,NA,-3.41747020222123,-1.49633510220695,0.339949710777073,-2.16262429188482,-0.830045912529079,-4.40163663850914,1.07437374956341e-05,-4.40163663850914,0.0177174354260844,0.000143837799008713,8
"FAP","FAP",50,18,32,"SMD",0,0.95,2,NA,-1.47366029954953,0.659378505213678,-2.23492317067869,0.0254223930924446,-2.76601842194819,-0.181302177150864,NA,0.95,NA,NA,3.65908084265383,1,0.0557643888797313,NA,0.633774479252325,1.23336099150991,NA,NA,0.796099541045167,NA,NA,NA,1.91287240626599,1,4.03139311187535,0.726707322685243,0,0.938469605276054,0.728845002186681,0,1,NA,-2.23492317067869,-1.37856526183709,0.338366590279957,-2.04175159235743,-0.715378931316753,-4.0741766517093,4.61774218033525e-05,-4.0741766517093,0.178308480589377,0.000487307615971849,7
"CTSS","CTSS",49,18,31,"SMD",0,0.95,2,NA,-1.47498001927276,0.398347230653841,-3.70274952546237,0.000213275423127449,-2.25572624469556,-0.694233793849959,NA,0.95,NA,NA,1.34113988010615,1,0.246833048078107,NA,0.0812752207673113,0.451871280735499,NA,NA,0.285088092994624,NA,NA,NA,1.15807593883396,NA,NA,0.254365622234087,NA,NA,0.256097039287581,0,1,NA,-3.70274952546237,-1.46376846219318,0.343037079817133,-2.13610878399655,-0.791428140389808,-4.26708524621737,1.98043498229051e-05,-4.26708524621737,0.00982900278196583,0.000234972115020614,6
"CRISP3","CRISP3",311,227,84,"SMD",0,0.95,4,NA,-1.60473035881846,0.648614902871308,-2.47408801696445,0.013357678350775,-2.87599220828217,-0.333468509354756,1.38193890457723,0.95,-7.55073355894466,4.34127284130773,17.5324711164641,3,0.000549119721011589,NA,1.48905384375735,1.37372261802953,0.291141147037299,28.1798349884063,1.22026793933027,0.53957496887578,5.30846823371925,NA,2.41746913916628,1.51177759709304,3.86575184740066,0.828888923867508,0.562453524948496,0.933083679003989,0.884864077714052,0.267826080541781,1,NA,-2.47408801696445,-1.18441000117749,0.177667701609991,-1.53263229754908,-0.836187704805895,-6.66643396883389,2.62093524989346e-11,-6.66643396883389,0.122263647761685,1.46936182447152e-09,5
"CD93","CD93",74,32,42,"SMD",0,0.95,2,NA,-1.66927303242855,0.466036266458492,-3.58185221316295,0.000341166782662623,-2.58268733017671,-0.755858734680393,NA,0.95,NA,NA,2.29310670290942,1,0.129949583340116,NA,0.255958374816913,0.641910149761121,NA,NA,0.5059232894589,NA,NA,NA,1.51430073067057,1,3.08763250482829,0.563910393384123,0,0.895106448169887,0.589250445617153,0,1,NA,-3.58185221316295,-1.54152542336549,0.276749471706765,-2.08394442065123,-0.999106426079742,-5.57011153032603,2.54576320749504e-08,-5.57011153032603,0.0116375039470149,8.15553427543947e-07,4
"ANTXR1","ANTXR1",38,12,26,"SMD",0,0.95,2,NA,-1.97476157983065,0.482963743591878,-4.08884022047709,4.33535335299043e-05,-2.92135312310937,-1.02817003655194,NA,0.95,NA,NA,1.23827860621576,1,0.26580306645792,NA,0.0926112008126097,0.680631166473315,NA,NA,0.304320884614595,NA,NA,NA,1.11277967550444,NA,NA,0.192427297879234,NA,NA,0.198520089037421,0,1,NA,-4.08884022047709,-1.99523895964406,0.430335422164466,-2.83868088835825,-1.15179703092986,-4.63647391518124,3.54402895589702e-06,-4.63647391518124,0.00324067663136035,5.99810183667854e-05,3
"AKAP12","AKAP12",60,11,49,"SMD",0,0.95,2,NA,-1.99872335779841,0.559091034044916,-3.57495154829802,0.000350292760946936,-3.09452164860571,-0.902925066991123,NA,0.95,NA,NA,1.62750128109718,1,0.202049005100607,NA,0.271269035235111,0.994997393244419,NA,NA,0.520834940489893,NA,NA,NA,1.27573558431878,NA,NA,0.385561159542776,NA,NA,0.43391550785452,0,1,NA,-3.57495154829802,-1.87448140385354,0.390319117103518,-2.63949281585391,-1.10946999185317,-4.8024329880732,1.56749285250191e-06,-4.8024329880732,0.0116375039470149,2.92925226811294e-05,2
"SEMA4D","SEMA4D",117,50,67,"SMD",0,0.95,2,NA,-2.00493177621771,0.831779316474348,-2.41041311860937,0.0159344660100461,-3.63518927959277,-0.37467427284264,NA,0.95,NA,NA,6.73579554459647,1,0.0094497079889434,NA,1.19278768139307,1.98094937605276,NA,NA,1.09214819571021,NA,NA,NA,2.59534112297333,1.28881008135597,5.22636782722066,0.851539436822394,0.397964430735861,0.963389972379951,0.862019154401328,0.504261226861495,1,NA,-2.41041311860937,-1.47566554513504,0.215929030429032,-1.89887866799259,-1.05245242227748,-6.83403033951952,8.25615518307608e-12,-6.83403033951952,0.137434769336648,5.28983657087089e-10,1
