"","Protein","rownam_id","peptide","gene_name","protein_id","fc","statistic.t","parameter.df","p.value","conf.int1","conf.int2","estimate.mean.of.x","estimate.mean.of.y","null.value.difference.in.means","stderr","alternative","method","data.name","adj.p_values","Matching.gene.count","Accession","MW","Site","Start.position","End.position","PSPlus_location"
"IFIH1","IFIH1","IFIH1","ASPEPELQLRPYQMEVAQPALEGK_Phospho:S2","IFIH1","ENSP00000505518.1__Phospho:S196",2.12149166009794,17.2293522255308,3.17113629152309,0.000306222729341135,1.74132555184779,2.5016577683481,1.59077925999236,-0.53071240010558,0,0.123132409874021,"two.sided","Welch Two Sample t-test","i[x] and i[y]",0.0372607442451874,"ENVAARASPEPELQL","UP:Q9BYX4",116689,"S301-p",300,323,"IFIH1_S301-p"
"STAT1","STAT1","STAT1","LQTTDNLLPMSPEEFDEVSR_Phospho:S11","STAT1","ENSP00000500982.1__Phospho:S724",1.76223651245533,27.9013179764519,2.13775633423396,0.00088926220070185,1.50659305570876,2.01787996920189,1.19715905801767,-0.565077454437657,0,0.063159615396757,"two.sided","Welch Two Sample t-test","i[x] and i[y]",0.048090735203035,"TDNLLPMSPEEFDEV","UP:P42224",87335,"S727-p",717,736,"STAT1_S727-p"
"SP110.6","SP110.6","SP110.6","VTQGAASPGHGIQEK_Phospho:S7","SP110","ENSP00000375902.3__Phospho:S377",1.44047612494786,17.9592474325823,2.56506753153014,0.000911791500355808,1.15889726892543,1.72205498097028,1.02005391970331,-0.420422205244549,0,0.0802080449281238,"two.sided","Welch Two Sample t-test","i[x] and i[y]",0.0485386506517537,NA,NA,NA,NA,NA,NA,NA
"SP110.2","SP110.2","SP110.2","EDPQEMPHSPLGSMPEIR_Phospho:S9","SP110","ENSP00000375902.3__Phospho:S243",1.43491761329759,13.1618248849887,3.89418115892946,0.000226096795737601,1.12895468932247,1.74088053727271,0.959897718001617,-0.475019895295977,0,0.109021174938602,"two.sided","Welch Two Sample t-test","i[x] and i[y]",0.0308124713231203,NA,NA,NA,NA,NA,NA,NA
"CLTRN","CLTRN","CLTRN","NKEPSEVDDAEDK_Phospho:S5","CLTRN","ENSP00000497814.1__Phospho:S124",1.26582621047381,22.6062845281988,3.70690982325417,4.15247847739105e-05,1.10539091330534,1.42626150764228,0.848739586244805,-0.417086624229007,0,0.0559944385772389,"two.sided","Welch Two Sample t-test","i[x] and i[y]",0.0258175080361201,"RRKNKEPSEVDDAED","UP:Q9HBJ8",25235,"",173,185,"CLTRN_S177-p"
"MTDH","MTDH","MTDH","LSSQISAGEEK_Phospho:S6","MTDH","ENSP00000338235.3__Phospho:S297",1.07946860717923,9.26395896111935,3.97380667586391,0.000778818707146188,0.755104852026723,1.40383236233174,0.720606357949836,-0.358862249229394,0,0.116523466015959,"two.sided","Welch Two Sample t-test","i[x] and i[y]",0.0470371288140304,"VKLSSQISAGEEKWN","UP:Q86UE4",63837,"S294-p, S295-p, S298-p, K303-ub",293,303,"MTDH_S298-p"
"PML.26","PML.26","PML.26","SSPEQPRPSTSK_Phospho:S2","PML","ENSP00000268058.3__Phospho:S504;ENSP00000394642.3__Phospho:S504;ENSP00000395576.2__Phospho:S504;ENSP00000455838.1__Phospho:S456;ENSP00000457032.1__Phospho:S456",0.911928051835814,17.161546574551,3.7261162167571,0.00011047974108289,0.760016870112264,1.06383923355936,0.487562050296612,-0.424366001539202,0,0.0531378712212405,"two.sided","Welch Two Sample t-test","i[x] and i[y]",0.026886034133529,NA,NA,NA,NA,NA,NA,NA
"PML.13","PML.13","PML.13","QPSPSPSPTER_Phospho:S3","PML","ENSP00000268058.3__Phospho:S35;ENSP00000394642.3__Phospho:S35;ENSP00000395576.2__Phospho:S35;ENSP00000455838.1__Phospho:S35;ENSP00000457032.1__Phospho:S35",0.841657499870927,16.1111449257117,2.82162667189949,0.00072976489758569,0.669297496299082,1.01401750344277,0.802941384372319,-0.038716115498608,0,0.0522407006920863,"two.sided","Welch Two Sample t-test","i[x] and i[y]",0.0470371288140304,NA,NA,NA,NA,NA,NA,NA
"PLEKHA4.9","PLEKHA4.9","PLEKHA4.9","ISESPEVTR_Phospho:S4","PLEKHA4","ENSP00000263265.5__Phospho:S193",0.768689146335065,9.92902124516428,3.78501644678941,0.000757858584874776,0.548839583335931,0.988538709334199,0.694737085673469,-0.0739520606615961,0,0.0774184209455125,"two.sided","Welch Two Sample t-test","i[x] and i[y]",0.0470371288140304,NA,NA,NA,NA,NA,NA,NA
"PLEKHA4.13","PLEKHA4.13","PLEKHA4.13","QETPPPRSPPVANSGSTGFSR_Phospho:S8","PLEKHA4","ENSP00000263265.5__Phospho:S722",0.765789520527074,17.5562486117309,2.91361516380325,0.000477707940540504,0.624616121511309,0.906962919542839,0.718118030519069,-0.0476714900080054,0,0.0436192000616455,"two.sided","Welch Two Sample t-test","i[x] and i[y]",0.0396670635990541,NA,NA,NA,NA,NA,NA,NA
"CNP.1","CNP.1","CNP.1","MSSSGAK_Phospho:S2","CNP","ENSP00000377470.2__Phospho:S21",0.726539430570373,14.2887427355003,3.48805945832055,0.000321373643220312,0.576806263006338,0.876272598134408,0.447830038621045,-0.278709391949329,0,0.0508469810129124,"two.sided","Welch Two Sample t-test","i[x] and i[y]",0.0377558621535036,NA,NA,NA,NA,NA,NA,NA
"MARCKSL1.1","MARCKSL1.1","MARCKSL1.1","AAATPESQEPQAK_Phospho:T4","MARCKSL1","ENSP00000362638.4__Phospho:T147",0.721989459225454,16.9187635045749,2.97871904474453,0.00046856615418176,0.585631548557751,0.858347369893156,0.590835438797168,-0.131154020428286,0,0.0426738903839056,"two.sided","Welch Two Sample t-test","i[x] and i[y]",0.0396670635990541,NA,NA,NA,NA,NA,NA,NA
"LMNA.57","LMNA.57","LMNA.57","SVGGSGGGSFGDNLVTR_Phospho:S9","LMNA","ENSP00000355292.6__Phospho:S635",0.626740565864951,9.22429263220617,3.90672587237408,0.000857345442965153,0.436306598598692,0.817174533131211,0.515028289858623,-0.111712276006328,0,0.0679445666843566,"two.sided","Welch Two Sample t-test","i[x] and i[y]",0.0478848512161029,NA,NA,NA,NA,NA,NA,NA
"TRAFD1.2","TRAFD1.2","TRAFD1.2","LDSQPQETSPELPR_Phospho:S9","TRAFD1","ENSP00000257604.5__Phospho:S414",0.501316173544125,24.5473767814151,3.91014731374425,1.9790284158868e-05,0.44409694098172,0.55853540610653,0.454089654594594,-0.0472265189495313,0,0.0204223929101733,"two.sided","Welch Two Sample t-test","i[x] and i[y]",0.0258175080361201,NA,NA,NA,NA,NA,NA,NA
"SZRD1.1","SZRD1.1","SZRD1.1","ILGSASPEEEQEK_Phospho:S6","SZRD1","ENSP00000418012.1__Phospho:S86",0.499250416831847,10.5142600112868,3.99146067511618,0.000467860281233342,0.367304688279416,0.631196145384279,0.400893767262977,-0.0983566495688701,0,0.047483172025032,"two.sided","Welch Two Sample t-test","i[x] and i[y]",0.0396670635990541,NA,NA,NA,NA,NA,NA,NA
"DENND4C","DENND4C","DENND4C","LESIDNHSSTGGQSDQGYGSK_Phospho:S3","DENND4C","ENSP00000473469.1__Phospho:S952",0.490205759918036,18.583139206726,3.57583172660186,0.000109628325087039,0.413408864439086,0.567002655396986,-0.00965528706385963,-0.499861046981896,0,0.0263790608499886,"two.sided","Welch Two Sample t-test","i[x] and i[y]",0.026886034133529,"RDLIRLESIDNHSST","UP:Q5VZ89-7",217819,"S953-p",951,971,"DENND4C_S953-p"
"IRS2.15","IRS2.15","IRS2.15","VASPTSGVK_Phospho:S3","IRS2","ENSP00000365016.3__Phospho:S1099",0.464510888437846,12.5024174625265,3.51827144566754,0.00048518962637292,0.355539362836423,0.573482414039268,0.2354960904852,-0.229014797952645,0,0.0371536856636027,"two.sided","Welch Two Sample t-test","i[x] and i[y]",0.0396670635990541,NA,NA,NA,NA,NA,NA,NA
"HSPB1","HSPB1","HSPB1","QLSSGVSEIR_Phospho:S3","HSPB1","ENSP00000501831.1__Phospho:S81",0.459934793411468,10.6063441373113,3.83971816457173,0.000552702584486419,0.337528479891807,0.58234110693113,-0.035245130171675,-0.495179923583143,0,0.0433641212709192,"two.sided","Welch Two Sample t-test","i[x] and i[y]",0.0427967660305734,"RALSRQLSSGVSEIR","UP:P04792",22783,"S82-p, S83-p, S86-p, R89-m1",80,89,"HSPB1_S82-p"
"BAZ2A.10","BAZ2A.10","BAZ2A.10","YSEEGLSPSK_Phospho:S7","BAZ2A","ENSP00000368754.3__Phospho:S1752",0.273204916026173,10.0079660510895,3.67306214728683,0.000850907067589885,0.194675226262506,0.351734605789841,-0.214627579437821,-0.487832495463994,0,0.0272987452826573,"two.sided","Welch Two Sample t-test","i[x] and i[y]",0.0478848512161029,"DPGEMPQSPTGLGQP","UP:Q9UIF9",211198,"S1397-p, T1399-p",1388,1405,"BAZ2A_S1397-p"
"CTPS1.2","CTPS1.2","CTPS1.2","SGSSSPDSEITELK_Phospho:S5","CTPS1","ENSP00000361699.1__Phospho:S574",0.237482557727827,13.7303958556552,3.99917633978909,0.000163219297861301,0.189456932538234,0.285508182917421,0.0728753716263902,-0.164607186101437,0,0.0172961187881567,"two.sided","Welch Two Sample t-test","i[x] and i[y]",0.0308124713231203,NA,NA,NA,NA,NA,NA,NA
"LMNA.41","LMNA.41","LMNA.41","LSPSPTSQR_Phospho:S4","LMNA","ENSP00000355292.6__Phospho:S391",-0.127963062143141,-10.614407178756,3.89025310247711,0.000515336256774771,-0.16181048479766,-0.0941156394886221,-0.172598497927895,-0.0446354357847536,0,0.0120556014093043,"two.sided","Welch Two Sample t-test","i[x] and i[y]",0.0408314099263173,NA,NA,NA,NA,NA,NA,NA
"RBMX.11","RBMX.11","RBMX.11","VEQATKPSFESGR_Phospho:S8","RBMX","ENSP00000359645.3__Phospho:S87;ENSP00000457051.1__Phospho:S87",-0.134558898765868,-12.2040239795203,3.56828201847088,0.000488998142401019,-0.166688864874071,-0.102428932657665,-0.157115335215423,-0.0225564364495551,0,0.0110257812498298,"two.sided","Welch Two Sample t-test","i[x] and i[y]",0.0396670635990541,NA,NA,NA,NA,NA,NA,NA
"OTUD4","OTUD4","OTUD4","ESNYFGLSPEER_Phospho:S8","OTUD4","ENSP00000409279.2__Phospho:S377",-0.147700360744155,-11.3415663183629,3.95961874371966,0.000364245419125315,-0.184003685760585,-0.111397035727724,-0.175929211659176,-0.0282288509150218,0,0.0130229244002229,"two.sided","Welch Two Sample t-test","i[x] and i[y]",0.0396145568847144,"ESNYFGLSPEERREK","UP:Q01804",124045,"S437-p, Y439-p, S443-p",436,447,"OTUD4_S443-p"
"TCEA1.6","TCEA1.6","TCEA1.6","KEPAITSQNSPEAR_Phospho:S10","TCEA1","ENSP00000395483.2__Phospho:S78",-0.156155279827169,-15.6512688039013,3.99879032753382,9.75233600011925e-05,-0.183859633869637,-0.1284509257847,-0.154317505996666,0.00183777383050317,0,0.00997716426595682,"two.sided","Welch Two Sample t-test","i[x] and i[y]",0.026886034133529,NA,NA,NA,NA,NA,NA,NA
"PARN","PARN","PARN","ELSPAGSISK_Phospho:S3","PARN","ENSP00000345456.7__Phospho:S557",-0.195825324220585,-17.7646948748031,3.98530514843379,6.05797611965939e-05,-0.226475431980432,-0.165175216460738,-0.216378101552727,-0.0205527773321421,0,0.011023286670594,"two.sided","Welch Two Sample t-test","i[x] and i[y]",0.0258175080361201,"KRMKKELSPAGSISK","UP:O95453",73451,"S619-p, S623-p, S625-p",617,626,"PARN_S619-p"
"IGF2BP3","IGF2BP3","IGF2BP3","QGSPGSVSK_Phospho:S3","IGF2BP3","ENSP00000258729.3__Phospho:S183",-0.211816642054272,-9.67619357300324,3.9828393529982,0.000651854760615433,-0.272697808270051,-0.150935475838492,-0.252397066375467,-0.040580424321195,0,0.0218904924189656,"two.sided","Welch Two Sample t-test","i[x] and i[y]",0.0468238597126314,"RGSSRQGSPGSVSKQ","UP:O00425",63705,"S184-p, S187-p, S189-p, K190-ub",182,190,"IGF2BP3_S184-p"
"DNAJC5.4","DNAJC5.4","DNAJC5.4","SLSTSGESLYHVLGLDK_Phospho:S8","DNAJC5","ENSP00000354111.4__Phospho:S14",-0.213066461706013,-9.89883185929948,3.99892342717059,0.000585345760210193,-0.272834135007849,-0.153298788404177,-0.260447012934085,-0.0473805512280719,0,0.0215244045696005,"two.sided","Welch Two Sample t-test","i[x] and i[y]",0.0443171778896917,NA,NA,NA,NA,NA,NA,NA
"PABIR1.2","PABIR1.2","PABIR1.2","RNSTTFPSR_Phospho:S3","PABIR1","ENSP00000377807.5__Phospho:S61",-0.222498676907211,-17.7189328652625,3.81528415986843,8.33556173752043e-05,-0.258038702694507,-0.186958651119914,-0.124965996249087,0.0975326806581233,0,0.0125571149571549,"two.sided","Welch Two Sample t-test","i[x] and i[y]",0.0258175080361201,NA,NA,NA,NA,NA,NA,NA
"CHAMP1.9","CHAMP1.9","CHAMP1.9","LGSVLSPESPKPTPLTPLEPQK_Phospho:S9","CHAMP1","ENSP00000354730.1__Phospho:S144",-0.24472204071285,-10.805375019602,3.98108682053577,0.000426676204866167,-0.307721449829107,-0.181722631596594,0.0307211435964486,0.275443184309299,0,0.0226481765111253,"two.sided","Welch Two Sample t-test","i[x] and i[y]",0.0396670635990541,NA,NA,NA,NA,NA,NA,NA
"GTF2I.3","GTF2I.3","GTF2I.3","SPGSNSK_Phospho:S1","GTF2I","ENSP00000477837.1__Phospho:S632",-0.267423095528565,-19.137975980407,2.83419942470089,0.000438881727718501,-0.313401329411552,-0.221444861645579,-0.212384949851434,0.0550381456771317,0,0.0139734262286851,"two.sided","Welch Two Sample t-test","i[x] and i[y]",0.0396670635990541,NA,NA,NA,NA,NA,NA,NA
"PPP1R7.7","PPP1R7.7","PPP1R7.7","RVESEESGDEEGK_Phospho:S7","PPP1R7","ENSP00000234038.6__Phospho:S26",-0.271847669679205,-9.44084707938771,3.99015873510286,0.00071028932873683,-0.351872783123661,-0.191822556234749,-0.371383445067534,-0.0995357753883292,0,0.0287948387886435,"two.sided","Welch Two Sample t-test","i[x] and i[y]",0.0470371288140304,NA,NA,NA,NA,NA,NA,NA
"DPYSL3.4","DPYSL3.4","DPYSL3.4","GSPTRPNPPVR_Phospho:S2","DPYSL3","ENSP00000343690.5__Phospho:S635",-0.280227696905935,-21.4636498297889,3.03017254965288,0.000207336437158876,-0.321544385551938,-0.238911008259933,-0.25035221734291,0.0298754795630257,0,0.0130559200848037,"two.sided","Welch Two Sample t-test","i[x] and i[y]",0.0308124713231203,"SREPAPASPAPAGVE","UP:Q14195-2",73910,"S95-p, S102-p",93,111,"DPYSL3_S102-p"
"RRP8","RRP8","RRP8","QSPGSTSPKPPHTLSR_Phospho:S7","RRP8","ENSP00000436246.1__Phospho:S175",-0.309356396802314,-12.3270492457807,3.67770319723006,0.000400293918412303,-0.381508830933635,-0.237203962670994,-0.284570726544452,0.0247856702578621,0,0.0250957378878161,"two.sided","Welch Two Sample t-test","i[x] and i[y]",0.0396670635990541,"KQSPGSTSPKPPHTL","UP:O43159",50715,"S171-p, S174-p, T175-p, S176-p",170,185,"RRP8_S176-p"
"RBMX;RBMXL1.6","RBMX;RBMXL1.6","RBMX;RBMXL1.6","DSYGGPPR_Phospho:S2","RBMX;RBMXL1","ENSP00000318415.5__Phospho:S188;ENSP00000359645.3__Phospho:S188;ENSP00000457051.1__Phospho:S188",-0.324107563620121,-13.2657140070923,3.99090266634391,0.000189220257245446,-0.392002620967996,-0.256212506272247,0.057473409169788,0.381580972789909,0,0.0244319727869033,"two.sided","Welch Two Sample t-test","i[x] and i[y]",0.0308124713231203,"SPRDDGYSTKDSYSS","UP:P38159",42332,"Y214-p, S215-p, T216-p, K217-ac, K217-m1, K217-ub, K217-sc",211,217,"RBMX;RBMXL1_S215-p"
"NUDC.3","NUDC.3","NUDC.3","NGSLDSPGK_Phospho:S6","NUDC","ENSP00000319664.5__Phospho:S138",-0.326313960099702,-13.2441829799605,3.92448379141285,0.000210744918473264,-0.3952430725801,-0.257384847619304,-0.178869262526901,0.147444697572801,0,0.0246382853961956,"two.sided","Welch Two Sample t-test","i[x] and i[y]",0.0308124713231203,NA,NA,NA,NA,NA,NA,NA
"MARCKS.2","MARCKS.2","MARCKS.2","AEDGATPSPSNETPKK_Phospho:T13","MARCKS","ENSP00000478061.1__Phospho:T149",-0.330840177387888,-14.0516461030139,3.89701343133269,0.000175224624168532,-0.396897403022341,-0.264782951753435,-0.472309767870798,-0.141469590482909,0,0.0235445850943348,"two.sided","Welch Two Sample t-test","i[x] and i[y]",0.0308124713231203,NA,NA,NA,NA,NA,NA,NA
"AHNAK.21","AHNAK.21","AHNAK.21","GHYEVTGSDDETGK_Phospho:S8","AHNAK","ENSP00000367263.4__Phospho:S5840",-0.346893090217406,-12.8209769773081,3.1622394652754,0.000784531483320606,-0.430553490230129,-0.263232690204684,-0.384329012444589,-0.0374359222271827,0,0.0270566814706378,"two.sided","Welch Two Sample t-test","i[x] and i[y]",0.0470371288140304,NA,NA,NA,NA,NA,NA,NA
"DNAJB14","DNAJB14","DNAJB14","KPSGSGDQSK_Phospho:S3","DNAJB14","ENSP00000390019.1__Phospho:S62",-0.35989332567329,-14.631314206859,3.67416159121643,0.000216651453977608,-0.430643040312925,-0.289143611033655,-0.170140792323178,0.189752533350112,0,0.0245974709164933,"two.sided","Welch Two Sample t-test","i[x] and i[y]",0.0308124713231203,"SPHCRKPSGSGDQSK","UP:Q8TBM8",42516,"S67-p, S69-p, S73-p",65,74,"DNAJB14_S67-p"
"HNF1B.5","HNF1B.5","HNF1B.5","LETLPLSPGSGAEPDTK_Phospho:S7","HNF1B","ENSP00000484132.1__Phospho:S48",-0.370230589894159,-14.1599897554964,3.90093473292325,0.00016907507533188,-0.443557074830361,-0.296904104957956,-0.0505354691894212,0.319695120704737,0,0.0261462470162061,"two.sided","Welch Two Sample t-test","i[x] and i[y]",0.0308124713231203,NA,NA,NA,NA,NA,NA,NA
"AHNAK.3","AHNAK.3","AHNAK.3","ASLGSLEGEAEAEASSPK_Phospho:S16","AHNAK","ENSP00000367263.4__Phospho:S5762",-0.382616496587747,-13.8478485778752,3.74540345621046,0.000235818128177114,-0.461430732514419,-0.303802260661075,-0.307219750978738,0.0753967456090091,0,0.027630031801406,"two.sided","Welch Two Sample t-test","i[x] and i[y]",0.0309012447192087,NA,NA,NA,NA,NA,NA,NA
"TLE3.7","TLE3.7","TLE3.7","SSTPGLK_Phospho:T3","TLE3","ENSP00000452803.1__Phospho:T311",-0.408727135772527,-10.5811290934101,3.65780886748497,0.000712011234551781,-0.520050634252698,-0.297403637292355,-0.362596737253176,0.0461303985193509,0,0.0386279320632312,"two.sided","Welch Two Sample t-test","i[x] and i[y]",0.0470371288140304,NA,NA,NA,NA,NA,NA,NA
"SERBP1.4","SERBP1.4","SERBP1.4","DELTESPK_Phospho:S6","SERBP1","ENSP00000360034.2__Phospho:S233",-0.424385590102225,-16.7086014137739,3.98071364730292,7.77535170094605e-05,-0.495040104492896,-0.353731075711554,-0.266961392026622,0.157424198075603,0,0.0253992287919669,"two.sided","Welch Two Sample t-test","i[x] and i[y]",0.0258175080361201,NA,NA,NA,NA,NA,NA,NA
"USP54","USP54","USP54","GDEPQASGYHSEGETLK_Phospho:S11","USP54","ENSP00000505692.1__Phospho:S480",-0.427442964009617,-19.5138466521328,2.88679457192849,0.000372076847757811,-0.498725480430553,-0.356160447588681,-0.314368451286724,0.113074512722893,0,0.0219045978801365,"two.sided","Welch Two Sample t-test","i[x] and i[y]",0.0396145568847144,"PQASGYHSEGETLKE","UP:Q70EL1",187388,"S481-p",471,487,"USP54_S481-p"
"TGFB1I1","TGFB1I1","TGFB1I1","ERPAEPLTPPPSYGHQPQTGSGESSGASGDK_Phospho:T8","TGFB1I1","ENSP00000355117.3__Phospho:T15",-0.431309626844536,-24.1058853184452,3.33782501309524,7.32959447762436e-05,-0.485125452558059,-0.377493801131012,-0.286683653472932,0.144625973371603,0,0.0178922956426125,"two.sided","Welch Two Sample t-test","i[x] and i[y]",0.0258175080361201,"ERPAEPLTPPPSYGH","UP:O43294",49814,"T33-p, S37-p, Y38-p",26,56,"TGFB1I1_T33-p"
"TPX2.6","TPX2.6","TPX2.6","SSDQPLTVPVSPK_Phospho:S11","TPX2","ENSP00000300403.6__Phospho:S737",-0.473801640779751,-11.068670593862,3.85585532297868,0.000460896947121103,-0.59442204997332,-0.353181231586182,-0.63302522081175,-0.159223580031999,0,0.0428056501240984,"two.sided","Welch Two Sample t-test","i[x] and i[y]",0.0396670635990541,NA,NA,NA,NA,NA,NA,NA
"JPT1.11","JPT1.11","JPT1.11","PVPAAPVPSPVAPAPVPSR_Phospho:S9","JPT1","ENSP00000387059.3__Phospho:S130",-0.486633591533023,-9.48873694340928,3.86145176087377,0.000814555503383562,-0.631062351294775,-0.342204831771272,-0.435497999467526,0.0511355920654968,0,0.0512853917687149,"two.sided","Welch Two Sample t-test","i[x] and i[y]",0.0470371288140304,NA,NA,NA,NA,NA,NA,NA
"ABI1.15","ABI1.15","ABI1.15","TLEPVKPPTVPNDYMTSPAR_Phospho:S17","ABI1","ENSP00000365336.1__Phospho:S210",-0.52973222844719,-9.65635530911415,3.87900647703499,0.000746604446455901,-0.683935644479803,-0.375528812414577,-0.482935324885478,0.0467969035617121,0,0.0548584027295684,"two.sided","Welch Two Sample t-test","i[x] and i[y]",0.0470371288140304,"RQISRHNSTTSSTSS","UP:Q8IZP0",55081,"S323-p, T324-p, T325-p, S326-p, S327-p, T328-p, S329-p, S330-p, Y333-p",321,334,"ABI1_S323-p"
"AHNAK.20","AHNAK.20","AHNAK.20","GGVTGSPEASISGSK_Phospho:S6","AHNAK","ENSP00000367263.4__Phospho:S5730",-0.534163078483703,-9.14854232676774,3.99103933919958,0.000800718060024407,-0.696417188309842,-0.371908968657563,-0.77324743891114,-0.239084360427437,0,0.0583877801954081,"two.sided","Welch Two Sample t-test","i[x] and i[y]",0.0470371288140304,NA,NA,NA,NA,NA,NA,NA
"SEMA6A.3","SEMA6A.3","SEMA6A.3","SYPTNSLTR_Phospho:S6","SEMA6A","ENSP00000425364.1__Phospho:S302",-0.536516645751327,-10.2797073997257,3.7936039747674,0.000659684551278634,-0.684587212946752,-0.388446078555902,-0.204542307622141,0.331974338129186,0,0.0521918207288317,"two.sided","Welch Two Sample t-test","i[x] and i[y]",0.0468238597126314,NA,NA,NA,NA,NA,NA,NA
"EML4.11","EML4.11","EML4.11","RPSPAEK_Phospho:S3","EML4","ENSP00000320663.5__Phospho:S175",-0.543495009826335,-18.8674924855488,3.9903969748338,4.73131214522931e-05,-0.623548959795514,-0.463441059857157,-0.610863091524487,-0.0673680816981517,0,0.0288058951258422,"two.sided","Welch Two Sample t-test","i[x] and i[y]",0.0258175080361201,NA,NA,NA,NA,NA,NA,NA
"OCIAD1.1","OCIAD1.1","OCIAD1.1","LENSPLGEALR_Phospho:S4","OCIAD1","ENSP00000425356.1__Phospho:S53",-0.570017754522044,-14.5002615492349,2.98021924749728,0.000736616219888512,-0.695593524844044,-0.444441984200045,-0.370215191107009,0.199802563415036,0,0.0393108601928715,"two.sided","Welch Two Sample t-test","i[x] and i[y]",0.0470371288140304,NA,NA,NA,NA,NA,NA,NA
"SLC16A7.1","SLC16A7.1","SLC16A7.1","TEDDSSPKK_Phospho:S6","SLC16A7","ENSP00000261187.4__Phospho:S218",-0.606043161268669,-14.3702059170766,3.39409708870067,0.000369269840074343,-0.731858698099029,-0.480227624438308,-0.651001353787856,-0.0449581925191875,0,0.0421735892140896,"two.sided","Welch Two Sample t-test","i[x] and i[y]",0.0396145568847144,NA,NA,NA,NA,NA,NA,NA
"TMPO.13","TMPO.13","TMPO.13","MEESFSSK_Phospho:S4","TMPO","ENSP00000340251.5__Phospho:S344",-0.606512236972823,-16.6839238228463,3.49168886904649,0.000187135227868863,-0.713512089754086,-0.49951238419156,-0.71613102608685,-0.109618789114027,0,0.036353093157995,"two.sided","Welch Two Sample t-test","i[x] and i[y]",0.0308124713231203,NA,NA,NA,NA,NA,NA,NA
"DBNL.8","DBNL.8","DBNL.8","YQEQGGEASPQSR_Phospho:S9","DBNL","ENSP00000405343.1__Phospho:S206",-0.637654510055295,-13.0884741874315,3.92067784518222,0.000221847758018561,-0.774005676851336,-0.501303343259255,-0.765541262556304,-0.127886752501008,0,0.0487187811905239,"two.sided","Welch Two Sample t-test","i[x] and i[y]",0.0308124713231203,"KQKERAMSTTSISSP","UP:Q9UJU6",48207,"S269-p, T270-p, T271-p, S272-p, S274-p, S275-p, K280-ac, K280-ub",267,280,"DBNL_S269-p"
"DENR.1","DENR.1","DENR.1","LTVENSPK_Phospho:S6","DENR","ENSP00000280557.6__Phospho:S72",-0.645498224610363,-61.0210811520853,2.36275651828804,7.81067350374652e-05,-0.684930672202174,-0.606065777018552,-0.569627465716977,0.0758707588933856,0,0.0105782823316677,"two.sided","Welch Two Sample t-test","i[x] and i[y]",0.0258175080361201,NA,NA,NA,NA,NA,NA,NA
"HNRNPAB.3","HNRNPAB.3","HNRNPAB.3","GSGGGGGGGGQGSTNYGK_Phospho:S2","HNRNPAB","ENSP00000348093.5__Phospho:S254",-0.670382962884869,-21.659473735141,2.36809572440768,0.000888011506161784,-0.785558405647655,-0.555207520122083,-0.509804749908624,0.160578212976245,0,0.0309510273002257,"two.sided","Welch Two Sample t-test","i[x] and i[y]",0.048090735203035,NA,NA,NA,NA,NA,NA,NA
"NCL.7","NCL.7","NCL.7","AVTTPGK_Phospho:T4","NCL","ENSP00000503707.1__Phospho:T105",-0.671491052689984,-22.5836621897338,3.8706992436549,2.96797388017033e-05,-0.75514348795356,-0.587838617426407,-0.839785952476516,-0.168294899786532,0,0.0297334881760334,"two.sided","Welch Two Sample t-test","i[x] and i[y]",0.0258175080361201,NA,NA,NA,NA,NA,NA,NA
"NCL.2","NCL.2","NCL.2","AAVTPGK_Phospho:T4","NCL","ENSP00000503707.1__Phospho:T83",-0.691112346523435,-9.23259682823757,3.95599641162119,0.000805814654800342,-0.899859944302339,-0.48236474874453,-0.910126362936909,-0.219014016413474,0,0.0748556835504494,"two.sided","Welch Two Sample t-test","i[x] and i[y]",0.0470371288140304,NA,NA,NA,NA,NA,NA,NA
"DBNL.4","DBNL.4","DBNL.4","LRSPFLQK_Phospho:S3","DBNL","ENSP00000405343.1__Phospho:S258;ENSP00000411701.1__Phospho:S282",-0.768164122735822,-21.9766711797246,2.49109604773563,0.000645315627251243,-0.893431340506723,-0.642896904964921,-0.696150006253755,0.0720141164820672,0,0.0349536158799391,"two.sided","Welch Two Sample t-test","i[x] and i[y]",0.0468238597126314,"KQKERAMSTTSISSP","UP:Q9UJU6",48207,"S269-p, T270-p, T271-p, S272-p, S274-p, S275-p, K280-ac, K280-ub",267,280,"DBNL_S269-p"
"TRIM2;NA.2","TRIM2;NA.2","TRIM2;NA.2","SPGSGHVK_Phospho:S1","TRIM2;NA","ENSP00000501760.1__Phospho:S242",-0.771838386292319,-10.9489662441983,3.89309623503282,0.000456457190403478,-0.969699541224571,-0.573977231360068,-0.180567119313375,0.591271266978944,0,0.0704941790008079,"two.sided","Welch Two Sample t-test","i[x] and i[y]",0.0396670635990541,NA,NA,NA,NA,NA,NA,NA
"DBNL.7","DBNL.7","DBNL.7","YQEQGGEASPQR_Phospho:S9","DBNL","ENSP00000411701.1__Phospho:S231",-0.807255417303332,-14.3886834915551,3.51095015950901,0.000301935958942664,-0.971965432950154,-0.642545401656511,-0.965006303533617,-0.157750886230284,0,0.056103493956005,"two.sided","Welch Two Sample t-test","i[x] and i[y]",0.0372607442451874,"KQKERAMSTTSISSP","UP:Q9UJU6",48207,"S269-p, T270-p, T271-p, S272-p, S274-p, S275-p, K280-ac, K280-ub",267,280,"DBNL_S269-p"
"NCL.4","NCL.4","NCL.4","ALVATPGK_Phospho:T5","NCL","ENSP00000503707.1__Phospho:T120",-0.821582561578398,-19.38628294129,3.70051442367385,7.40193126366903e-05,-0.943099552462235,-0.700065570694562,-0.917316257389083,-0.0957336958106845,0,0.0423795816901312,"two.sided","Welch Two Sample t-test","i[x] and i[y]",0.0258175080361201,NA,NA,NA,NA,NA,NA,NA
"CAP1","CAP1","CAP1","GYADSPSK_Phospho:S5","CAP1","ENSP00000344832.3__Phospho:S33",-0.983722925598134,-25.6596585042033,2.86030285129126,0.000180375377410921,-1.10917071550739,-0.858275135688881,-1.25365312730302,-0.269930201704882,0,0.0383373350598953,"two.sided","Welch Two Sample t-test","i[x] and i[y]",0.0308124713231203,"MHRGYADSPSKGAAP","UP:Q01518",51901,"Y31-p, S34-p, S36-p",30,37,"CAP1_S34-p"
"NPM1.10","NPM1.10","NPM1.10","MQASIEK_Phospho:S4","NPM1","ENSP00000296930.5__Phospho:S253;ENSP00000429485.2__Phospho:S189",-1.25964884716029,-21.2297772230268,3.64825015012451,5.89533797238645e-05,-1.43084379314537,-1.08845390117521,-1.60020446032603,-0.340555613165743,0,0.0593340586633201,"two.sided","Welch Two Sample t-test","i[x] and i[y]",0.0258175080361201,NA,NA,NA,NA,NA,NA,NA
