"","logFC","AveExpr","t","P.Value","adj.P.Val","B","gene"
"COMP",-1.15696846580896,-0.00719033101017611,-8.98189437291733,2.83777690415873e-09,5.04840511249839e-06,11.3021896138418,"COMP"
"GSN",-0.93207357411471,0.0519786972729989,-8.53277419351924,7.51128829082286e-09,6.68129093468693e-06,10.3828871501324,"GSN"
"APOA4",-1.06391693460262,0.00748421751632792,-8.15082655083976,1.7553411858466e-08,1.04091732320704e-05,9.57755658338652,"APOA4"
"CRTAC1",-0.850458064166834,0.0611353705727437,-7.59652386700902,6.2275323903705e-08,2.76969503061728e-05,8.37061830675477,"CRTAC1"
"C9",0.691633427354724,-0.0317997838002389,7.38619300711104,1.01762094611271e-07,2.99960536390581e-05,7.90100985034394,"C9"
"SERPINA1",0.876341622613354,-0.0253851894752994,7.35772018209899,1.08804820207967e-07,2.99960536390581e-05,7.83695592520302,"SERPINA1"
"LUM",-0.856680599124192,0.126505728354976,-7.32315831062267,1.18028316736035e-07,2.99960536390581e-05,7.75905063073998,"LUM"
"ILF2",1.35363241999024,-0.0571096547076405,7.22645014273743,1.48326810232767e-07,3.29841744255116e-05,7.5401754150133,"ILF2"
"CA6",-1.05895300674537,0.0317539084852712,-6.99546403573967,2.57228778568668e-07,4.42487424054486e-05,7.01218591712154,"CA6"
"LBP",0.917073254883404,-0.0229827126729457,6.95867875742078,2.80972793633333e-07,4.42487424054486e-05,6.92743571078382,"LBP"
"APOC1",-1.5065546162766,-0.11404419950289,-6.95831468797184,2.81218660871866e-07,4.42487424054486e-05,6.92659602345088,"APOC1"
"CLEC3B",-0.854012934272645,0.0129935848778908,-6.93354403994428,2.98473810492065e-07,4.42487424054486e-05,6.86942380435915,"CLEC3B"
"SHH",-2.08564392769423,-0.17462200281459,-6.51481866528649,8.25910331351194e-07,0.000113022652267213,5.89099912806058,"SHH"
"CDH13",-0.755396930031819,0.0619886588912372,-6.47884634119613,9.02239298296977e-07,0.00011464883654788,5.80592634741209,"CDH13"
"THBS4",-0.942344383574602,0.0242624281722306,-6.44135746474045,9.8945573938218e-07,0.000117349450690726,5.71710309340693,"THBS4"
"CD99",-0.619194401329967,0.0110246675974652,-6.34655936332549,1.25036100990262e-06,0.000132480176953868,5.4917624056915,"CD99"
"UBE2L6",0.789463172901975,-0.0165963324000957,6.31363701277976,1.35654256736372e-06,0.000132480176953868,5.41326258469794,"UBE2L6"
"SERPINA3",0.81186462041877,-0.0140740690031435,6.2823747962835,1.46586302289901e-06,0.000132480176953868,5.33860808488959,"SERPINA3"
"PSMA4",0.994499787180124,-0.075847309684119,6.27440634115596,1.49513451451222e-06,0.000132480176953868,5.31956186755202,"PSMA4"
"ART3",-0.639499894149649,0.0375935930012929,-6.27399402210197,1.49666521706164e-06,0.000132480176953868,5.31857614964853,"ART3"
"TALDO1",0.68358942792388,-0.0244164310880251,6.25630785302618,1.56384694549254e-06,0.000132480176953868,5.27627666055555,"TALDO1"
"NEGR1",-0.797133736045665,0.012760766537626,-6.22135526356552,1.70577998576128e-06,0.000136694678469318,5.19258035270748,"NEGR1"
"EPHA4",-0.678791172088821,0.0303995861151553,-6.20712128193069,1.7672724029198e-06,0.000136694678469318,5.15845795288043,"EPHA4"
"CRISP3",-0.760644449571602,0.105731403745964,-6.15863858840004,1.99415892954597e-06,0.000147817030652595,5.04206924312619,"CRISP3"
"MADCAM1",-0.799506009905133,-0.0138997894410519,-6.09843510095757,2.31762225304667e-06,0.000164921999526801,4.89719739224116,"MADCAM1"
"EXTL2",-0.572528379872734,0.0829148917891603,-6.07159135070877,2.47857584370659e-06,0.000168170528639556,4.83248036935106,"EXTL2"
"MCAM",-0.706992366353251,0.0627446324208354,-6.05987625182449,2.55233517328162e-06,0.000168170528639556,4.8042136521538,"MCAM"
"ORM2",0.780948961217719,-0.108748785459287,5.95306841218607,3.3366907032302e-06,0.000211999027180233,4.54587285415061,"ORM2"
"CBLN4",-0.916176447217303,0.0561850225440783,-5.91875566145873,3.63750239881719e-06,0.000220003889495308,4.46264456569725,"CBLN4"
"CYB5R2",-0.901553684470135,0.0891396680213652,-5.91091533767172,3.71001499992087e-06,0.000220003889495308,4.44361167588407,"CYB5R2"
"MRC2",-0.711347691240506,0.032706658102001,-5.82029645540725,4.6626405674339e-06,0.00026757540546661,4.22321944717778,"MRC2"
"ISG15",1.81171259656611,-0.242793506800137,5.65017237557812,7.17474643287154e-06,0.000398871059502452,3.80754890295951,"ISG15"
"AFM",-0.580056267928681,0.0640347363810396,-5.52538768078482,9.85683475083219e-06,0.000531373000658499,3.50121988505352,"AFM"
"ORM1",0.793732802749259,-0.101367510632625,5.511127051986,1.02219203119971e-05,0.000534846948089496,3.46614155479111,"ORM1"
"HMCN2",-0.632236784212816,0.115575633712686,-5.44154498914057,1.22092858391445e-05,0.000597341517254549,3.29479089450768,"HMCN2"
"ZG16",-0.605961636936508,0.0506025905067189,-5.43129183608489,1.25334853760514e-05,0.000597341517254549,3.26951575269532,"ZG16"
"ENG",-0.569966279712319,0.0222824608872443,-5.42678347482016,1.26787770092009e-05,0.000597341517254549,3.25840010487008,"ENG"
"PCOLCE",-0.517975070637737,0.00872013722314709,-5.42430413827091,1.27594028418622e-05,0.000597341517254549,3.25228661641504,"PCOLCE"
"LCP1",0.647834904780124,-0.0397096117234116,5.29871841016963,1.7599413829094e-05,0.000796184818546763,2.94215818353718,"LCP1"
"LRP2",-1.4057526522368,0.173581110363319,-6.4522867946823,2.29633908231632e-05,0.00092205852919689,2.94073687727331,"LRP2"
"MACROH2A1",1.25140226546087,0.0320877982788342,5.29207510109252,1.7901850894812e-05,0.000796184818546763,2.92572919647971,"MACROH2A1"
"PSME1",0.848939034475253,-0.0413534863762513,5.27779170505947,1.85699771333506e-05,0.000805755837078796,2.89039875091147,"PSME1"
"C4BPB",0.658783212173225,-0.0113045080713976,5.20991664146431,2.21054222518711e-05,0.00092205852919689,2.72237617241627,"C4BPB"
"IGDCC4",-0.588166058379488,0.0947304149898198,-5.20454620881684,2.24125817175058e-05,0.00092205852919689,2.70907307328264,"IGDCC4"
"ARHGAP35",-0.911368134916672,-0.0619236321631461,-5.1890439021934,2.33235715648454e-05,0.00092205852919689,2.67066552932013,"ARHGAP35"
"SEMA4D",-0.401240833064278,0.0177852090081687,-5.14465650480368,2.61437011469698e-05,0.000981149896418872,2.5606410473802,"SEMA4D"
"WDR87",0.759742595118161,-0.0466130815080042,5.13702563634803,2.66620368732444e-05,0.000981149896418872,2.54171865898118,"WDR87"
"S100A8",0.998050945240098,-0.156147545725173,5.13323519080539,2.69233416117016e-05,0.000981149896418872,2.53231864858391,"S100A8"
"LGALS3BP",0.649907491765182,-0.00676890019765447,5.13177968425207,2.70243647692663e-05,0.000981149896418872,2.52870896922933,"LGALS3BP"
"PGLYRP2",-0.51671336755264,0.137868786662382,-5.10520598016186,2.89373597444291e-05,0.00102959125970679,2.46279284992628,"PGLYRP2"
"LTA4H",0.647771143310844,-0.034979283772102,5.0919519437184,2.99418700974605e-05,0.00104444288045847,2.42990738671184,"LTA4H"
"ATRN",-0.551473236286997,0.0228022829748312,-5.06035446389369,3.24804855567189e-05,0.00110544160218083,2.35148679833429,"ATRN"
"ALB",-0.867661917965819,0.0895487491328317,-5.04573661685833,3.3727122727801e-05,0.00110544160218083,2.31519748772273,"ALB"
"PLXDC1",-0.517300616784013,0.0349013735059076,-5.03946048690275,3.42770256699696e-05,0.00110544160218083,2.29961498383478,"PLXDC1"
"CYRIB",0.664857130813035,-0.0679089835730664,5.03810097193004,3.43973270995696e-05,0.00110544160218083,2.29623941404716,"CYRIB"
"CDH5",-0.5006814047176,0.0537363154435132,-5.03214498388733,3.49293885672146e-05,0.00110544160218083,2.28145058951144,"CDH5"
"PKHD1L1",-0.665109223718995,0.0518372965727968,-5.02674566400298,3.54188708961817e-05,0.00110544160218083,2.26804319277217,"PKHD1L1"
"HRG",-0.659525950433947,0.0455841516612756,-5.01214318523571,3.6777509809373e-05,0.00112805499915301,2.23177921151772,"HRG"
"SERPINA4",-0.707711030245674,0.0561996263432264,-4.99862459000243,3.80819743361586e-05,0.001148268344814,2.19820244946619,"SERPINA4"
"PI16",-0.815132892953186,-0.00269789394484489,-4.98357786662789,3.95886685885809e-05,0.00117380402365142,2.16082542137051,"PI16"
"APOA2",-0.692183496296445,0.0809301527315187,-4.96671261502192,4.13487951701289e-05,0.00120401531706023,2.11892548411471,"APOA2"
"ATP6AP1",0.55982750048022,0.113281685526665,4.96101348721268,4.19611858671919e-05,0.00120401531706023,2.10476535626017,"ATP6AP1"
"AHSG",-0.525260068988827,0.106145562840414,-4.94814888051001,4.33772432955506e-05,0.00122489072734579,2.07279961873009,"AHSG"
"VIL1",-1.34750246563145,-0.0791977699078449,-5.84070157866807,6.08299620035649e-05,0.00148241784115537,2.0620242089076,"VIL1"
"ANTXR1",-0.694021121509357,0.0821675802879869,-4.93452563444508,4.49291836484427e-05,0.00124889090172781,2.03894575907213,"ANTXR1"
"S100A12",0.925284916463929,-0.0479897514766752,4.92355791999327,4.62190430382805e-05,0.00126497965484771,2.01168879905661,"S100A12"
"VIM",0.667236700565248,-0.0451367585826044,4.89421124328048,4.98562088867651e-05,0.00134385144862962,1.93874831666305,"VIM"
"DSC2",-0.389796715659362,0.0928101060403258,-4.88026101925433,5.16846010640532e-05,0.00137234187004404,1.90407180121349,"DSC2"
"WARS1",0.928691467994852,-0.05767887802352,4.86505825536332,5.37538825094887e-05,0.00140629642624089,1.86627967108144,"WARS1"
"TNXB",-0.480641690074417,0.0544388071444637,-4.85505402824866,5.51607324609915e-05,0.0014221875804073,1.84140940655891,"TNXB"
"NCAM2",-0.410720707942409,0.0623742069011598,-4.83557005020405,5.80075955737022e-05,0.00147042058693916,1.79297083738388,"NCAM2"
"F13A1",-0.688601878037966,0.0434425538956978,-4.83107802097117,5.86845765445084e-05,0.00147042058693916,1.78180304722416,"F13A1"
"IGFBP7",-0.685336308239625,0.0215897298183235,-4.81808003858145,6.06884338739654e-05,0.00148241784115537,1.74948787305295,"IGFBP7"
"PPM1A",-0.700777189707497,0.0183845697787739,-4.80975867714953,6.20071930723006e-05,0.00148821806553281,1.72879931193075,"PPM1A"
"PSMA6",0.709635277705262,-0.0650357412928263,4.80520446843143,6.27410651573698e-05,0.00148821806553281,1.71747658727341,"PSMA6"
"STAT1",0.552092713755019,-3.06237235144656e-05,4.79274270677933,6.47939930549098e-05,0.00151669096900901,1.68649391996541,"STAT1"
"PSMA7",1.06281012873891,-0.168192630908725,4.77494896540732,6.78425651444643e-05,0.00156742757651951,1.6422549025556,"PSMA7"
"DNPEP",0.729543400181279,-0.0679636062770123,4.75928489349266,7.06450227513689e-05,0.00161124994198314,1.60331127996815,"DNPEP"
"SRC",-0.806825757908252,-0.0530297227056865,-4.73695878655575,7.48410356965218e-05,0.00168534433549509,1.54780655053082,"SRC"
"SEC22B",0.95794909737411,-0.125751053177324,5.41557345168132,0.000123465213846846,0.00232878657853517,1.41477331250305,"SEC22B"
"QSOX2",-0.689417456314281,0.0943150472832386,-4.67302058356267,8.82903657691181e-05,0.00196335700879076,1.38887384041224,"QSOX2"
"INCENP",0.718728107700211,-0.0902968710202536,4.66770015702723,8.95130234194028e-05,0.00196597121806318,1.37565098411588,"INCENP"
"MX1",1.24527550945577,-0.157373974353602,4.64907925055795,9.39271312025742e-05,0.00203776056596804,1.32937598131477,"MX1"
"IGFBP6",-0.599583539192138,0.0380617669371199,-4.64346858131432,9.52993547060449e-05,0.00204262110869944,1.31543401321434,"IGFBP6"
"NPL",0.904651378176909,-0.103316200412732,4.61516679910357,0.000102532947595048,0.0021715013544237,1.24511610598132,"NPL"
"FSD1",-1.7307967899624,-0.302806263943667,-4.6102902279231,0.000103833662212981,0.00217317747149287,1.2330015946703,"FSD1"
"YWHAH",0.720863049207637,-0.0934262075885629,4.59997657776935,0.000106639181156537,0.00220594306136604,1.20738193216206,"YWHAH"
"GPLD1",-0.642798555691517,0.0698959282005086,-4.58162260821978,0.000111820510692005,0.00228653664966754,1.16179607260153,"GPLD1"
"PSMA5",0.932657087840276,-0.0464296568123998,4.57453066312591,0.000113889289849548,0.00230237553002666,1.1441840995125,"PSMA5"
"MGAT1",0.572244754200521,0.0490376835966545,4.55921150303226,0.000118489448503531,0.00232878657853517,1.10614559244813,"MGAT1"
"CNTN4",-0.392962136209267,0.0889804339943371,-4.55539572107251,0.000119663866859742,0.00232878657853517,1.09667179937467,"CNTN4"
"NECTIN1",-0.481718859328615,0.069468413447004,-4.55353140764038,0.000120241884348028,0.00232878657853517,1.09204325413247,"NECTIN1"
"HSPA4",0.508854579037548,-0.00260151876333972,4.5510431257528,0.000121017705776855,0.00232878657853517,1.08586574047363,"HSPA4"
"PSME2",0.77101346005674,0.0785291590064546,4.53889606745951,0.000124877402493977,0.00232878657853517,1.05571167907604,"PSME2"
"ASGR2",0.638351763051689,-0.0490218854707242,4.53472735371367,0.000126230135142754,0.00232878657853517,1.04536427029197,"ASGR2"
"PSMB10",0.689737635029897,-0.0206464389425983,4.53381649653298,0.000126527647150334,0.00232878657853517,1.04310345327445,"PSMB10"
"LIPC",-0.655788385154434,0.0572385856787234,-4.5324444436352,0.000126977120920692,0.00232878657853517,1.03969796452072,"LIPC"
"TBC1D2",-0.692023375308287,0.0530326826401908,-5.151410976775,0.00019411842153706,0.0029770402751244,0.997807346551657,"TBC1D2"
"CHAD",-0.780266172958771,0.0441353314333879,-4.49129737393649,0.000141223119232041,0.00256363192973266,0.93759965915291,"CHAD"
"PTGES3",0.892304809612459,-0.13170734371199,5.10999664501324,0.000208570862109611,0.00311804675372268,0.931434865363543,"PTGES3"
"ENO1",0.653663424775792,-0.0119829586476405,4.47652800230632,0.0001467165870649,0.00263645260998442,0.900967779245065,"ENO1"
"ISLR",-0.487466293796787,0.0968024818649531,-4.45747796205914,0.000154118137273814,0.00268065535604662,0.853731846083737,"ISLR"
"IHH",-0.448338949246586,0.049940751712326,-4.45591564829756,0.000154741416763705,0.00268065535604662,0.849858659844775,"IHH"
"CTBS",-0.628674583282348,-0.0117039901388515,-4.45574576996977,0.000154809340432062,0.00268065535604662,0.849437514965613,"CTBS"
"LOXL3",-0.618757920532925,0.0902593800112986,-4.45271055213036,0.000156027956106797,0.00268065535604662,0.84191312692553,"LOXL3"
"CNTFR",-0.551694362854587,0.098785950470986,-4.44618264474163,0.000158681358903755,0.00268065535604662,0.825731639825558,"CNTFR"
"FCGR3A",1.37055045441205,-0.154805638338563,4.44141584294692,0.00016064729702476,0.00268065535604662,0.813916814022119,"FCGR3A"
"ITIH3",0.587886581592653,0.0453416102545676,4.43989423169652,0.000161279942015667,0.00268065535604662,0.810145619052147,"ITIH3"
"CDH6",-0.506422367441834,0.0453223500019624,-4.43621526756172,0.000162819836022781,0.00268065535604662,0.801028030769896,"CDH6"
"CLSTN1",-0.339402558593678,0.0435810944490194,-4.43413677431671,0.000163696294799581,0.00268065535604662,0.795877170358214,"CLSTN1"
"HSP90AB1",0.567168107209311,-0.0102317294950868,4.43112200618997,0.000164975925157955,0.00268065535604662,0.788406418432913,"HSP90AB1"
"TXN",0.710443894519319,-0.098423093625649,4.42493305434157,0.000167634174187,0.00268065535604662,0.77307121468822,"TXN"
"COL4A2",-0.566582113875795,0.041260728366832,-4.42372382301603,0.000168158520696933,0.00268065535604662,0.770075151252522,"COL4A2"
"PTPRJ",-0.345164257485801,0.0826885219114976,-4.42155610918935,0.000169102578408511,0.00268065535604662,0.764704470292318,"PTPRJ"
"TYMP",0.635946023271553,0.0350207336260351,4.41888736829945,0.000170272094004086,0.00268065535604662,0.758092767184217,"TYMP"
"RPS12",0.74965157313013,-0.0783264754593922,4.99665427593458,0.000254168144743134,0.00358861213887329,0.748427503695491,"RPS12"
"MYOC",-0.627800863045618,0.0577917404631808,-4.3742121405214,0.00019109058309802,0.00295818630232051,0.647465194292177,"MYOC"
"IQCE",-1.7051320056101,-0.336839437751729,-4.3739372873584,0.000191226208413074,0.00295818630232051,0.646784913061662,"IQCE"
"ROBO1",-0.365127289327828,0.0421160859390054,-4.35182343895049,0.00020245814294125,0.00307840201959388,0.592065480519399,"ROBO1"
"ITGA2",-0.585229119675215,0.0413663944615747,-4.34737860222352,0.000204793775062755,0.00308752649014103,0.581070388194828,"ITGA2"
"PPP1CA",0.597064614070516,-0.0678587591578234,4.32644379095173,0.000216160030136645,0.00320457244677576,0.529300335962593,"PPP1CA"
"FTL",0.878493204271818,-0.0737332047187946,4.31908038340597,0.00022030530081386,0.00323903413345336,0.511097652679814,"FTL"
"GCNT2",-0.909205160304911,-0.131675302525461,-4.8145802377959,0.000350442494225206,0.00458409703843118,0.450365250255332,"GCNT2"
"MGAT5",-0.493725929915864,0.0847129471861327,-4.28010987975932,0.000243596324478287,0.00351946469109308,0.414819400406722,"MGAT5"
"PPP1R7",0.384578615954975,-0.00939050637040966,4.27873523988072,0.000244461129072644,0.00351946469109308,0.411425163414885,"PPP1R7"
"SFTPB",0.925986152856408,-0.126150912406684,4.27738428025381,0.000245314008822677,0.00351946469109308,0.408089525245029,"SFTPB"
"MNDA",0.90777696970435,-0.105877013794887,4.27364444382891,0.00024769047445955,0.00352513083250832,0.398856204855925,"MNDA"
"CPPED1",0.826692410711065,-0.127212391264261,4.25034418526252,0.00026302039688475,0.00368435658313363,0.34135241869398,"CPPED1"
"GPI",0.65114585802159,-0.00166454985260698,4.22966265779444,0.000277414777326528,0.00382439551534926,0.290345075113315,"GPI"
"CTCFL",-1.68692935225592,-0.232759606632518,-4.22770142122907,0.000278819749373914,0.00382439551534926,0.285509722213221,"CTCFL"
"COG4",-1.75778775074887,-0.412619708778584,-4.22680150006923,0.000279466788642723,0.00382439551534926,0.283291101070538,"COG4"
"HPRT1",0.821195997366661,0.09534536158488,4.20285794290132,0.000297240314299755,0.00401344088396191,0.22428528734174,"HPRT1"
"RBP4",-0.822163042329696,0.0190545849126793,-4.2021360513434,0.000297793252772891,0.00401344088396191,0.222506992538238,"RBP4"
"NAGLU",-0.730203726521417,0.0530743006554285,-4.18514775732867,0.000311104265422627,0.00416131194125453,0.1806707307708,"NAGLU"
"CTBP2",-0.700005490112182,0.199319074476438,-4.65224125226893,0.000468349694842358,0.00550987156623625,0.180526709549883,"CTBP2"
"TOR1B",0.752372967310284,0.413828633240884,4.17777889957421,0.000317060040360296,0.00420932695373855,0.162531313820007,"TOR1B"
"FABP4",-0.842723554030002,-0.075163652254345,-4.16346162232221,0.000328956928780291,0.00433492130592694,0.127300773288134,"FABP4"
"PTPRS",-0.454811200536292,0.007605710690485,-4.13185323970856,0.000356811623468531,0.00463334217628115,0.0495864157958765,"PTPRS"
"IGF1",-0.616304834701966,-0.0132304241470621,-4.12604794662965,0.000362175859073471,0.00466891922675148,0.0353231050302538,"IGF1"
"SNED1",-0.351351770908968,0.0441138960900737,-4.12085231215322,0.000367044463367912,0.00469764100957925,0.0225603797115248,"SNED1"
"PSMA3",0.69520700134331,-0.0788598484619022,4.11702251921844,0.000370674652411993,0.00471021576172097,0.0131543900328408,"PSMA3"
"MGAT3",-1.1286499498571,-0.122802371278237,-4.1125684781453,0.00037494130581676,0.00473064243296465,0.00221700638863265,"MGAT3"
"GABARAPL2",0.972825819608237,-0.0788356333733021,4.5186613861437,0.000596056631462183,0.00648642198735411,-0.0442556813500259,"GABARAPL2"
"PRG2",-0.654765666544915,0.051176290569668,-4.08641478239606,0.000400993978658711,0.00501487627855713,-0.0619672364067378,"PRG2"
"ANTXR2",-0.629092236974771,0.139205888510425,-4.08436792107454,0.000403106974611394,0.00501487627855713,-0.066987608710761,"ANTXR2"
"LAP3",1.11584686055278,-0.11811059901032,4.08034735803137,0.000407289579721654,0.00503172334947793,-0.0768476801104168,"LAP3"
"SKP1",0.473435137801241,0.0536382614221344,4.07123712718528,0.000416926576285798,0.00510725943976006,-0.0991836069539511,"SKP1"
"CAT",0.54781287230211,-0.0208549826444778,4.0691690005009,0.000419145518946019,0.00510725943976006,-0.104252929194824,"CAT"
"APOH",-0.593557804232595,0.031920163882994,-4.05660955525813,0.000432874000649716,0.00523865882418942,-0.13502864517366,"APOH"
"RTN4RL2",-0.383880764443316,0.00237319340948359,-4.04336939560481,0.000447828292933999,0.00536139016419939,-0.167454316100104,"RTN4RL2"
"RGMA",-0.57099123293584,0.0396757581431443,-4.04231337829644,0.000449042796214564,0.00536139016419939,-0.170039733644145,"RGMA"
"ITGB1",-0.438600487882235,0.0470055278133365,-4.03853449870192,0.000453415547897869,0.00537750839806872,-0.17929046833246,"ITGB1"
"MMP8",0.909013437207615,-0.0231953349575499,4.02388377129265,0.000470770364287751,0.00550987156623625,-0.215140808295855,"MMP8"
"S100A9",0.816156483411816,-0.0828946813574938,4.02012664759687,0.000475325726718207,0.00552682658713523,-0.224330660602088,"S100A9"
"STAG1",-0.818706298810741,-0.0222320733148046,-4.40038284461605,0.000739248223064211,0.00747228743654109,-0.245250136142712,"STAG1"
"RAD23B",0.709775901387821,-0.1379709802062,4.00604971934167,0.000492784160410117,0.00569261702188051,-0.258748408458431,"RAD23B"
"COL2A1",-0.89327671952406,-3.04857630903945,-4.38946111308169,0.000754154200597564,0.00753730518462397,-0.263898913667291,"COL2A1"
"PTPRG",-0.427424571271439,0.0916906990971591,-3.99716659941784,0.000504125671294085,0.00578606173698179,-0.280455766992102,"PTPRG"
"CILP",-0.682794704281912,0.0597754213136775,-4.37590650591322,0.000773086938169326,0.00759846222653718,-0.28706374930376,"CILP"
"PYCARD",0.774903027160256,-0.0874177103424434,3.98557112255806,0.000519318937918958,0.00592223327280658,-0.30877740362791,"PYCARD"
"TKT",0.564921728133068,-0.00905481346786211,3.98104716871998,0.000525368435893632,0.00595306017487115,-0.319822742579635,"TKT"
"ACBD5",0.431647235604467,-0.0177493987859054,3.97823962234287,0.000529157668566739,0.00595804742012803,-0.326676208686193,"ACBD5"
"SERPINB1",0.657970903033606,-0.0292175075358275,3.9602274218086,0.000554118052101203,0.00619984914898138,-0.370622981914629,"SERPINB1"
"TGOLN2",-0.635236577208639,0.0163297445915861,-3.94495252024593,0.000576193229681326,0.00640320394461584,-0.407860031617344,"TGOLN2"
"VSIG4",0.554439818109765,-0.0437048227956824,3.94271983563038,0.000579491756651574,0.00640320394461584,-0.413300416714447,"VSIG4"
"NLRP6",-0.706791245746305,0.0514766496859278,-3.9332307768512,0.000593719797200183,0.00648642198735411,-0.43641538831266,"NLRP6"
"HP",1.01579220722105,-0.21667461134684,3.93044536112814,0.000597961329919097,0.00648642198735411,-0.443198375245743,"HP"
"PSMB6",0.745739093686097,-0.110410258210454,3.92764453670951,0.000602256459472216,0.00649341964485498,-0.450017882353361,"PSMB6"
"VWF",0.403294414803771,-0.00267867777864469,3.9210223686059,0.000612533097485542,0.00656443602666735,-0.466137656125058,"VWF"
"BID",0.584260677121382,0.0455172466268104,3.90781423323417,0.000633549275938939,0.00674900695745732,-0.498272017233009,"BID"
"SELENOP",-0.466778159950712,0.0219345940540599,-3.90224790301888,0.00064261762807343,0.00680486166870615,-0.511807572898069,"SELENOP"
"LRG1",0.492192185805455,0.00853011776149626,3.89681823813825,0.000651586557331732,0.00683939542175512,-0.525006820366836,"LRG1"
"EPB41",-0.494611106441265,-0.00402448461587069,-3.89296681251525,0.000658023166771211,0.00683939542175512,-0.534367046012531,"EPB41"
"PLIN3",0.38095137745446,0.127796561182694,3.8918299685958,0.000659935040327554,0.00683939542175512,-0.537129566475094,"PLIN3"
"PSMA1",0.744092920125075,-0.0662624770219887,3.89055461938407,0.000662086358636486,0.00683939542175512,-0.540228445399043,"PSMA1"
"LDHA",0.438524137497607,-0.0302017373727649,3.88877408482037,0.000665101409760335,0.00683939542175512,-0.544554468862962,"LDHA"
"CFD",-0.370888317505385,0.0509349340371816,-3.88637090537851,0.000669192272010487,0.00684191409141757,-0.550392599867485,"CFD"
"FN1",-0.574136534334754,0.0672661585763421,-3.87179584657865,0.000694539364959541,0.00706048874436013,-0.58578335701378,"FN1"
"ENSA",0.672705965785594,-0.121931987207591,4.16381535549841,0.00114255257471088,0.00952744171198072,-0.652340759381767,"ENSA"
"HSPG2",-0.316727722938089,0.0807034413145797,-3.84157978611225,0.00075013681472683,0.00753730518462397,-0.659058393739358,"HSPG2"
"GOLM1",0.784354803698204,-0.147341137142336,3.83713187600329,0.000758682550504513,0.00754020255501412,-0.669833700507093,"GOLM1"
"GPSM3",0.679402775571142,0.112916478914189,4.15034346484736,0.00117144738130496,0.00960370917668905,-0.675712218217156,"GPSM3"
"LYVE1",-0.465293115489181,0.106523963323708,-3.83258398111593,0.000767519429812512,0.00758565036464699,-0.680848246711134,"LYVE1"
"PSMB3",0.873517654825896,-0.0325036320398467,3.81426254057712,0.000804156461960299,0.00786040849355699,-0.725190065187567,"PSMB3"
"CRP",0.983230906516051,-0.158068161680309,3.80883621084234,0.000815333790159506,0.00789955856024408,-0.73831333486466,"CRP"
"CNDP2",0.84094140759247,-0.00708359748188,3.80801307922409,0.000817042594201749,0.00789955856024408,-0.740303644037852,"CNDP2"
"S100A6",0.770279881868952,-0.121819949834739,3.80561505613573,0.000822040938234222,0.00790492340064151,-0.746101412147357,"S100A6"
"MSTN",-0.503055039782288,0.0339509496578498,-3.79477577395129,0.00084501152345254,0.00808203815269284,-0.772296928578649,"MSTN"
"PON3",-0.516330418252172,0.0815327258788474,-3.79214054504547,0.000850690755082369,0.00808203815269284,-0.778662819350427,"PON3"
"TXNRD1",0.496096573287303,0.0627028125383005,3.78856619184689,0.000858453901288079,0.00808203815269284,-0.78729562817493,"TXNRD1"
"MAN2A1",0.328426867785228,0.0299523884904212,3.78428813285117,0.000867836998320878,0.00808203815269284,-0.797625428900518,"MAN2A1"
"CILP2",-0.450362041259056,0.116450732076201,-3.7838890209646,0.000868717495725917,0.00808203815269284,-0.798588979186706,"CILP2"
"EEF2",0.548383801402113,0.0708566862032412,3.78316647316868,0.000870313772304103,0.00808203815269284,-0.800333316896293,"EEF2"
"CFI",0.431988588498674,0.025656750338016,3.78213630229849,0.00087259464510152,0.00808203815269284,-0.802820161486784,"CFI"
"CNTN1",-0.479937025810158,0.0497812772626208,-3.78024228867254,0.000876803464569824,0.00808203815269284,-0.80739189974366,"CNTN1"
"TTC3",0.453804276581458,0.160112368721223,3.77734766020657,0.000883274383948568,0.00808328125813889,-0.814377819208158,"TTC3"
"SCGB1A1",-0.856035035032051,-0.0285435679247532,-4.07018241682912,0.00135965180106818,0.0105166111047839,-0.815164329679368,"SCGB1A1"
"ANGPTL4",-0.420106594493547,0.0771188150317397,-3.77612319350204,0.000886025770285038,0.00808328125813889,-0.817332560755991,"ANGPTL4"
"APOL3",-1.47438602067599,-0.213413525078158,-3.76259033150125,0.000917000574955232,0.00832318379002734,-0.849972696981538,"APOL3"
"ANP32A",0.799277478684371,-0.0721037728186685,3.7560293090505,0.000932398199121775,0.0084139120565831,-0.865786812612408,"ANP32A"
"CADM1",-0.392768384067228,0.0756948582114971,-3.75249996307004,0.000940785705952824,0.0084139120565831,-0.874290769447081,"CADM1"
"TRHDE",-0.536266951499184,0.0440602894512962,-3.75233262657346,0.000941185215997772,0.0084139120565831,-0.874693916555209,"TRHDE"
"LMNB1",0.759606728907453,-0.060481034601185,3.74823817290858,0.000951012644826445,0.00843830048988288,-0.884556857886008,"LMNB1"
"SERPINA5",-0.608872884486426,0.0682737416778719,-3.74724983484237,0.000953399886715266,0.00843830048988288,-0.88693721125867,"SERPINA5"
"IGFBP3",-0.568801418754588,-0.0217536594322534,-3.74374112828517,0.000961922458551371,0.00844970571408169,-0.895386433547433,"IGFBP3"
"ALAD",0.465540737187672,-0.1597197571337,3.74181988640728,0.000966620751360537,0.00844970571408169,-0.900012070541663,"ALAD"
"APOA1",-0.460620447596971,0.0344699430232331,-3.74087585023037,0.00096893758610043,0.00844970571408169,-0.902284737058496,"APOA1"
"ITIH2",-0.45067955898389,0.0444633440087781,-3.7335371906199,0.000987134795859395,0.0085664039113847,-0.919946768177595,"ITIH2"
"HSPA8",0.483388203501228,-0.0406898232082022,3.72426267250286,0.00101061253576358,0.00872757136467673,-0.942255060946628,"HSPA8"
"NEO1",-0.346227918724164,0.0764358025852959,-3.70690566505817,0.00105603136641922,0.00905069700794288,-0.983965526640272,"NEO1"
"YWHAE",0.534541334320218,-0.0863643877127111,3.7060938303165,0.00105820403465549,0.00905069700794288,-0.985915184552379,"YWHAE"
"IVL",-0.614212439920092,-0.0127835616706496,-3.69664290014454,0.00108382177763535,0.00922217706362864,-1.00860368053163,"IVL"
"CACNA2D1",-0.640876698785573,0.010859856077168,-3.69444986139567,0.00108985259462999,0.00922217706362864,-1.0138662202329,"CACNA2D1"
"ITGA1",-0.352216980263107,0.00720987433115098,-3.69129164091586,0.00109859547692182,0.00922217706362864,-1.02144339559108,"ITGA1"
"PGD",0.638156760397257,-0.0670267389716174,3.69115004575228,0.00109898905985906,0.00922217706362864,-1.0217830687886,"PGD"
"HK3",0.864401505093557,-0.0629165159726327,3.94808189195084,0.00170806247299494,0.012154572557832,-1.02876450160146,"HK3"
"PEBP4",-0.840391423998992,0.0567403750385181,-3.67455822667682,0.00114607786754574,0.00952744171198072,-1.06156087778763,"PEBP4"
"DISP1",0.598699328235239,-0.0474680999669874,3.92769000974311,0.00177463109925391,0.0124388914590842,-1.06456678980593,"DISP1"
"NAP1L4",0.532625214699189,0.0336852634497236,3.67235469959875,0.00115247848493375,0.00953608941719601,-1.06684002861694,"NAP1L4"
"CD93",-0.511323462835681,0.0306054061529747,-3.67018307869633,0.00115882067863841,0.00954417586711912,-1.07204189253176,"CD93"
"GALNT7",-0.566445621060065,0.00171772026134401,-3.91310242314451,0.00182387858624976,0.0125762790889082,-1.09019968521064,"GALNT7"
"SEMA3A",-0.48510894763163,0.0423987486616071,-3.66095157182377,0.00118616486133932,0.00966596694956395,-1.0941454547361,"SEMA3A"
"SDC1",0.723436598546103,-0.105404137359456,3.65970404050181,0.00118990824168325,0.00966596694956395,-1.09713131824884,"SDC1"
"LILRA3",0.897931563777101,-0.0994232225890696,3.65667455356714,0.00119904683237799,0.00969592870363838,-1.10438097309759,"LILRA3"
"PDGFRB",-0.467729647363828,0.0475152407418808,-3.64992530760394,0.00121965403845064,0.00978609233172631,-1.12052612654981,"PDGFRB"
"NAGK",0.416815354260564,0.0995836510690327,3.64942390715146,0.00122119870581408,0.00978609233172631,-1.12172521582834,"NAGK"
"FTH1",0.757927061459402,-0.0797345643564955,3.64594662906642,0.00123196399483586,0.00982808944759189,-1.1300397902328,"FTH1"
"SAR1B",0.735748524374161,-0.132222883142104,3.88484391105128,0.0019233008248898,0.0130593594178586,-1.13990385279156,"SAR1B"
"PGK1",0.525046242310483,-0.0393610002781273,3.64054884883031,0.00124885921767987,0.00991839530469863,-1.14294210329917,"PGK1"
"CAND1",0.450951874038037,0.0213307250555168,3.63680896590388,0.00126069793850228,0.00992950226959694,-1.15187838798142,"CAND1"
"CAPN1",0.354770295551283,-0.0196093434005941,3.6365817426797,0.0012614207492574,0.00992950226959694,-1.15242124425578,"CAPN1"
"TF",-0.44596718315428,0.0310824014876311,-3.61503374315388,0.00133184052809119,0.0104376400857896,-1.20385739890926,"TF"
"IGLV3-25",1.10386619930553,-0.16894279602072,3.61271182289954,0.00133965433355022,0.0104528292078327,-1.20939470533215,"IGLV3-25"
"GPNMB",-0.446898587562957,0.197891511050023,-3.60749910732044,0.0013573599816283,0.0105166111047839,-1.22182222050423,"GPNMB"
"ADGRG2",-0.406554116670093,-0.024704038462887,-3.60300854205369,0.00137279603669974,0.0105723123345837,-1.23252389643838,"ADGRG2"
"RPIA",0.696343019719877,-0.052329196269487,3.59783019365127,0.00139080940705402,0.0106648704101255,-1.24485983422623,"RPIA"
"IL1R2",-0.431560177490083,0.0514840917967976,-3.59447170996474,0.0014026154985973,0.0107092402231957,-1.25285768667683,"IL1R2"
"FEN1",-1.12767701317491,-0.0537757124384755,-3.58953527513777,0.0014201465373116,0.0107967550849459,-1.26460926757914,"FEN1"
"CAPZA2",-0.496816385788421,0.00375313702815548,-3.57035492214975,0.00149031751092763,0.0112820206465543,-1.31022417213754,"CAPZA2"
"FAP",-0.532230792130882,0.0769396511387992,-3.56673777799495,0.0015039251610151,0.0113367917857876,-1.31881831254274,"FAP"
"IGFBP5",-0.46542769129584,0.0390727507487083,-3.55908182825562,0.00153312809153836,0.0114312896757859,-1.3369997752922,"IGFBP5"
"PODXL",-0.377804134487771,-0.000153871737637407,-3.55861666726911,0.00153492013610797,0.0114312896757859,-1.33810406572076,"PODXL"
"IGHV1-24",0.984716371177406,-0.178820168582756,3.55840450234537,0.00153573818578575,0.0114312896757859,-1.33860772992227,"IGHV1-24"
"NAP1L1",0.594122502051551,-0.0624852747411206,3.55643374424603,0.00154335725390278,0.0114401356445543,-1.34328573196004,"NAP1L1"
"CTSS",-0.397741652467678,-0.0347018869088513,-3.55470466557256,0.00155007235379468,0.0114422353419118,-1.34738940964878,"CTSS"
"MMP2",-0.404914606502567,0.0468428029914286,-3.54945109377604,0.00157065070883524,0.0115462297975946,-1.3598541505767,"MMP2"
"CCT7",0.438320105731203,-0.0234180403265903,3.54283633201517,0.00159694034966592,0.0116911805845913,-1.37554046233183,"CCT7"
"SNX3",0.672986724692451,-0.188002663926484,3.74786249363813,0.00248992556034476,0.0158766221213381,-1.38168217713788,"SNX3"
"MEGF9",-0.397521845778264,0.0362218876458257,-3.53940751004698,0.00161073629704232,0.0117438519362225,-1.38366806834008,"MEGF9"
"APOM",-0.333934972860035,0.0961298377169555,-3.53685697452387,0.00162107378596203,0.0117709806743937,-1.3897122299606,"APOM"
"HEG1",-0.335545421195037,0.0491278149987803,-3.53403102107976,0.00163260314946769,0.0118065081418822,-1.39640749442424,"HEG1"
"FKBP5",0.544606410056463,-0.0311616669618124,3.7362692402429,0.00254510470907644,0.0159353235445889,-1.40220266580863,"FKBP5"
"LRIG2",-0.637792485224655,0.048820843844687,-3.73280500737415,0.00256183391441957,0.0159353235445889,-1.40833607451273,"LRIG2"
"LSAMP",-0.461262671806591,0.0392285175662177,-3.52888063084209,0.00165382185342393,0.0119115347256728,-1.40860556118908,"LSAMP"
"SDK1",-0.416222515081882,0.236559903195459,-3.52104843385795,0.00168660555260507,0.0120986745084049,-1.42714454020239,"SDK1"
"CST6",-0.667960896677367,0.0161523831707839,-3.51888802831862,0.00169575944095122,0.0121154861263141,-1.4322560005451,"CST6"
"MYOZ1",-0.70358414285853,0.162272262998166,-3.70444917823019,0.00270305313625118,0.0164747401573384,-1.45856656320864,"MYOZ1"
"CAB39L",1.20705577256373,-0.174449238790791,3.70424134367098,0.00270411699041192,0.0164747401573384,-1.4589348994741,"CAB39L"
"EIF3G",0.714399581298304,-0.0490366892247019,3.502532389951,0.00176664905499374,0.0124388914590842,-1.47092091250255,"EIF3G"
"NOTCH1",-0.453606378404904,0.0538991412553754,-3.50047319521839,0.00177577631726033,0.0124388914590842,-1.47578482644129,"NOTCH1"
"DHX8",-0.499478100718377,0.0250218189521107,-3.50042609404687,0.00177598562709803,0.0124388914590842,-1.47589607095269,"DHX8"
"GOLM2",0.406490669621809,-0.0550110630812774,3.49548414863055,0.00179808091086149,0.0125290188482607,-1.48756540541227,"GOLM2"
"FH",0.882925168460909,-0.0558336799293925,3.49440545756709,0.00180293919345404,0.0125290188482607,-1.49011180051201,"FH"
"KIF2A",1.19930740961021,-0.260706862548093,3.49059166294356,0.00182021876859869,0.0125762790889082,-1.49911275585053,"KIF2A"
"BMP1",-0.373769253412553,0.0960020916561307,-3.48446204653111,0.00184832940791769,0.012695668018091,-1.51357267377712,"BMP1"
"FBXW7",-0.721382415229719,0.209099101354622,-3.47733111234498,0.00188156435755873,0.012874242277296,-1.53038439545753,"FBXW7"
"MAT2A",0.494993959927601,-0.0605596569247678,3.4719930818289,0.00190682326256256,0.0129970826976965,-1.54296189302656,"MAT2A"
"NPEPPS",0.376583728418281,-0.00931159982872461,3.46338298193694,0.00194826234050845,0.0131508530556348,-1.56323576306523,"NPEPPS"
"PSMB4",0.524172657002276,0.0238460497723755,3.4627054830734,0.00195155998127464,0.0131508530556348,-1.5648303434486,"PSMB4"
"ITGB5",-0.395846800400969,0.0106197045959084,-3.46067762852064,0.00196146280269502,0.0131677068905451,-1.56960254630532,"ITGB5"
"HGFAC",-0.416574614757238,0.0537792885129014,-3.45629831337903,0.00198301585150998,0.0132361091331977,-1.57990536158317,"HGFAC"
"SERPING1",0.34474671399918,0.0439020579061124,3.4555881916637,0.00198653239941752,0.0132361091331977,-1.58157559464378,"SERPING1"
"GSS",0.341665389906864,0.0190159041637747,3.45371560881816,0.00199583461550706,0.0132484693320413,-1.58597943620855,"GSS"
"PSMB5",0.616663450878477,-0.0724270761020528,3.44835395411979,0.00202270407824759,0.0133769165620909,-1.59858431912329,"PSMB5"
"YWHAG",0.558616044334644,0.0147317644604888,3.43660982832204,0.00208279383979533,0.0137232971888737,-1.62617115826581,"YWHAG"
"GLOD4",0.420205461059688,0.0531284685906832,3.4214608175906,0.00216287312479194,0.0141983442398703,-1.66170931564692,"GLOD4"
"ILF3",0.505180715345628,0.0532635155438734,3.41811136753208,0.00218097846651445,0.0142645613673868,-1.66955963448985,"ILF3"
"C19orf18",-0.593925439359502,0.0641857022402304,-3.57162424564419,0.00347789936979581,0.019830714675855,-1.69440952557605,"C19orf18"
"CTSB",-0.4445864003934,-0.0250549140148155,-3.40639966677367,0.00224545064762649,0.0146280614646572,-1.69698845860738,"CTSB"
"KIT",-0.546835809478166,0.0305379509931614,-3.40504952704024,0.00225300103502871,0.0146280614646572,-1.70014841445328,"KIT"
"UGP2",0.708375186495136,-0.0185796277588023,3.40328689086783,0.00226289534422914,0.0146388756995768,-1.70427315579726,"UGP2"
"CYP27C1",-0.535685048574529,0.0690331733388755,-3.56579596646794,0.00351666199096092,0.0199240180952849,-1.70477586983647,"CYP27C1"
"PTPRZ1",-0.413901754781969,0.0465060810190145,-3.39789505520528,0.00229342433230829,0.014782615533248,-1.71688600895293,"PTPRZ1"
"NADK",0.605367620255279,0.102449296164745,3.55837713172607,0.00356663821940707,0.0200159286824138,-1.71797302550276,"NADK"
"GAPDH",0.591116662563559,-0.0707753012454024,3.3741106537159,0.00243293292512447,0.0156252262591929,-1.77244063597041,"GAPDH"
"MAT2B",0.727380835719683,-0.0330718778348372,3.52481314493624,0.00380190151921408,0.0208283891490056,-1.77770267676883,"MAT2B"
"PIKFYVE",1.08430762364493,0.188433731485601,3.52216865437649,0.00382109375641537,0.0208519196093955,-1.78241028558884,"PIKFYVE"
"PPIC",-0.654617927508569,0.083196779204664,-3.51983567557071,0.00383810674833384,0.0208807091904768,-1.78656352953581,"PPIC"
"CALU",-0.39618570647916,0.00334920264828909,-3.36752104093184,0.00247301930736442,0.0158255444165515,-1.78780815629876,"CALU"
"GALNT5",-0.63291013719297,0.0558581361195396,-3.51637898791093,0.00386345554360906,0.0209545347929284,-1.79271753338128,"GALNT5"
"DENND4C",0.893499947904209,1.2453060910171,3.51462442861499,0.00387638704637769,0.0209607676459146,-1.79584134117959,"DENND4C"
"GHR",-0.698824133358392,0.0339546157530496,-3.36226172260241,0.00250547214754527,0.0158987650292532,-1.80006569193762,"GHR"
"C5",0.362347139206103,0.120191151965415,3.36132875240176,0.00251127204790341,0.0158987650292532,-1.80223939209902,"C5"
"HSP90AA1",0.494364752379049,0.0012201069202952,3.3579295684352,0.00253251373854477,0.0159353235445889,-1.81015723670964,"HSP90AA1"
"PPP1R9B",0.56078077898631,-0.0835152721116526,3.506317693602,0.00393820761065682,0.0211369822398719,-1.81063180228865,"PPP1R9B"
"HTT",0.56121459490167,-0.0964963254621555,3.50546371132758,0.00394461950738475,0.0211369822398719,-1.81215246022695,"HTT"
"NCAM1",-0.373640585936865,0.0433217319041173,-3.35396883640669,0.00255748437122449,0.0159353235445889,-1.81937951297709,"NCAM1"
"ADSS2",0.617604421858542,-0.00763947458758014,3.35331768660152,0.0025616123593784,0.0159353235445889,-1.82089529580713,"ADSS2"
"RASGRP2",0.506913012926934,-0.133175802135474,3.49095278509093,0.00405520209012418,0.021460589834498,-1.83799457222978,"RASGRP2"
"THBS1",-0.538545896364266,-0.0558479202210755,-3.34517661208106,0.00261377132362238,0.0162017393195965,-1.83983763848162,"THBS1"
"OBSCN",-2.02036623101908,-0.627977846476192,-3.48811158910566,0.00407721875385953,0.021460589834498,-1.84305501714938,"OBSCN"
"PKDCC",-0.3227888558549,0.0484584006356669,-3.34151810250378,0.0026375448396402,0.0162923342698608,-1.84834472817877,"PKDCC"
"CHGA",-0.516955618442063,-0.0256734672598255,-3.33756949279431,0.00266343856644727,0.0163953536668155,-1.85752261456346,"CHGA"
"TGFBR3",-0.355665042659215,0.124205985595095,-3.33577642636093,0.00267527808323259,0.0164114472761062,-1.86168900335099,"TGFBR3"
"WBP2",0.679146094860881,-0.187085983551607,3.46658753284547,0.00424799038030017,0.0220970025922632,-1.88139767201049,"WBP2"
"BGN",0.456509853460165,-0.00376470719365233,3.32412886351996,0.00275343683057218,0.016717966285283,-1.88873359657286,"BGN"
"C4BPA",0.295971449465279,0.0324776121969675,3.31480147590788,0.00281761659871324,0.0170494555411934,-1.91036601886649,"C4BPA"
"NECTIN2",-0.606795123298108,-0.0271894205633689,-3.44609266655397,0.0044173227696164,0.0226467354672841,-1.91791612631492,"NECTIN2"
"PPP1R14A",0.782612476515179,-0.0833074681015086,3.30956744835132,0.00285426270565637,0.0172126554351277,-1.92249517775755,"PPP1R14A"
"IL1RAP",-0.46694429275889,0.0129464991564266,-3.30377374922495,0.00289536529440259,0.0173807652921973,-1.93591304124737,"IL1RAP"
"SNX6",0.817048058080505,-0.040509015051282,3.30244951354534,0.00290484000532032,0.0173807652921973,-1.93897866942651,"SNX6"
"CFHR1",-0.53537186972454,0.0147452228747076,-3.30152825520393,0.00291144916080652,0.0173807652921973,-1.94111112910568,"CFHR1"
"PLXNB1",-0.311819456416974,0.128986937594126,-3.29234780219482,0.00297811004637572,0.0176687093153424,-1.96234924765501,"PLXNB1"
"LSR",-0.481237363114616,-0.0735135181073913,-3.29170081772871,0.00298286319895829,0.0176687093153424,-1.96384515299713,"LSR"
"PLA2G15",0.33666086721038,0.0468118036385962,3.29080207808225,0.00298947807977406,0.0176687093153424,-1.96592296386165,"PLA2G15"
"SPON1",-0.326001406953553,0.0523942739634743,-3.28569349508697,0.00302734850536015,0.0178332880497871,-1.97772954021922,"SPON1"
"LILRB1",-0.348923341935459,0.044014056732423,-3.27881087516488,0.0030791042300276,0.0180783050337264,-1.99362523130792,"LILRB1"
"MMRN2",-0.327433200740678,0.18490310475649,-3.25990515688911,0.00322571047365546,0.018876772804714,-2.03722372310832,"MMRN2"
"PCDH18",-0.284405842810646,0.0887242880668936,-3.25662900028769,0.00325179210462882,0.0189201594636744,-2.04476909217807,"PCDH18"
"MARCKS",0.691251873782401,-0.148918037219705,3.25630343403855,0.00325439505108733,0.0189201594636744,-2.04551875021644,"MARCKS"
"HSP90B1",0.406544721526389,0.020498057682259,3.25170889936628,0.00329134426570762,0.0190726431553546,-2.05609518595183,"HSP90B1"
"AKAP12",-0.585776355792281,-0.00183628751730608,-3.36128227311125,0.00519375111644637,0.0255239868402157,-2.069098014717,"AKAP12"
"AOC3",-0.384440660448567,0.0816084823485654,-3.24478742070204,0.00334777262349772,0.0193366477181897,-2.07201729276538,"AOC3"
"OLFM2",-0.581790658744179,-0.00109463501785943,-3.24201323762601,0.00337065077985434,0.0193832885201633,-2.07839531773437,"OLFM2"
"GP5",-0.336825985532362,0.177002216166371,-3.24009175208853,0.00338658529495985,0.0193832885201633,-2.08281169743963,"GP5"
"HNRNPA2B1",0.868743105704403,-0.206874553788063,3.23985731367554,0.00338853441808364,0.0193832885201633,-2.08335046574392,"HNRNPA2B1"
"PDGFD",-0.498747635628778,0.00161063096928676,-3.33839143296169,0.00542599364351863,0.0263020236834323,-2.10991150460449,"PDGFD"
"AK2",0.580415533788382,-0.0437460042438319,3.22738374544738,0.00349381559900837,0.0198578209285492,-2.11199436877865,"AK2"
"TMCC1",-0.659645457917897,0.00550066388624211,-3.22136768736226,0.00354571458014661,0.0200017567312818,-2.1257940062056,"TMCC1"
"PLTP",-0.487786513634652,0.0804130478392814,-3.22054495074456,0.00355286966109333,0.0200017567312818,-2.12768041421868,"PLTP"
"SPARCL1",-0.377139850460022,0.0264263258524553,-3.21154982850726,0.00363201133400492,0.0203187049157068,-2.1482924512582,"SPARCL1"
"CROCC",1.26271229175478,-0.0970902990417998,3.31578019397572,0.00566567385502764,0.027167746059553,-2.1502261045097,"CROCC"
"GLCE",-0.466412705044259,-0.00999437130422146,-3.20907602189078,0.00365407291131683,0.0203780429756509,-2.15395710614604,"GLCE"
"CTHRC1",-0.845792871896919,-0.0257508172260239,-3.20288860832291,0.00370981978366794,0.0206149111341612,-2.16811779356608,"CTHRC1"
"SLC39A14",0.43482535099588,0.104771778526252,3.20179886638764,0.00371972258238659,0.0206149111341612,-2.17061068201733,"SLC39A14"
"GDI2",0.440088379129573,0.00959509431673685,3.19474818444928,0.00378441247794309,0.0208283891490056,-2.1867316098025,"GDI2"
"PSMB8",0.485621173502033,-0.0899727813946007,3.19447452762141,0.00378694500304973,0.0208283891490056,-2.18735702212067,"PSMB8"
"VASN",-0.24742139952746,0.166473808031948,-3.19252070790342,0.00380507390299427,0.0208283891490056,-2.19182163700285,"VASN"
"BAG6",0.612793136296553,0.0723115193922907,3.28349360460608,0.0060265100859382,0.0285897638476908,-2.20778648519929,"BAG6"
"NAMPT",0.600344890738294,-0.0482289574292638,3.18262441792099,0.00389819019357389,0.0210147889526302,-2.21441849841467,"NAMPT"
"EEF1A1",0.558749216789296,0.0666957538204204,3.1757037045906,0.00396460846434952,0.0211501344186552,-2.23020420968169,"EEF1A1"
"PTX3",0.962949357611827,-0.165602048508083,3.17505893262181,0.00397085154346871,0.0211501344186552,-2.23167418559172,"PTX3"
"HYAL1",-0.366517409190279,0.072315451356415,-3.16744941316881,0.0040452501943529,0.021460589834498,-2.24901350011949,"HYAL1"
"SUSD2",-0.572060425030919,0.0306667396771977,-3.16301400341212,0.00408923237767674,0.021460589834498,-2.25911235899138,"SUSD2"
"ZNF185",-0.85552420717913,0.0612624967425011,-3.16299169760242,0.00408945472394312,0.021460589834498,-2.25916313185468,"ZNF185"
"LZIC",0.507293864920427,0.132765091615201,3.25145998755858,0.00640736179930278,0.0300757167307642,-2.2648846703664,"LZIC"
"PLCH1",0.551097543207193,0.0496491508548056,3.24541147406223,0.00648194260847361,0.0302497214142083,-2.27566405229117,"PLCH1"
"SMPD2",1.02809333040321,-0.15180612223193,3.24432404290762,0.00649544327162877,0.0302497214142083,-2.27760195272893,"SMPD2"
"UBA1",0.450960707068025,-0.083741144170603,3.15287628261353,0.00419149380182325,0.0219313749218928,-2.28217288889982,"UBA1"
"PDCL3",0.492149913778952,-0.0402279469713561,3.23915213329207,0.0065600409873701,0.0303914398868005,-2.28681846057814,"PDCL3"
"CR2",-0.457562961044106,0.0647055519759964,-3.14788723376645,0.00424271819770534,0.0220970025922632,-2.29351042788448,"CR2"
"APOF",-0.359727882911835,0.0454598794842272,-3.1457571255738,0.00426477170037611,0.0221196176529711,-2.29834881021236,"APOF"
"F13B",-0.281888977784779,0.0549694153981765,-3.14288005100484,0.00429473375006272,0.0222102655272139,-2.30488172126055,"F13B"
"OMD",-0.541690274996993,0.171877439547106,-3.13894803439728,0.00433600947403401,0.0223085852954371,-2.3138060609414,"OMD"
"SBSN",-0.388892005979656,-0.000932049943361207,-3.13868108903227,0.00433882547061339,0.0223085852954371,-2.31441176805849,"SBSN"
"LILRB5",-0.597755500497282,0.152744922923578,-3.12786982442784,0.00445436179380587,0.0227232900199133,-2.33892482605073,"LILRB5"
"PYGL",0.670004083117192,-0.0783570091328135,3.1275521362629,0.00445780113375477,0.0227232900199133,-2.33964460645385,"PYGL"
"SLC25A30",-1.24060081080035,-0.106562309571583,-3.20733304507465,0.00697189661401583,0.0318147244319512,-2.34350865461522,"SLC25A30"
"MYDGF",0.465656570767004,-0.119359908292936,3.20713346170236,0.00697456016214782,0.0318147244319512,-2.34386416520553,"MYDGF"
"PRTN3",0.796902245965155,0.0283505723351988,3.12440256461229,0.00449203718234151,0.0227915822739764,-2.34677887912018,"PRTN3"
"BTD",-0.376943237310057,0.102007172509705,-3.12396426878196,0.00449682146046415,0.0227915822739764,-2.34777144910051,"BTD"
"DENR",0.490060778706529,-0.176400559698082,3.19953591067208,0.00707671579548395,0.0319810107014102,-2.35739662975934,"DENR"
"SCGB3A1",-1.01808185188749,0.173922455705276,-3.19643236436647,0.00711887590655336,0.0319810107014102,-2.36292409926411,"SCGB3A1"
"EEF1G",0.398541390651363,0.000790955448925089,3.11399798410768,0.0046069400328434,0.0232453092080206,-2.37032541979037,"EEF1G"
"TTR",-0.27520587005291,0.0866555469984464,-3.11350304393966,0.00461247563262016,0.0232453092080206,-2.37144469158538,"TTR"
"EIF2S2",0.471887135845687,-0.0848674463013596,3.18672656026643,0.00725235575242216,0.0323356914374913,-2.38020854391816,"EIF2S2"
"ITM2B",0.298844248083585,0.124964022868127,3.10835261336795,0.00467046029572383,0.0234710419946121,-2.38308756010972,"ITM2B"
"ELOC",0.432378132059929,-0.01665806348534,3.18116332864101,0.00732999211463876,0.0325255119556273,-2.39011449154578,"ELOC"
"NTRK2",-0.447207332933875,0.104248262137307,-3.10261392053433,0.00473589184774752,0.0237328214004024,-2.39605061268966,"NTRK2"
"USP14",0.499072577376816,-0.121429927823217,3.10138374653357,0.00475003213317574,0.0237368178789878,-2.39882811137804,"USP14"
"KYNU",0.570419143131762,-0.0536731415588976,3.09865518888805,0.00478154038166951,0.0238273398851262,-2.40498700234676,"KYNU"
"CD109",-0.433684847246369,0.0470989066267405,-3.09513681308677,0.00482246522559975,0.0239504958348436,-2.41292525755283,"CD109"
"AMPD2",0.46473591540558,-0.0714374843443411,3.09422034053146,0.00483318044109549,0.0239504958348436,-2.4149923959373,"AMPD2"
"DSG2",-0.287372395681007,0.0835035994179734,-3.08535463603446,0.00493802239413834,0.024343121656827,-2.4349757935845,"DSG2"
"GALNS",-0.528411188737794,0.113614598195978,-3.08520763235084,0.00493977904334714,0.024343121656827,-2.43530693424093,"GALNS"
"CXCL12",-0.73301232738125,-0.0135178404805447,-3.15293408202112,0.00773695225626736,0.0337353874115187,-2.44036427072427,"CXCL12"
"PEX1",-1.88035713354223,0.442896751470509,-3.15063744730472,0.00777103936848045,0.0337657723084471,-2.44445119377945,"PEX1"
"APOD",-0.365980218578397,0.0223939423446659,-3.06319524626268,0.00520969165662078,0.0255317946477366,-2.48481509429488,"APOD"
"LAMB2",0.339478866871875,0.0374975573707412,3.06005367380226,0.00524934691057762,0.025655461961312,-2.49186826554562,"LAMB2"
"FLNC",-1.41534395688845,-0.0523836274457264,-3.12158367990951,0.00821545276429721,0.0351630128779292,-2.49613532694698,"FLNC"
"IGFALS",-0.518195611431034,0.0982534324147846,-3.05233666535809,0.00534798774108578,0.0260138964199586,-2.50918035722818,"IGFALS"
"SERPINC1",-0.462995108296345,0.0996530435501842,-3.05203097522005,0.00535193147257159,0.0260138964199586,-2.50986573854142,"SERPINC1"
"MIEN1",0.623342536540489,-0.0324190846257562,3.10730691636818,0.00844305195864608,0.0358477074807431,-2.52151935009007,"MIEN1"
"CLTC",0.524170424309238,0.111285207739723,3.03786258915572,0.00553780489703759,0.026737981451433,-2.54159921208817,"CLTC"
"RDX",0.381603012135773,-0.0211972498769865,3.03724923006713,0.00554598940729555,0.026737981451433,-2.54297150379576,"RDX"
"LAMP2",0.317628436524039,0.090317766610555,3.02990836853678,0.00564484649219204,0.0271410321881342,-2.55938595785593,"LAMP2"
"ITGA2B",-0.563508569312482,0.0203965987804564,-3.02249112958248,0.00574644273007109,0.0274809720881625,-2.57595324562522,"ITGA2B"
"REG1A",-0.46332072094285,-0.0289935154873456,-3.01630967821625,0.00583244543673165,0.0278174810507925,-2.58974639471339,"REG1A"
"ANGPTL8",-0.542332624726448,-0.0491489356279565,-3.01463491174125,0.00585595751363936,0.0278549422908139,-2.59348125219944,"ANGPTL8"
"CMPK1",0.477669513543093,-0.0688318041443171,2.9991941751686,0.00607703965935851,0.0287528020053159,-2.62787126072888,"CMPK1"
"MIA3",0.547236890752048,-0.0132859353179753,2.99430342732522,0.00614871299525581,0.0290147491208491,-2.63874740415529,"MIA3"
"ARHGAP1",0.2827200662027,0.0724291129041441,2.98495976850863,0.0062878932172886,0.0295930212527947,-2.65950356875181,"ARHGAP1"
"NCSTN",0.411626008468659,0.0731092874389961,2.97145978899181,0.0064943055626356,0.0302497214142083,-2.68944022242677,"NCSTN"
"THY1",-0.311214264954473,0.055766471999629,-2.96930701783591,0.00652781282759777,0.0303210940477713,-2.69420829786887,"THY1"
"PSMB2",0.609548407411669,0.0572645136287547,2.96599646985355,0.00657966246404364,0.0304031675935938,-2.70153757075845,"PSMB2"
"HSPA13",0.325219867419916,0.0238270869107979,2.95240473238716,0.00679667982975688,0.0312932351204729,-2.73158883024002,"HSPA13"
"GSTM2",-0.433828504342397,0.126479574622489,-2.9517400379418,0.0068074659874216,0.0312932351204729,-2.73305682135798,"GSTM2"
"INPP5D",-0.402785438568219,0.0715299770214855,-2.94260150149304,0.0069574226063596,0.0318147244319512,-2.75322382150769,"INPP5D"
"QSOX1",-0.261916381625449,0.0577662360514016,-2.93952922454594,0.00700853927430592,0.0318879574654481,-2.75999717678537,"QSOX1"
"CDH1",-0.309438771690606,0.0293976513080756,-2.934611086857,0.00709111262774479,0.0319810107014102,-2.77083313106735,"CDH1"
"PCOLCE2",-0.317894279366038,0.00779139169361224,-2.93406293331448,0.00710037304191497,0.0319810107014102,-2.77204032957304,"PCOLCE2"
"UGGT1",0.258197053925573,-0.000401771941214445,2.93319264652861,0.00711509917434647,0.0319810107014102,-2.77395674409818,"UGGT1"
"B4GAT1",-0.255356692522625,0.115022354948064,-2.93156357286601,0.00714274293106997,0.0320074047213438,-2.77754332525108,"B4GAT1"
"PDXK",0.40717363728905,0.131194838134375,2.92887602138809,0.00718857157572568,0.0321318312392361,-2.78345820637407,"PDXK"
"CHRDL2",-0.401620229529462,0.127337295445877,-2.95897041026926,0.0112135461794891,0.044929951921872,-2.78458120966836,"CHRDL2"
"CDHR2",1.07575718639044,-0.26755816883327,2.92059796865119,0.00733149538741233,0.0325255119556273,-2.80166079336848,"CDHR2"
"CARHSP1",0.586273580831974,0.261978542725286,2.94745412952809,0.0114631062932143,0.0456216243750073,-2.80494029759723,"CARHSP1"
"ABI3BP",-0.342190806409505,0.0374701121145702,-2.91740967238784,0.00738726041053161,0.0326913837570541,-2.80866501614457,"ABI3BP"
"CFHR3",0.788435539322969,-0.170024126756591,2.91461752031821,0.00743642781709399,0.0328273079072214,-2.81479598230489,"CFHR3"
"LGALSL",0.472765843013362,-0.011063699140808,2.90857913285211,0.00754382503072911,0.0332189721031363,-2.82804542196617,"LGALSL"
"ITIH4",0.35823835047242,0.100427839762694,2.90657252860511,0.00757983926925943,0.0332951458271914,-2.83244541357091,"ITIH4"
"ISG20",0.743423081454093,0.147525716302535,2.93177935865336,0.0118116493518958,0.0465929508195681,-2.83263322627879,"ISG20"
"MAPK1",0.437206398023407,0.0427130908281504,2.90484913073015,0.00761090097621677,0.0333492434401222,-2.83622324428229,"MAPK1"
"GOLIM4",-0.342014831837588,0.0577798979372962,-2.90111131148303,0.00767868594971376,0.0335635928858496,-2.8444131670282,"GOLIM4"
"ST13",0.44317115824969,-0.0506972192868805,2.89548066741354,0.00778188119531385,0.0337657723084471,-2.8567408995512,"ST13"
"SACS",0.765726603079202,-0.329583818227949,2.91516985674738,0.012192435320909,0.0476744773263605,-2.86195427047564,"SACS"
"S100B",-0.780858016711547,-0.131315471982926,-2.91513257131771,0.0121933036444598,0.0476744773263605,-2.86202006331675,"S100B"
"C2orf88",-0.70095658067133,0.123510637071642,-2.90289161995489,0.0124817107336691,0.0486233459007109,-2.88361320308652,"C2orf88"
"OIT3",0.400732724946977,0.0254049926096854,2.87763833521914,0.00811765678588431,0.0351370107593387,-2.89572855187258,"OIT3"
"RAB11FIP3",0.515282928529194,-0.049240114598048,2.89366264999481,0.0127036049564487,0.0491298113424395,-2.89988390234726,"RAB11FIP3"
"POSTN",-0.538572571884474,0.0698420328997789,-2.87525564498873,0.00816352421954762,0.0351630128779292,-2.90092617670565,"POSTN"
"LYPLA2",0.332452542089932,-0.00646448935904307,2.87423799980353,0.0081831890331616,0.0351630128779292,-2.9031454401439,"LYPLA2"
"FGA",0.316735057298392,0.00385249535913803,2.87304107641224,0.00820637572215358,0.0351630128779292,-2.90575518106514,"FGA"
"KRT19",-0.718055625864089,-0.0175729248634403,-2.87221102220686,0.00822249205015096,0.0351630128779292,-2.90756469898923,"KRT19"
"CDH2",0.284691272039084,0.0175084125059109,2.86574789446546,0.00834901136404621,0.0356184441646,-2.9216455879699,"CDH2"
"ARHGDIB",0.42889010623178,-0.0661149755338219,2.86348679295914,0.00839370810591723,0.0357234610536525,-2.92656807431306,"ARHGDIB"
"CD84",-0.364326560720087,0.0222452093858718,-2.85544532524819,0.00855451499463766,0.0362344813701438,-2.94405915426162,"CD84"
"PTPRB",0.241595176505244,0.0500566611383626,2.85308684156619,0.00860222929326499,0.0363500377974309,-2.94918453180574,"PTPRB"
"CLIC1",0.42106438868396,0.016860831418065,2.83452003288544,0.00898675942494805,0.0378849407985369,-2.9894601639494,"CLIC1"
"BHMT",1.14205608960417,-0.209333477747994,2.82740691461776,0.00913834513244823,0.0384328983229915,-3.00485551832525,"BHMT"
"LTBP1",-0.272664911839003,-0.0244076144509045,-2.82498605490427,0.00919048518213498,0.038561021554288,-3.01009072854341,"LTBP1"
"PCSK6",-0.255063857275793,0.0599876980329215,-2.82172569209489,0.00926115137364472,0.0387660901028564,-3.01713785433581,"PCSK6"
"AMIGO2",-0.510153010290925,0.059357722710815,-2.81986654542098,0.00930167701460803,0.0388443272511448,-3.02115449040258,"AMIGO2"
"CPA3",-0.415665078700901,0.00953433785354868,-2.81777099174348,0.00934755698828397,0.0389445055788224,-3.0256802857725,"CPA3"
"PROZ",-0.477744275588442,0.0405006429336975,-2.8142628495723,0.00942484367359353,0.0391747591012217,-3.03325308516774,"PROZ"
"PON1",-0.354639170067344,0.0662489662214945,-2.81209578992914,0.00947288702410883,0.0392036669941141,-3.03792860593151,"PON1"
"MSN",0.332597798696231,-0.0338425219580065,2.81167569242396,0.00948222727924736,0.0392036669941141,-3.03883477386406,"MSN"
"CHST3",-0.254811674457281,0.0323302507464087,-2.81097124439635,0.00949790920430757,0.0392036669941141,-3.04035414475719,"CHST3"
"KLKB1",-0.32391634886079,0.0236777887279056,-2.80700391417245,0.00958668612049539,0.0394785060378734,-3.04890739557653,"KLKB1"
"ERAP1",0.537939557298624,-0.017285220571036,2.80386630586061,0.00965745136406513,0.0396780738491267,-3.05566751164243,"ERAP1"
"EPS15L1",0.623616838895568,-0.0689955793750561,2.80084448931064,0.00972607163363749,0.0398679295765924,-3.06217453384091,"EPS15L1"
"S100A4",0.597833345647668,0.0226001527897826,2.79904684779128,0.009767111339959,0.0399441174110047,-3.06604379532708,"S100A4"
"PGM1",0.395125633606476,0.0230522370530376,2.77510084815654,0.0103296348967958,0.0421477533977058,-3.11746461738636,"PGM1"
"SERPINI1",0.43792337997845,0.11324448224999,2.7719549574366,0.0104057694016431,0.0423295864521968,-3.12420318282314,"SERPINI1"
"SDF4",-0.298950977799702,0.0119407598721534,-2.77129587857413,0.0104217868836775,0.0423295864521968,-3.12561444596521,"SDF4"
"PSMB1",0.569787977673066,-0.0394586736161464,2.76485327803351,0.0105795901425063,0.0428701767728549,-3.13940066110569,"PSMB1"
"L1CAM",-0.337155887457051,0.00704314383376833,-2.76390205786535,0.0106030791343767,0.0428701767728549,-3.14143472958018,"L1CAM"
"NENF",-0.444501251065054,-0.0559963678226931,-2.75498627969931,0.0108256447802551,0.0436707983312331,-3.1604824269406,"NENF"
"PTPA",0.283722851640422,0.064160715836244,2.7501447214694,0.0109483429703935,0.0440658419554978,-3.17081257014413,"PTPA"
"PPIA",0.5125334231855,-0.0783080874807863,2.7461846847108,0.0110496741378398,0.0443732963684357,-3.17925483469415,"PPIA"
"RANBP1",0.476364375389681,-0.0857158087267389,2.73464920151023,0.0113499077942665,0.0453674070512564,-3.20381071287332,"RANBP1"
"FGL1",0.63703830144543,-0.0455740088610316,2.73374630336363,0.0113737288054302,0.0453674070512564,-3.20573045118006,"FGL1"
"EIF4H",0.307545859387237,-0.0180669726781151,2.72244618070992,0.0116758658831398,0.046364654924343,-3.22972852707541,"EIF4H"
"ITGA6",-0.365798599226911,0.0287911374416131,-2.71700949224431,0.0118239050749767,0.0465929508195681,-3.24125574277699,"ITGA6"
"ART4",0.325648014205472,-0.0294263099459982,2.71659782895344,0.0118351861286908,0.0465929508195681,-3.24212808145718,"ART4"
"TIMP2",-0.33869273097771,0.052238327609996,-2.71649086291158,0.0118381190390359,0.0465929508195681,-3.24235473732928,"TIMP2"
"APRT",0.390701763767537,0.166085995377583,2.71072473244971,0.0119972363467916,0.0471149745274665,-3.25456588938365,"APRT"
"CNTN3",-0.310027353013203,0.02539034142058,-2.69329050707555,0.0124906515326728,0.0486233459007109,-3.29140296002006,"CNTN3"
"EFEMP1",-0.297993162132154,0.063331466668359,-2.69043136159948,0.0125733667412465,0.0488384703770253,-3.29743196961787,"EFEMP1"
"FGFR2",0.59021930627902,-0.0494563549466128,2.68813006774967,0.0126403165605977,0.0489915537283296,-3.30228215639793,"FGFR2"
"ANGPT1",-0.31060504932816,-0.0299538430472672,-2.6841008669988,0.0127583416626484,0.0492344681515216,-3.31076869510661,"ANGPT1"
"KIAA0319L",-0.323968657423531,0.0558465732423261,-2.68141708463123,0.0128375292602787,0.0494328237100344,-3.31641763445989,"KIAA0319L"
"ADA2",0.513631814105682,-0.0482480854429251,2.6755592197556,0.0130119759411099,0.0499963395231846,-3.32873693351456,"ADA2"
