"","Peptide sequence","Master protein(s)","Gene name(s)","Matching gene count","PTM flanking sequence(s)","Protein(s)","set1_PSM count","set2_PSM count","set1_q-value","set2_q-value","set1_PEP","set2_PEP","set1_PTM FLR","set2_PTM FLR","statistic.t","parameter.df","p.value","conf.int1","conf.int2","estimate.mean of x","estimate.mean of y","null.value.difference in means","stderr","alternative","method","data.name","log2fc","adj.p","gene_name","PSPlus_location"
"C3.2","ACEPGVDYVYK_Phospho:Y8","ENSP00000245907.4__Phospho:Y1542","C3","ACEPGVDYVYKTRLV",1,"ENSP00000245907.4;ENSP00000469482.1",3,3,8.7e-05,8.491e-05,0.005682,0.009569,0.00187957670996443,0.00312747908438976,3.48995474763028,8.91774711754673,0.00692749893413202,0.118842643038307,0.558523089033146,0.0474335733910678,-0.291249292644659,0,0.0970450594712427,"two.sided","Welch Two Sample t-test","x[cov] and x[hc]",0.338682866,0.0584095,"C3.2","C3_Y1543-p"
"TF","ADRDQYELLCLDNTR_Phospho:Y6","ENSP00000385834.3__Phospho:Y241","TF","NKADRDQYELLCLDN",1,"ENSP00000385834.3;ENSP00000419338.1",2,2,0.005722,0.003891,0.2043,0.1814,6.7920050732923e-09,1.09239372692101e-08,-3.06863785488358,15.1864441288855,0.00771086453222296,-0.434629795121389,-0.0785560690046234,-0.0946128987328428,0.161980033330163,0,0.0836178604961975,"two.sided","Welch Two Sample t-test","x[cov] and x[hc]",-0.2565929321,0.05898811,"TF","TF_Y242-p"
"SPP1","AIPVAQDLNAPSDWDSRGK_Phospho:S16","ENSP00000237623.7__Phospho:S204","SPP1","NAPSDWDSRGKDSYE",1,"ENSP00000237623.7;ENSP00000354042.4;ENSP00000378517.3;ENSP00000422973.2;ENSP00000477824.2",NA,1,NA,0.007067,NA,0.2505,NA,1.30764456031087e-08,3.64561090028074,4.75638265492519,0.0161701957381591,0.125577205485141,0.759140967479779,0.154592307962054,-0.287766778520406,0,0.121340180996385,"two.sided","Welch Two Sample t-test","x[cov] and x[hc]",0.4423590865,0.0989616,"SPP1","SPP1_S219-p"
"ALB","ALVLIAFAQYLQQCPFEDHVK_Phospho:Y10","ENSP00000295897.4__Phospho:Y53;ENSP00000422784.1__Phospho:Y53","ALB","VLIAFAQYLQQCPFE",1,"ENSP00000295897.4;ENSP00000392541.1;ENSP00000422784.1;ENSP00000480485.1;ENSP00000483421.1",2,2,8.7e-05,0.003425,1.462e-05,0.1695,4.02694957155405e-09,1.28849378818725e-08,-3.31920541692635,8.29012942722923,0.0100356065803762,-0.556971682229558,-0.101957291829763,0.264713154064088,0.594177641093749,0,0.0992600474045837,"two.sided","Welch Two Sample t-test","x[cov] and x[hc]",-0.329464487,0.07489989,"ALB","ALB_Y54-p"
"GSN","ATEVPVSWESFNNGDCFILDLGNNIHQWCGSNSNR_Phospho:T2","ENSP00000362924.4__Phospho:T200;ENSP00000362929.2__Phospho:T149","GSN","GRRVVRATEVPVSWE",1,"ENSP00000362914.3;ENSP00000362924.4;ENSP00000362929.2;ENSP00000377882.3;ENSP00000404226.2;ENSP00000409358.2;ENSP00000445823.1;ENSP00000489067.1",2,2,8.7e-05,8.491e-05,0.006468,0.001827,0.0053462316005172,0.00192413050890836,-6.05207891407876,19.9337837833143,6.55415028614583e-06,-0.75585382929551,-0.368307753331516,-0.042549969450287,0.519530821863226,0,0.092874002354127,"two.sided","Welch Two Sample t-test","x[cov] and x[hc]",-0.5620807913,0.0005013925,"GSN","GSN_T201-p"
"APOH","ATFGCHDGYSLDGPEEIECTK_Phospho:T2","ENSP00000205948.6__Phospho:T230","APOH","LYYKDKATFGCHDGY",1,"ENSP00000205948.6;ENSP00000462260.1;ENSP00000463553.1",5,5,8.7e-05,8.491e-05,1.331e-07,1.323e-07,0.00289982638169593,0.0115274714509751,-6.48676702957557,12.7498830975355,2.24436493043229e-05,-0.737184023695208,-0.368281553030103,-0.145644399242358,0.407088389120297,0,0.0852092862041357,"two.sided","Welch Two Sample t-test","x[cov] and x[hc]",-0.5527327884,0.001144626,"APOH","APOH_T231-p"
"APOH.2","CPFPSRPDNGFVNYPAK_Phospho:Y14","ENSP00000205948.6__Phospho:Y217","APOH","PDNGFVNYPAKPTLY",1,"ENSP00000205948.6;ENSP00000462260.1;ENSP00000463553.1",4,4,0.0007263,0.00108,0.05597,0.1149,0.00212795162577807,0.00365017130609637,-2.71268875224359,13.355011737892,0.0174122603451484,-0.558776545956728,-0.0640769305419238,-0.0589458472266938,0.252480891022632,0,0.114803711996724,"two.sided","Welch Two Sample t-test","x[cov] and x[hc]",-0.3114267382,0.1005312,"APOH.2","APOH_Y218-p"
"KNG1.1","DIPTNSPELEETLTHTITK_Phospho:T4","ENSP00000287611.2__Phospho:T272;ENSP00000493985.1__Phospho:T272","KNG1","GCPRDIPTNSPELEE",1,"ENSP00000287611.2;ENSP00000396025.1;ENSP00000493985.1",NA,1,NA,8.491e-05,NA,0.00382,NA,0.0168992225216627,-2.43593643834842,6.92204848375096,0.0454093523420232,-0.603118510621128,-0.00827044611583228,-0.200798866512964,0.104895611855516,0,0.125493618616643,"two.sided","Welch Two Sample t-test","x[cov] and x[hc]",-0.3056944784,0.1929897,"KNG1.1","KNG1_T273-p"
"SERPINA3.2","DLDSQTMMVLVNYIFFKAKWEMPFDPQDTHQSR_Phospho:T6","ENSP00000376793.3__Phospho:T202","SERPINA3","IKDLDSQTMMVLVNY",1,"ENSP00000376793.3;ENSP00000376795.4;ENSP00000450540.1;ENSP00000452246.3",28,28,8.7e-05,8.491e-05,0.0009985,3.565e-05,0.0415748873680252,0.0440663742507713,6.97233049451388,24.4455532370448,2.96706650938649e-07,0.360769258830546,0.663746813006918,0.338528908166968,-0.173729127751764,0,0.0734701311594162,"two.sided","Welch Two Sample t-test","x[cov] and x[hc]",0.5122580359,4.895375e-05,"SERPINA3.2","SERPINA3_T203-p"
"SERPINA3.7","DLDSQTMMVLVNYIFFK_Phospho:Y13","ENSP00000376793.3__Phospho:Y209","SERPINA3","TMMVLVNYIFFKAKW",1,"ENSP00000376793.3;ENSP00000376795.4;ENSP00000450540.1;ENSP00000452246.3;ENSP00000452476.1",NA,1,NA,8.491e-05,NA,1.267e-06,NA,0.00531909503466971,5.11647062375253,6.99741494601441,0.00137566864001543,0.614873135443909,1.67172457806317,0.64162032746364,-0.501678529289899,0,0.223454592203838,"two.sided","Welch Two Sample t-test","x[cov] and x[hc]",1.1432988568,0.01753978,"SERPINA3.7","SERPINA3_Y210-p"
"GSN.1","DPDQTDGLGLSYLSSHIANVER_Phospho:Y12","ENSP00000362924.4__Phospho:Y408;ENSP00000362929.2__Phospho:Y357","GSN","TDGLGLSYLSSHIAN",1,"ENSP00000362914.3;ENSP00000362924.4;ENSP00000362929.2;ENSP00000377882.3;ENSP00000404226.2;ENSP00000409358.2;ENSP00000445823.1",NA,1,NA,8.491e-05,NA,4.062e-06,NA,0.0138806036838478,-4.06364750585796,4.43337561898386,0.0124199642102367,-0.551151641516473,-0.113812366095617,-0.0142572502965097,0.318224753509535,0,0.0818186132844334,"two.sided","Welch Two Sample t-test","x[cov] and x[hc]",-0.3324820038,0.08445576,"GSN.1","GSN_Y409-p"
"TF.2","DQYELLCLDNTR_Phospho:Y3","ENSP00000385834.3__Phospho:Y241","TF","NKADRDQYELLCLDN",1,"ENSP00000385834.3;ENSP00000419338.1",10,10,8.7e-05,8.491e-05,0.0002945,0.0004675,6.64796947325385e-09,4.34246551296864e-05,-4.29008030039276,22.2688646583571,0.000290316286194837,-0.285930744433342,-0.0996615089455388,-0.0225764594198843,0.170219667269556,0,0.0449399808837586,"two.sided","Welch Two Sample t-test","x[cov] and x[hc]",-0.1927961267,0.007772053,"TF.2","TF_Y242-p"
"CFH;CFHR1","EIMENYNIALR_Phospho:Y6","ENSP00000314299.5__Phospho:Y275;ENSP00000356399.4__Phospho:Y1176","CFH;CFHR1","SREIMENYNIALRWT",2,"ENSP00000314299.5;ENSP00000356394.3;ENSP00000356399.4",NA,1,NA,0.0008738,NA,0.09869,NA,1.28882480988935e-08,-2.63467287575134,4.85695448621585,0.0476173279829401,-0.404723257073338,-0.00318564804050235,-0.0276290614582871,0.176325391098633,0,0.077411679618388,"two.sided","Welch Two Sample t-test","x[cov] and x[hc]",-0.2039544526,0.1969041,"CFH;CFHR1","CFH;CFHR1_Y1177-p"
"FCN3.1","ELLSQGATLSGWYHLCLPEGR_Phospho:S4","ENSP00000270879.4__Phospho:S97","FCN3","RNCRELLSQGATLSG",1,"ENSP00000270879.4;ENSP00000347077.2",NA,1,NA,8.491e-05,NA,0.0002643,NA,0.00519973808402032,2.38834444012931,9.73282075699216,0.0387053251095489,0.0128633716193091,0.391676863111731,0.293599508387099,0.0913293910215793,0,0.0846905136323505,"two.sided","Welch Two Sample t-test","x[cov] and x[hc]",0.2022701174,0.174174,"FCN3.1","FCN3_S98-p"
"APOA1.4","EQLGPVTQEFWDNLEK_Phospho:T7","ENSP00000236850.3__Phospho:T91","APOA1","REQLGPVTQEFWDNL",1,"ENSP00000236850.3;ENSP00000352471.2;ENSP00000364469.1;ENSP00000364472.1;ENSP00000364478.2",3,3,0.0001749,0.000315,0.02213,0.02832,6.97298715179078e-09,1.28720470109056e-08,-6.09669696043211,12.334818877266,4.76547141198551e-05,-0.793572323940561,-0.376626842673307,-0.0797465719897274,0.505353011317206,0,0.0959699304564852,"two.sided","Welch Two Sample t-test","x[cov] and x[hc]",-0.5850995833,0.002083192,"APOA1.4","APOA1_T92-p"
"AFM","ESLLNHFLYEVAR_Phospho:S2","ENSP00000226355.3__Phospho:S156","AFM","AYESNRESLLNHFLY",1,"ENSP00000226355.3",1,NA,0.0001749,NA,0.02461,NA,7.64355521150825e-09,NA,-3.7164249336573,3.07909856919959,0.0324212754506913,-1.09476404527544,-0.0926103804754587,0.0375580435878498,0.631245256463299,0,0.159746859811105,"two.sided","Welch Two Sample t-test","x[cov] and x[hc]",-0.5936872129,0.1503168,"AFM","AFM_S157-p"
"HPX.11","EVGTPHGIILDSVDAAFICPGSSR_Phospho:T4","ENSP00000265983.3__Phospho:T350","HPX","RLEKEVGTPHGIILD",1,"ENSP00000265983.3",4,4,0.0004261,8.491e-05,0.03861,9.366e-05,0.0207410767843789,0.0047885573476327,-4.91007628674544,9.80558229736857,0.000650241136068464,-0.46405363664594,-0.173815695279498,-0.026820428865986,0.292114237096733,0,0.0649551345716707,"two.sided","Welch Two Sample t-test","x[cov] and x[hc]",-0.318934666,0.01170434,"HPX.11","HPX_T351-p"
"C1QB.1","FDHVITNMNNNYEPR_Phospho:T6","ENSP00000423689.1__Phospho:T144","C1QB","IRFDHVITNMNNNYE",1,"ENSP00000404606.2;ENSP00000423689.1",4,4,8.7e-05,0.007588,0.001638,0.2578,0.0003500949794797,0.00533839117029726,-3.13996076999917,14.3309399219173,0.00706258621219735,-0.421443159690966,-0.079802062314536,-0.0560138723881005,0.19460873861465,0,0.0798171153593162,"two.sided","Welch Two Sample t-test","x[cov] and x[hc]",-0.250622611,0.0584095,"C1QB.1","C1QB_T147-p"
"ITIH2.1","FLHVPDTFEGHFDGVPVISK_Phospho:T7","ENSP00000351190.4__Phospho:T228","ITIH2","RFLHVPDTFEGHFDG",1,"ENSP00000351190.4;ENSP00000368906.3;ENSP00000388826.1",NA,1,NA,0.000315,NA,0.0368,NA,2.11525284684289e-05,-3.08407885966536,6.00957214058512,0.0215060760076907,-1.15122229719383,-0.132839419936805,-0.149866067631732,0.492164790933585,0,0.208175889067564,"two.sided","Welch Two Sample t-test","x[cov] and x[hc]",-0.6420308586,0.1141151,"ITIH2.1","ITIH2_T229-p"
"AHSG.4","FSVVYAKCDSSPDSAEDVRK_Phospho:S14","ENSP00000393887.2__Phospho:S137","AHSG","KCDSSPDSAEDVRKV",1,"ENSP00000393887.2",NA,1,NA,0.0002515,NA,0.01614,NA,0.00059675821961175,-5.06857106384613,8.68577097997861,0.000751117824096895,-0.936324841322181,-0.356241596395603,-0.140527759025451,0.505755459833441,0,0.12750797230975,"two.sided","Welch Two Sample t-test","x[cov] and x[hc]",-0.6462832189,0.012769,"AHSG.4","AHSG_S138-p"
"COL4A2","GDEGPIGHQGPIGQEGAPGRPGSPGLPGMPGR_Phospho:S23","ENSP00000353654.5__Phospho:S1474","COL4A2","GAPGRPGSPGLPGMP",1,"ENSP00000353654.5",NA,1,NA,8.491e-05,NA,0.001375,NA,1.07952394128079e-08,-5.26311908950201,7.0701494807199,0.00113285174776268,-1.15866563717844,-0.441281573203624,0.0178816701765857,0.817855275367619,0,0.151996105652765,"two.sided","Welch Two Sample t-test","x[cov] and x[hc]",-0.7999736052,0.01507185,"COL4A2","COL4A2_S1475-p"
"SPP1.2","GKDSYETSQLDDQSAETHSHK_Phospho:S4,S14","ENSP00000237623.7__Phospho:S209_Phospho:S219","SPP1","TSQLDDQSAETHSHK;WDSRGKDSYETSQLD",1,"ENSP00000237623.7;ENSP00000354042.4;ENSP00000378517.3;ENSP00000422973.2;ENSP00000477824.2",NA,1,NA,0.000315,NA,0.02212,NA,0.0407855352295567,5.00955159511296,11.7126798808218,0.000327642495610458,0.384861126535396,0.980180161869054,0.169062907458599,-0.513457736743626,0,0.136243859603733,"two.sided","Welch Two Sample t-test","x[cov] and x[hc]",0.6825206442,0.007772053,"SPP1.2","SPP1_S224-p,S234-p"
"SERPINA3.10","GKITDLIKDLDSQTMMVLVNYIFFKAKWEMPFDPQDTHQSR_Phospho:Y21","ENSP00000376793.3__Phospho:Y209","SERPINA3","TMMVLVNYIFFKAKW",1,"ENSP00000376793.3;ENSP00000376795.4;ENSP00000450540.1;ENSP00000452246.3",6,6,8.7e-05,8.491e-05,1.195e-06,8.951e-07,NA,NA,3.19205194873891,7.97556474492577,0.0128150144994442,0.169082446953019,1.05087528316624,0.178046001495813,-0.431932863563817,0,0.19109302569484,"two.sided","Welch Two Sample t-test","x[cov] and x[hc]",0.6099788651,0.08524771,"SERPINA3.10","SERPINA3_Y210-p"
"ITIH1.5","GMADQDGLKPTIDKPSEGIGCREMLGPR_Phospho:S16","ENSP00000395836.1__Phospho:S180","ITIH1","KPTIDKPSEGIGCRE",1,"ENSP00000395836.1",6,6,8.7e-05,8.491e-05,0.00031,4.78e-05,0.00160030435559985,4.85639691091792e-07,-3.10239729843547,7.70833628797982,0.0152981303754592,-1.15489046048121,-0.166327077474151,-0.232920285481336,0.427688483496346,0,0.212934935609577,"two.sided","Welch Two Sample t-test","x[cov] and x[hc]",-0.660608769,0.09752558,"ITIH1.5","ITIH1_SNA-p"
"VTN.1","GNPEQTPVLKPEEEAPAPEVGASKPEGIDSRPETLHPGR_Phospho:S30","ENSP00000226218.4__Phospho:S136","VTN","SKPEGIDSRPETLHP",1,"ENSP00000226218.4",3,3,0.0005896,8.491e-05,0.04336,7.924e-07,0.00428175153246461,0.0297037655379916,-2.70571187425154,10.4736082334778,0.0212702697638314,-0.605542086260391,-0.0604469001743826,-0.0752253416505134,0.257769151566873,0,0.12307093611344,"two.sided","Welch Two Sample t-test","x[cov] and x[hc]",-0.3329944932,0.1141151,"VTN.1","VTN_S137-p"
"CP.13","GPEEEHLGILGPVIWAEVGDTIR_Phospho:T21","ENSP00000264613.6__Phospho:T459;ENSP00000420545.1__Phospho:T242","CP","IWAEVGDTIRVTFHN",1,"ENSP00000264613.6;ENSP00000418773.1;ENSP00000420545.1",6,6,8.7e-05,8.491e-05,4.513e-05,0.001987,5.72873577432008e-09,1.21930575681923e-08,2.64212038820491,6.38871720830156,0.0362325863379048,0.0282340722811874,0.618058330129812,0.142239134861117,-0.180907066344383,0,0.122305630980369,"two.sided","Welch Two Sample t-test","x[cov] and x[hc]",0.3231462012,0.1654802,"CP.13","CP_T460-p"
"SAA1.1","GPGGAWAAEVITDAR_Phospho:T12","ENSP00000348918.4__Phospho:T76","SAA1","AWAAEVITDARENIQ",1,"ENSP00000348918.4;ENSP00000384906.2;ENSP00000436866.1;ENSP00000500281.1;ENSP00000500630.1;ENSP00000500639.1",3,3,8.7e-05,8.491e-05,0.004655,0.005108,6.49401244813403e-09,1.30447636930677e-08,2.53299138518934,13.8846296414795,0.0240093104260393,0.105362487526038,1.27554562943787,-0.171577708021514,-0.862031766503469,0,0.272584447984747,"two.sided","Welch Two Sample t-test","x[cov] and x[hc]",0.6904540585,0.1224475,"SAA1.1","SAA1_TNA-p"
"C9.1","GTVIDVTDFVNWASSINDAPVLISQK_Phospho:T2","ENSP00000263408.4__Phospho:T447","C9","KEKLLRGTVIDVTDF",1,"ENSP00000263408.4",NA,1,NA,8.491e-05,NA,0.002863,NA,0.00484758092869932,6.18749212462544,4.86858568784311,0.00176818206260905,0.496867457626996,1.21305980081961,0.379638980272561,-0.475324648950739,0,0.138176115945369,"two.sided","Welch Two Sample t-test","x[cov] and x[hc]",0.8549636292,0.02164255,"C9.1","C9_T448-p"
"ALB.7","HPYFYAPELLFFAK_Phospho:Y3","ENSP00000295897.4__Phospho:Y171;ENSP00000422784.1__Phospho:Y171","ALB","EIARRHPYFYAPELL",1,"ENSP00000295897.4;ENSP00000384695.3;ENSP00000392541.1;ENSP00000421027.1;ENSP00000422784.1;ENSP00000426179.1",2,2,8.7e-05,8.491e-05,7.558e-05,0.0002856,0.00252323804159134,0.00546438184177087,-3.29569351657378,7.80913274395636,0.0113041200131187,-1.70706734752426,-0.298074047681609,-0.0462947596902458,0.956275937912689,0,0.304206289984517,"two.sided","Welch Two Sample t-test","x[cov] and x[hc]",-1.0025706976,0.08196935,"ALB.7","ALB_Y172-p"
"AHSG.5","HTFMGVVSLGSPSGEVSHPR_Phospho:S13","ENSP00000393887.2__Phospho:S329","AHSG","VVSLGSPSGEVSHPR",1,"ENSP00000273784.5;ENSP00000393887.2",38,38,8.7e-05,8.491e-05,1.283e-05,7.294e-06,0.0298318926922849,0.00091284609128568,-5.58083434034981,8.45508140376961,0.000428607027977545,-0.803078701619252,-0.336556271652227,-0.137586101834151,0.432231384801588,0,0.102102562427973,"two.sided","Welch Two Sample t-test","x[cov] and x[hc]",-0.5698174866,0.008743583,"AHSG.5","AHSG_S330-p"
"C3.28","IHWESASLLRSEETK_Phospho:S11","ENSP00000245907.4__Phospho:S1320;ENSP00000469744.1__Phospho:S14","C3","ESASLLRSEETKENE",1,"ENSP00000245907.4;ENSP00000469744.1",NA,2,NA,0.0008738,NA,0.1023,NA,0.00415622004332033,4.31878963347636,11.6895523547803,0.00105940470763287,0.28162777885831,0.85853374928431,0.0245267528382558,-0.545554011233054,0,0.13200012328742,"two.sided","Welch Two Sample t-test","x[cov] and x[hc]",0.5700807641,0.01473536,"C3.28","C3_S1321-p"
"POTEA","ILQDEILTTK_Phospho:T8,T9","ENSP00000492265.1__Phospho:T503_Phospho:T504","POTEA","ILQDEILTTKQKQIE;LQDEILTTKQKQIEV",1,"ENSP00000492193.1;ENSP00000492265.1",NA,1,NA,0.008374,NA,0.2735,NA,0.0102471382477596,4.33009840939464,11.6198872119392,0.00105312143170832,0.360232033191149,1.09528106653623,0.46395402657956,-0.263802523284128,0,0.168069286435786,"two.sided","Welch Two Sample t-test","x[cov] and x[hc]",0.7277565499,0.01473536,"POTEA","POTEA_TNA-p,TNA-p"
"SERPINA3.13","ITLLSALVETR_Phospho:S5","ENSP00000376793.3__Phospho:S383;ENSP00000451119.1__Phospho:S165","SERPINA3","AVKITLLSALVETRT",1,"ENSP00000376793.3;ENSP00000376795.4;ENSP00000450540.1;ENSP00000451119.1",1,NA,0.0008047,NA,0.07332,NA,0.00196539348798448,NA,10.3657761998941,6.76221964954566,2.13969852649936e-05,1.41515318819206,2.25939822008548,0.228419538907286,-1.60885616523149,0,0.177244392384002,"two.sided","Welch Two Sample t-test","x[cov] and x[hc]",1.8372757041,0.001144626,"SERPINA3.13","SERPINA3_S384-p"
"MYO5A","LEHSSEGLLSFSLLHHQEVLSGR_Phospho:S21","ENSP00000509068.1__Phospho:S653","MYO5A","LHHQEVLSGRSGKQE",1,"ENSP00000509068.1",NA,1,NA,0.00476,NA,0.1999,NA,1.31720204659892e-08,-6.99157503399327,9.18919567063811,5.7548431375335e-05,-0.441275903049775,-0.226038813715086,0.0475680259958933,0.381225384378324,0,0.0477227744478429,"two.sided","Welch Two Sample t-test","x[cov] and x[hc]",-0.3336573584,0.002201228,"MYO5A","MYO5A_SNA-p"
"SLC25A14","LFVERLEDETLLINMICGVVSGVISSTIANPTDVLK_Phospho:T10,S21,T32","ENSP00000402578.1__Phospho:T139_Phospho:S150_Phospho:T161","SLC25A14","SSTIANPTDVLKIRM;VERLEDETLLINMIC;NMICGVVSGVISSTI",1,"ENSP00000218197.5;ENSP00000342797.3;ENSP00000354455.5;ENSP00000402578.1;ENSP00000444642.2;ENSP00000445225.2;ENSP00000477981.1",NA,1,NA,0.008506,NA,0.2775,NA,0.00732643636150889,2.82951634202826,7.17546768851643,0.0247753910965623,0.0398672488694458,0.433542801441543,0.0918200142509005,-0.144885010904594,0,0.0836556487197451,"two.sided","Welch Two Sample t-test","x[cov] and x[hc]",0.2367050252,0.1242831,"SLC25A14","SLC25A14_T140-p,S151-p,T162-p"
"HPX.17","LLQDEFPGIPSPLDAAVECHRGECQAEGVLFFQGDR_Phospho:S11","ENSP00000265983.3__Phospho:S140","HPX","DEFPGIPSPLDAAVE",1,"ENSP00000265983.3",1,NA,0.001182,NA,0.09496,NA,4.59514905673213e-09,NA,-4.06979327807108,2.74329552375568,0.0316607933904191,-1.00655421141337,-0.0964960364879288,-0.088845448503618,0.462679675447032,0,0.135516741580558,"two.sided","Welch Two Sample t-test","x[cov] and x[hc]",-0.551525124,0.1490493,"HPX.17","HPX_S141-p"
"HPX.18","LLQDEFPGIPSPLDAAVECHR_Phospho:S11","ENSP00000265983.3__Phospho:S140","HPX","DEFPGIPSPLDAAVE",1,"ENSP00000265983.3",5,5,8.7e-05,8.491e-05,0.008243,0.00377,8.4000956842303e-09,8.77987961432526e-09,-3.09300877932082,7.22531387980376,0.0168107517649586,-0.696115227022015,-0.0950597812046771,0.00782352392346665,0.403411028036813,0,0.127897310462924,"two.sided","Welch Two Sample t-test","x[cov] and x[hc]",-0.3955875041,0.09975947,"HPX.18","HPX_S141-p"
"SERPINC1.3","LPGIVAEGRDDLYVSDAFHK_Phospho:Y13","ENSP00000356671.3__Phospho:Y394","SERPINC1","AEGRDDLYVSDAFHK",1,"ENSP00000356671.3",2,2,8.7e-05,8.491e-05,6.081e-05,0.000944,0.00254937015942758,0.00392544288331966,-3.47892318077978,8.42719541652752,0.0076872687332062,-1.13843721607798,-0.235618652475372,-0.128426389965762,0.558601544310911,0,0.197482927496744,"two.sided","Welch Two Sample t-test","x[cov] and x[hc]",-0.6870279343,0.05898811,"SERPINC1.3","SERPINC1_Y395-p"
"BCHE.1","LPWPEWMGVMHGYEIEFVFGLPLER_Phospho:Y13","ENSP00000264381.3__Phospho:Y467","BCHE","WMGVMHGYEIEFVFG",1,"ENSP00000264381.3;ENSP00000419505.1;ENSP00000419804.1",NA,3,NA,0.0003781,NA,0.03986,NA,7.11706137614863e-09,-2.86556371975377,4.0865219473475,0.0445320026839925,-0.854320661499397,-0.0170513616965606,0.289157066806401,0.72484307840438,0,0.152041990409977,"two.sided","Welch Two Sample t-test","x[cov] and x[hc]",-0.4356860116,0.1919267,"BCHE.1","BCHE_Y468-p"
"APOA1.6","LREQLGPVTQEFWDNLEK_Phospho:T9","ENSP00000236850.3__Phospho:T91","APOA1","REQLGPVTQEFWDNL",1,"ENSP00000236850.3;ENSP00000352471.2;ENSP00000364469.1;ENSP00000364472.1;ENSP00000364478.2",6,6,0.0007263,8.491e-05,0.0526,0.01266,7.67536990173367e-09,1.310174247906e-08,-3.6556467604482,7.67963804473741,0.00691130977662128,-1.07534438500182,-0.239727029066722,-0.223871919916595,0.433663787117678,0,0.17986850210704,"two.sided","Welch Two Sample t-test","x[cov] and x[hc]",-0.657535707,0.0584095,"APOA1.6","APOA1_T92-p"
"IGHV3-21","LSCAASGFTFSSYSMNWVR_Phospho:S6","ENSP00000375016.2__Phospho:S43","IGHV3-21","LRLSCAASGFTFSSY",1,"ENSP00000375016.2;ENSP00000487805.1",NA,1,NA,0.0008738,NA,0.09985,NA,0.0140129745625339,3.77704097738159,5.32104123155699,0.0115185685604415,0.107169604269852,0.539235992913097,0.288772759811747,-0.034430038779727,0,0.0855703712315911,"two.sided","Welch Two Sample t-test","x[cov] and x[hc]",0.3232027986,0.08196935,"IGHV3-21","IGHV3-21_S44-p"
"HELQ","LSITTIGNLTELQTDK_Phospho:T10,T14","ENSP00000424186.1__Phospho:T165_Phospho:T169","HELQ","GNLTELQTDKHTENQ;ITTIGNLTELQTDKH",1,"ENSP00000295488.3;ENSP00000424186.1;ENSP00000424539.1",NA,1,NA,0.007852,NA,0.2634,NA,0.00997676501657691,-2.70535086628286,4.9979289360276,0.0425297200253625,-0.889674197097461,-0.0226705303130621,-0.115863443289263,0.340308920415998,0,0.168618558646347,"two.sided","Welch Two Sample t-test","x[cov] and x[hc]",-0.4561723637,0.1859156,"HELQ","HELQ_T166-p,T170-p"
"ALB.9","LVRPEVDVMCTAFHDNEETFLK_Phospho:T11","ENSP00000295897.4__Phospho:T148;ENSP00000422784.1__Phospho:T148","ALB","PEVDVMCTAFHDNEE",1,"ENSP00000295897.4;ENSP00000392541.1;ENSP00000422784.1;ENSP00000480485.1;ENSP00000483421.1",15,15,8.7e-05,0.0001708,0.0009302,0.0138,6.31748364609116e-09,1.40945752192715e-08,-6.61373693534136,8.46647765329918,0.000129289376362114,-1.46120864423605,-0.711021994610639,-0.249455052521676,0.836660266901669,0,0.164221124916467,"two.sided","Welch Two Sample t-test","x[cov] and x[hc]",-1.0861153194,0.004395839,"ALB.9","ALB_T149-p"
"ALB.10","LVRPEVDVMCTAFHDNEETFLK_Phospho:T19","ENSP00000295897.4__Phospho:T156;ENSP00000422784.1__Phospho:T156","ALB","AFHDNEETFLKKYLY",1,"ENSP00000295897.4;ENSP00000392541.1;ENSP00000422784.1;ENSP00000480485.1;ENSP00000483421.1",NA,2,NA,8.491e-05,NA,8.98e-06,NA,0.00192487242834651,-8.75150388816218,5.37379744709067,0.000222777421920087,-1.56012814136818,-0.863014266154226,-0.315888054015937,0.895683149745267,0,0.138441486085614,"two.sided","Welch Two Sample t-test","x[cov] and x[hc]",-1.2115712038,0.006816989,"ALB.10","ALB_T157-p"
"SERPINA7","MGIQHAYSENADFSGLTEDNGLK_Phospho:S8","ENSP00000329374.4__Phospho:S329","SERPINA7","MGIQHAYSENADFSG",1,"ENSP00000329374.4;ENSP00000361644.1",1,NA,8.7e-05,NA,0.006031,NA,0.0278693984544993,NA,-7.97040164091982,5.46132467455764,0.000330185239203846,-0.902195185499721,-0.470495558148594,-0.178436871070253,0.507908500753904,0,0.0861117673544178,"two.sided","Welch Two Sample t-test","x[cov] and x[hc]",-0.6863453718,0.007772053,"SERPINA7","SERPINA7_S330-p"
"HPX.19","NFPSPVDAAFRQGHNSVFLIKGDKVWVYPPEK_Phospho:S16","ENSP00000265983.3__Phospho:S106","HPX","AFRQGHNSVFLIKGD",1,"ENSP00000265983.3",1,NA,8.7e-05,NA,5.671e-06,NA,0.0061564017411417,NA,3.40796830329022,3.7113409893098,0.0304314074358099,0.0692362181185865,0.797847082383041,0.338947730536931,-0.0945939197138828,0,0.12721410872051,"two.sided","Welch Two Sample t-test","x[cov] and x[hc]",0.4335416503,0.1455002,"HPX.19","HPX_S107-p"
"C1S","NFPWQVFFDNPWAGGALINEYWVLTAAHVVEGNR_Phospho:Y21","ENSP00000328173.3__Phospho:Y467","C1S","GGALINEYWVLTAAH",1,"ENSP00000328173.3;ENSP00000354057.5;ENSP00000384171.3;ENSP00000385035.1",1,NA,0.009309,NA,0.2751,NA,1.15867177732827e-07,NA,4.06377156789108,6.61924157555964,0.0053854378135833,0.161841848363402,0.625199855636743,0.141572381760236,-0.251948470239837,0,0.0968363613519479,"two.sided","Welch Two Sample t-test","x[cov] and x[hc]",0.393520852,0.0499377,"C1S","C1S_Y468-p"
"ITIH1.9","NHMQYEIVIK_Phospho:Y5","ENSP00000273283.2__Phospho:Y174","ITIH1","LKRNHMQYEIVIKVK",1,"ENSP00000273283.2;ENSP00000417340.1",3,NA,8.7e-05,NA,0.0145,NA,7.07861549445381e-09,NA,-4.31660036917282,3.08529808896537,0.0216296557260616,-0.806262874176968,-0.128069000917234,-0.0970047744875438,0.370161163059557,0,0.108225431495439,"two.sided","Welch Two Sample t-test","x[cov] and x[hc]",-0.4671659375,0.1141151,"ITIH1.9","ITIH1_Y175-p"
"CLEC3B","NWETEITAQPDGGK_Phospho:T4","ENSP00000296130.4__Phospho:T158","CLEC3B","IAYKNWETEITAQPD",1,"ENSP00000296130.4;ENSP00000396013.1",1,NA,0.005509,NA,0.1903,NA,8.2699275105048e-09,NA,-4.09106888069982,2.88800345859477,0.0283825078988521,-1.684344670888,-0.192102579624934,-0.216183836645182,0.722039788611284,0,0.22933459509388,"two.sided","Welch Two Sample t-test","x[cov] and x[hc]",-0.9382236253,0.1378579,"CLEC3B","CLEC3B_T159-p"
"ORM1","NWGLSVYADKPETTK_Phospho:S5","ENSP00000259396.8__Phospho:S142","ORM1","DEKNWGLSVYADKPE",1,"ENSP00000259396.8",15,15,0.0009586,0.00177,0.0782,0.137,0.0223981922904184,0.0247385219996879,9.05999332226023,13.9595414714664,3.19959143324559e-07,0.945666092582663,1.53248147987276,0.167681084728688,-1.07139270149902,0,0.136763211864994,"two.sided","Welch Two Sample t-test","x[cov] and x[hc]",1.2390737862,4.895375e-05,"ORM1","ORM1_S143-p"
"ITIH1.10","PLLVDVDLQYPQDAVLALTQNHHK_Phospho:T19","ENSP00000273283.2__Phospho:T495;ENSP00000395836.1__Phospho:T48","ITIH1","QDAVLALTQNHHKQY",1,"ENSP00000273283.2;ENSP00000395836.1;ENSP00000443847.1",NA,1,NA,8.491e-05,NA,0.0004423,NA,0.0109827374386351,-4.53765416127466,4.57506124986801,0.00765942650807196,-0.719188347973733,-0.189624686044345,-0.167655404238235,0.286751112770804,0,0.100141284650347,"two.sided","Welch Two Sample t-test","x[cov] and x[hc]",-0.454406517,0.05898811,"ITIH1.10","ITIH1_T496-p"
"UNC5C","QDLLAVPPDLTSAAAMYRGPVYALHDVSDKIPMTNSPILDPLPNLK_Phospho:Y17","ENSP00000426153.1__Phospho:Y467","UNC5C","LTSAAAMYRGPVYAL",1,"ENSP00000406022.1;ENSP00000426153.1;ENSP00000426924.1;ENSP00000483905.1",1,NA,0.001038,NA,0.08197,NA,NA,NA,-8.51236987983214,10.5852947786146,4.66823426933235e-06,-0.699448813790373,-0.410959739354344,0.112834952948121,0.66803922952048,0,0.0652232321210303,"two.sided","Welch Two Sample t-test","x[cov] and x[hc]",-0.5552042766,0.0004761599,"UNC5C","UNC5C_Y449-p"
"C1R.5","QGYQLIEGNQVLHSFTAVCQDDGTWHR_Phospho:Y3","ENSP00000497341.1__Phospho:Y341","C1R","IATCKQGYQLIEGNQ",1,"ENSP00000438636.3;ENSP00000444271.3;ENSP00000497341.1;ENSP00000497938.1;ENSP00000499829.1;ENSP00000499988.1;ENSP00000500036.1;ENSP00000500489.1",1,NA,0.0001749,NA,0.02447,NA,8.13183266876654e-09,NA,-4.50525349280606,10.9993031613573,0.000893590790671071,-0.211624747389531,-0.072713691198587,0.00290127190827075,0.14507049120233,0,0.0315563196435169,"two.sided","Welch Two Sample t-test","x[cov] and x[hc]",-0.1421692193,0.01439151,"C1R.5","C1R_Y342-p"
"LRG1.2","QLDMLDLSNNSLASVPEGLWASLGQPNWDMR_Phospho:S22","ENSP00000302621.4__Phospho:S281","LRG1","VPEGLWASLGQPNWD",1,"ENSP00000302621.4",2,2,8.7e-05,8.491e-05,0.002939,0.004906,0.0298254302651603,0.0117724814153319,4.19097173016677,13.3296903778358,0.00100331012077423,0.162169008861321,0.505452128844367,0.21959938235355,-0.114211186499293,0,0.0796499213893672,"two.sided","Welch Two Sample t-test","x[cov] and x[hc]",0.3338105689,0.01473536,"LRG1.2","LRG1_S282-p"
"CFB;NA.13","QLNEINYEDHK_Phospho:Y7","ENSP00000410815.1__Phospho:Y845;ENSP00000418996.1__Phospho:Y694","CFB;NA","KQLNEINYEDHKLKS",2,"ENSP00000364592.3;ENSP00000364604.3;ENSP00000382862.1;ENSP00000388352.2;ENSP00000389604.2;ENSP00000391902.2;ENSP00000401719.1;ENSP00000410815.1;ENSP00000411474.2;ENSP00000411515.2;ENSP00000413351.1;ENSP00000414341.1;ENSP00000414889.1;ENSP00000416561.2;ENSP00000418996.1",2,2,8.7e-05,8.491e-05,0.0009037,0.005545,7.66253649005217e-09,1.20802942338099e-08,4.05733252703476,7.55505927862215,0.00411139076796929,0.228381680854241,0.844422240476179,0.20737783770359,-0.32902412296162,0,0.132205570307847,"two.sided","Welch Two Sample t-test","x[cov] and x[hc]",0.5364019607,0.04338226,"CFB;NA.13","CFB;NA_Y344-p"
"C3.47","QPVPGQQMTLKIEGDHGAR_Phospho:T9","ENSP00000245907.4__Phospho:T581","C3","PVPGQQMTLKIEGDH",1,"ENSP00000245907.4",NA,1,NA,0.0008738,NA,0.1019,NA,6.27463031277965e-09,3.76533553463078,5.25893220503555,0.011920551067763,0.309085262428816,1.57966485759273,0.29913225643739,-0.645242803573384,0,0.250807677383624,"two.sided","Welch Two Sample t-test","x[cov] and x[hc]",0.94437506,0.08290201,"C3.47","C3_T582-p"
"CFH.16","RNTEILTGSWSDQTYPEGTQAIYK_Phospho:T3","ENSP00000356399.4__Phospho:T29","CFH","ELPPRRNTEILTGSW",1,"ENSP00000352658.2;ENSP00000356399.4;ENSP00000487250.1",1,NA,0.005384,NA,0.1876,NA,0.00873488434465575,NA,3.71759648597954,3.68234465467927,0.0237505134929439,0.0739793713908896,0.577666723526678,0.00512407489637338,-0.320698972562411,0,0.0876434676779973,"two.sided","Welch Two Sample t-test","x[cov] and x[hc]",0.3258230475,0.1224475,"CFH.16","CFH_T30-p"
"FN1.10","RPGGEPSPEGTTGQSYNQYSQR_Phospho:S7","ENSP00000338200.4__Phospho:S2309;ENSP00000352696.1__Phospho:S2340","FN1","RRPGGEPSPEGTTGQ",1,"ENSP00000323534.6;ENSP00000338200.4;ENSP00000346839.4;ENSP00000348285.4;ENSP00000350534.4;ENSP00000352696.1;ENSP00000394423.1;ENSP00000399538.2;ENSP00000410422.1;ENSP00000415018.1;ENSP00000416139.1",NA,1,NA,0.0001708,NA,0.0156,NA,0.00192488631007395,-5.50648619839484,7.74412776246967,0.000637184193532573,-1.33860454115671,-0.545161571762757,-0.472659487168671,0.469223569291064,0,0.171049744342281,"two.sided","Welch Two Sample t-test","x[cov] and x[hc]",-0.9418830565,0.01170434,"FN1.10","FN1_S2432-p"
"FN1.12","RPGGEPSPEGTTGQSYNQYSQR_Phospho:Y19","ENSP00000338200.4__Phospho:Y2321;ENSP00000352696.1__Phospho:Y2352","FN1","TGQSYNQYSQRYHQR",1,"ENSP00000323534.6;ENSP00000338200.4;ENSP00000346839.4;ENSP00000348285.4;ENSP00000350534.4;ENSP00000352696.1;ENSP00000394423.1;ENSP00000399538.2;ENSP00000410422.1;ENSP00000415018.1;ENSP00000416139.1",NA,1,NA,8.491e-05,NA,9.837e-06,NA,0.0420012468219039,-3.68050526270525,4.54053407454885,0.0169525898586579,-1.23812235506683,-0.201358637077599,-0.333904426447112,0.385836069625101,0,0.195554806935173,"two.sided","Welch Two Sample t-test","x[cov] and x[hc]",-0.7197404961,0.09975947,"FN1.12","FN1_Y2444-p"
"TF.3","SAGWNIPIGLLYCDLPEPR_Phospho:S1","ENSP00000385834.3__Phospho:S143","TF","CHTGLGRSAGWNIPI",1,"ENSP00000385834.3;ENSP00000419338.1",2,2,8.7e-05,8.491e-05,0.01703,0.006965,8.26051408452205e-09,0.0001519075806841,-3.38501681845619,10.5253075609177,0.00646733766203037,-0.691860634628914,-0.144826475437781,-0.0372803067664087,0.381063248266939,0,0.123586846822268,"two.sided","Welch Two Sample t-test","x[cov] and x[hc]",-0.418343555,0.05820604,"TF.3","TF_S144-p"
"CANX.1","SDAEEDGGTVSQEEEDRKPK_Phospho:S11","ENSP00000506591.1__Phospho:S561","CANX","EEDGGTVSQEEEDRK",1,"ENSP00000247461.4;ENSP00000391646.2;ENSP00000421107.2;ENSP00000421434.2;ENSP00000421813.2;ENSP00000424063.1;ENSP00000424745.2;ENSP00000426555.2;ENSP00000491760.1;ENSP00000492372.1;ENSP00000492868.1;ENSP00000504923.1;ENSP00000505013.1;ENSP00000505123.1;ENSP00000505129.1;ENSP00000505202.1;ENSP00000505372.1;ENSP00000505470.1;ENSP00000505471.1;ENSP00000505526.1;ENSP00000505960.1;ENSP00000506003.1;ENSP00000506021.1;ENSP00000506051.1;ENSP00000506061.1;ENSP00000506078.1;ENSP00000506168.1;ENSP00000506509.1;ENSP00000506568.1;ENSP00000506583.1;ENSP00000506591.1",NA,1,NA,0.000315,NA,0.02601,NA,0.00192471646159758,-3.63638797066119,9.37945399707201,0.00507108666195348,-0.36783057851928,-0.0867656611986523,0.0291856567691754,0.256483776628142,0,0.0625065646715462,"two.sided","Welch Two Sample t-test","x[cov] and x[hc]",-0.2272981199,0.0499377,"CANX.1","CANX_S564-p"
"PON1.7","SLDFNTLVDNISVDPETGDLWVGCHPNGMK_Phospho:S1","ENSP00000222381.3__Phospho:S260","PON1","WTLTPLKSLDFNTLV",1,"ENSP00000222381.3",NA,1,NA,8.491e-05,NA,0.0006786,NA,0.00667739799681778,-3.55814663142064,5.0863337667993,0.0157846077746426,-0.733726471567438,-0.120050979852535,-0.0245856037192727,0.402303121990713,0,0.119975023496866,"two.sided","Welch Two Sample t-test","x[cov] and x[hc]",-0.4268887257,0.09857326,"PON1.7","PON1_S261-p"
"GFM2","SLGGHVDFTLEVER_Phospho:T9","ENSP00000421717.1__Phospho:T106","GFM2","LGGHVDFTLEVERCL",1,"ENSP00000421717.1",NA,1,NA,0.0003781,NA,0.05349,NA,0.00192439013735274,-4.83092683843923,3.30853981072384,0.0134482751636899,-1.48260857440409,-0.341760423013313,-0.0615114773465782,0.850673021362125,0,0.188821840863028,"two.sided","Welch Two Sample t-test","x[cov] and x[hc]",-0.9121844987,0.08755686,"GFM2","GFM2_TNA-p"
"ITIH1.13","TAFISDFAVTADGNAFIGDIKDKVTAWK_Phospho:T1","ENSP00000273283.2__Phospho:T93","ITIH1","FDLEIPKTAFISDFA",1,"ENSP00000273283.2;ENSP00000417340.1",NA,1,NA,8.491e-05,NA,0.000523,NA,0.0406744024212879,-7.34231648254613,5.78962556596956,0.000384501696074209,-0.681832732574643,-0.338707605986651,-0.103606827686555,0.406663341594092,0,0.0694971635305617,"two.sided","Welch Two Sample t-test","x[cov] and x[hc]",-0.5102701693,0.008404108,"ITIH1.13","ITIH1_T94-p"
"C9.2","TEHYEEQIEAFK_Phospho:T1","ENSP00000263408.4__Phospho:T213","C9","KGEKNFRTEHYEEQI",1,"ENSP00000263408.4",1,NA,0.0003415,NA,0.03622,NA,0.0106313808295782,NA,5.48765587302334,4.00246367934614,0.00536188450958795,0.356068356927684,1.08498159161806,0.0429225252080843,-0.67760244906479,0,0.131299227018751,"two.sided","Welch Two Sample t-test","x[cov] and x[hc]",0.7205249743,0.0499377,"C9.2","C9_T214-p"
"APOA1.8","THLAPYSDELR_Phospho:T1","ENSP00000236850.3__Phospho:T184","APOA1","AHVDALRTHLAPYSD",1,"ENSP00000236850.3;ENSP00000352471.2;ENSP00000364469.1;ENSP00000364472.1;ENSP00000364478.2",NA,1,NA,0.00482,NA,0.2024,NA,0.00491719756576481,-3.31281380639361,5.04932411974649,0.0208664006653294,-0.758963589738507,-0.0968445869504212,-0.121641290711556,0.306262797632909,0,0.129166356261443,"two.sided","Welch Two Sample t-test","x[cov] and x[hc]",-0.4279040883,0.1141151,"APOA1.8","APOA1_T185-p"
"C3.64","TVMVNIENPEGIPVKQDSLSSQNQLGVLPLSWDIPELVNMGQWKIR_Phospho:S31","ENSP00000245907.4__Phospho:S191","C3","QLGVLPLSWDIPELV",1,"ENSP00000245907.4",NA,1,NA,8.491e-05,NA,1.163e-05,NA,0.00063166418000297,2.52692855204252,11.2713485206541,0.0276740648432836,0.0399689983656916,0.567742016290752,0.397310499671351,0.0934549923431295,0,0.120246972191839,"two.sided","Welch Two Sample t-test","x[cov] and x[hc]",0.3038555073,0.1365849,"C3.64","C3_S192-p"
"VTN.8","VDTVDPPYPR_Phospho:T3","ENSP00000226218.4__Phospho:T455","VTN","LRTRRVDTVDPPYPR",1,"ENSP00000226218.4",NA,1,NA,0.005542,NA,0.2256,NA,0.0402367052965963,-3.12344548440956,3.54652407663395,0.0417164568366635,-0.9783847683934,-0.0325651861459734,-0.112176986778666,0.39329799049102,0,0.161832495490229,"two.sided","Welch Two Sample t-test","x[cov] and x[hc]",-0.5054749773,0.1850034,"VTN.8","VTN_T456-p"
"C3.68","VHQYFNVELIQPGAVK_Phospho:Y4","ENSP00000245907.4__Phospho:Y1465;ENSP00000469744.1__Phospho:Y172","C3","LAFKVHQYFNVELIQ",1,"ENSP00000245907.4;ENSP00000469744.1",4,4,8.7e-05,8.491e-05,0.01592,0.01162,6.22862168659864e-09,1.13366700594971e-08,4.04389768048909,8.75398528675571,0.0030827932908677,0.22053637650838,0.786032797060172,0.225855140672978,-0.277429446111298,0,0.12445532170918,"two.sided","Welch Two Sample t-test","x[cov] and x[hc]",0.5032845868,0.03369053,"C3.68","C3_Y1466-p"
"C8G","VQEAHLTEDQIFYFPK_Phospho:Y13","ENSP00000360697.3__Phospho:Y180","C8G","LTEDQIFYFPKYGFC",1,"ENSP00000360697.3",1,NA,8.7e-05,NA,6.098e-06,NA,0.0172080756425267,NA,-5.76803800446944,2.43948989251708,0.017849473073076,-0.938944359005705,-0.212518063985949,-0.105421113093969,0.470310098401859,0,0.099814046136609,"two.sided","Welch Two Sample t-test","x[cov] and x[hc]",-0.5757312115,0.101147,"C8G","C8G_Y181-p"
"AHSG.8","VWPQQPSGELFEIEIDTLETTCHVLDPTPVAR_Phospho:S7","ENSP00000393887.2__Phospho:S73","AHSG","KVWPQQPSGELFEIE",1,"ENSP00000273784.5;ENSP00000393887.2",4,4,8.7e-05,8.491e-05,5.61e-06,0.009001,8.64599722399195e-06,0.00531909503466971,-2.43327616625679,6.55815508391626,0.0475049549167896,-0.847207904566465,-0.00630853473371004,0.0656794597969817,0.492437679447069,0,0.17538421062439,"two.sided","Welch Two Sample t-test","x[cov] and x[hc]",-0.4267582197,0.1969041,"AHSG.8","AHSG_S74-p"
"APOL1.2","WWTQAQAHDLVIK_Phospho:T3","ENSP00000380448.4__Phospho:T235","APOL1","DYGKKWWTQAQAHDL",1,"ENSP00000317674.4;ENSP00000380448.4;ENSP00000380449.4;ENSP00000388477.1;ENSP00000411507.1",1,NA,0.0006684,NA,0.04513,NA,6.53931863247051e-09,NA,5.17199979663514,5.79163321946144,0.00230227981046106,0.476138844446666,1.34558020174096,0.223540532742773,-0.687318990351041,0,0.176113603810737,"two.sided","Welch Two Sample t-test","x[cov] and x[hc]",0.9108595231,0.0260925,"APOL1.2","APOL1_T236-p"
"LGALS3BP","YSSDYFQAPSDYR_Phospho:Y1","ENSP00000262776.2__Phospho:Y441","LGALS3BP","RRGPLVKYSSDYFQA",1,"ENSP00000262776.2",1,NA,8.7e-05,NA,0.0007065,NA,0.0401085476931312,NA,5.73614102792419,3.8977230288433,0.00494999396004533,1.04675046621911,3.05073791875027,0.238022076805559,-1.81072211567913,0,0.357164194972049,"two.sided","Welch Two Sample t-test","x[cov] and x[hc]",2.0487441925,0.0499377,"LGALS3BP","LGALS3BP_Y442-p"
"CFH.28","YYSYYCDEHFETPSGSYWDHIHCTQDGWSPAVPCLR_Phospho:T24","ENSP00000356399.4__Phospho:T374","CFH","YWDHIHCTQDGWSPA",1,"ENSP00000352658.2;ENSP00000356399.4;ENSP00000487250.1",2,2,8.7e-05,8.491e-05,9.966e-08,6.793e-08,0.00556022497973314,0.0327627029827205,3.72632071200033,14.3378931642109,0.00217379453416965,0.239577710907622,0.886013107977252,0.0876950208788167,-0.47510038856362,0,0.151032466859333,"two.sided","Welch Two Sample t-test","x[cov] and x[hc]",0.5627954094,0.02558389,"CFH.28","CFH_T375-p"
