"","Gene_name","Method","Sensitivity","lower.Sensitivity","upper.Sensitivity","Specificity","lower.Specificity","upper.Specificity","Mean.DOR","Median.DOR","lower.Mean.DOR","upper.Mean.DOR","Mean.Pos.LR","Median.Pos.LR","lower.Pos.LR","upper.Pos.LR","Mean.Neg.LR","Median.Neg.LR","lower.Neg.LR","upper.Neg.LR","AUC","Method.1","DOR","lower.DOR","upper.DOR","lnDOR","lower.lnDOR","upper.lnDOR","tau.2","lower.tau.2","upper.tau.2","tau","lower.tau","upper.tau","I.2","Q","p.value","df","k.study"
"IGHV3-64","IGHV3-64","Bivariate model, Reitsma 2005",0.665,0.534,0.775,0.652,0.516,0.767,3.79,3.72,2.57,5.38,1.93,1.9,1.51,2.5,0.518,0.517,0.397,0.647,0.704,"Univariate model, Glas 2003",3.609,2.483,5.246,1.284,0.909,1.658,0,0,0.178,0,0,0.422,0,2.188,0.902,6,7
"IGHV3-35","IGHV3-35","Bivariate model, Reitsma 2005",0.641,0.545,0.727,0.755,0.526,0.896,6.15,5.52,2.22,13.8,2.87,2.61,1.42,5.8,0.49,0.482,0.373,0.653,0.691,"Univariate model, Glas 2003",4.794,2.382,9.652,1.567,0.868,2.267,0.079,0,20.01,0.281,0,4.473,0,2.961,0.398,3,4
"CD5L","CD5L","Bivariate model, Reitsma 2005",0.62,0.557,0.679,0.678,0.567,0.773,3.52,3.44,2.29,5.16,1.96,1.93,1.48,2.61,0.564,0.562,0.483,0.659,0.672,"Univariate model, Glas 2003",3.935,2.415,6.411,1.37,0.882,1.858,0.298,0,3.448,0.546,0,1.857,15.542,11.84,0.296,10,11
"FCN3","FCN3","Bivariate model, Reitsma 2005",0.688,0.549,0.8,0.759,0.649,0.842,7.18,6.93,4.11,11.7,2.88,2.83,2.07,4.02,0.417,0.413,0.282,0.568,0.789,"Univariate model, Glas 2003",8.043,4.602,14.059,2.085,1.526,2.643,0.436,0,1.533,0.66,0,1.238,0,9.25,0.509,10,11
"ATRN","ATRN","Bivariate model, Reitsma 2005",0.817,0.739,0.875,0.763,0.625,0.861,15.6,14.3,6.42,31.8,3.58,3.43,2.15,5.9,0.247,0.242,0.161,0.361,0.858,"Univariate model, Glas 2003",15.201,7.106,32.514,2.721,1.961,3.482,1.024,0,6.492,1.012,0,2.548,17.773,12.161,0.274,10,11
"APOM","APOM","Bivariate model, Reitsma 2005",0.618,0.514,0.713,0.784,0.646,0.879,6.22,5.9,3.1,11.2,2.98,2.86,1.81,4.84,0.493,0.491,0.379,0.619,0.738,"Univariate model, Glas 2003",6.724,3.512,12.874,1.906,1.256,2.555,0.673,0,3.002,0.82,0,1.733,0.076,10.008,0.44,10,11
"C1R","C1R","Bivariate model, Reitsma 2005",0.599,0.519,0.674,0.787,0.671,0.87,5.79,5.53,3.07,9.96,2.9,2.81,1.85,4.5,0.514,0.512,0.417,0.623,0.713,"Univariate model, Glas 2003",5.832,3.321,10.241,1.763,1.2,2.326,0.429,0,1.897,0.655,0,1.377,0,8.941,0.443,9,10
"HP","HP","Bivariate model, Reitsma 2005",0.755,0.608,0.859,0.797,0.643,0.895,13.3,12,4.99,29.1,3.89,3.67,2.13,6.91,0.318,0.311,0.183,0.491,0.842,"Univariate model, Glas 2003",12.477,5.674,27.437,2.524,1.736,3.312,0.99,0,13.335,0.995,0,3.652,41.667,17.143,0.071,10,11
"CFB","CFB","Bivariate model, Reitsma 2005",0.609,0.532,0.681,0.825,0.695,0.907,7.83,7.35,3.66,14.8,3.66,3.48,2.04,6.37,0.48,0.478,0.391,0.581,0.717,"Univariate model, Glas 2003",7.757,3.994,15.065,2.049,1.385,2.712,0.657,0,3.155,0.81,0,1.776,7.172,9.695,0.376,9,10
"SERPINA3","SERPINA3","Bivariate model, Reitsma 2005",0.81,0.678,0.896,0.776,0.619,0.881,16.5,14.8,5.93,36.8,3.79,3.59,2.13,6.64,0.256,0.248,0.137,0.418,0.861,"Univariate model, Glas 2003",15.547,7.015,34.458,2.744,1.948,3.54,1.117,0,10.843,1.057,0,3.293,36.483,15.744,0.107,10,11
"AGT","AGT","Bivariate model, Reitsma 2005",0.632,0.548,0.709,0.687,0.575,0.78,3.91,3.77,2.2,6.46,2.05,2.01,1.48,2.86,0.541,0.538,0.42,0.684,0.698,"Univariate model, Glas 2003",4.454,2.501,7.934,1.494,0.917,2.071,0.562,0,2.121,0.75,0,1.457,0.462,10.046,0.436,10,11
"A2M","A2M","Bivariate model, Reitsma 2005",0.745,0.692,0.791,0.667,0.514,0.792,6.16,5.85,3.11,11,2.31,2.24,1.54,3.54,0.39,0.385,0.303,0.506,0.762,"Univariate model, Glas 2003",7.236,3.656,14.323,1.979,1.296,2.662,0.809,0,4.518,0.9,0,2.126,12.969,11.49,0.321,10,11
"IGF2","IGF2","Bivariate model, Reitsma 2005",0.702,0.635,0.761,0.718,0.597,0.814,6.39,6,3,12,2.56,2.49,1.67,3.89,0.422,0.416,0.312,0.565,0.743,"Univariate model, Glas 2003",5.689,2.672,12.113,1.739,0.983,2.494,0.425,0,7.349,0.652,0,2.711,11.357,5.641,0.343,5,7
"JCHAIN","JCHAIN","Bivariate model, Reitsma 2005",0.684,0.587,0.768,0.72,0.556,0.84,5.8,5.57,3.21,9.66,2.53,2.44,1.64,3.94,0.445,0.443,0.351,0.55,0.746,"Univariate model, Glas 2003",5.461,3.148,9.473,1.698,1.147,2.248,0.193,0,3.788,0.439,0,1.946,1.353,7.096,0.419,7,8
"APOA1","APOA1","Bivariate model, Reitsma 2005",0.745,0.66,0.815,0.759,0.606,0.866,9.71,9.21,4.86,17.5,3.22,3.08,1.96,5.3,0.342,0.339,0.256,0.441,0.805,"Univariate model, Glas 2003",9.881,5.219,18.708,2.291,1.652,2.929,0.645,0,7.451,0.803,0,2.73,29.527,14.19,0.165,10,11
"APOA2","APOA2","Bivariate model, Reitsma 2005",0.725,0.675,0.771,0.729,0.607,0.825,7.5,7.12,3.79,13.4,2.76,2.68,1.82,4.18,0.382,0.378,0.299,0.489,0.758,"Univariate model, Glas 2003",8.297,4.235,16.253,2.116,1.443,2.788,0.837,0,8.974,0.915,0,2.996,34.998,15.384,0.119,10,11
"APOC1","APOC1","Bivariate model, Reitsma 2005",0.712,0.612,0.795,0.733,0.614,0.826,7,6.79,4.19,11,2.72,2.66,1.93,3.85,0.397,0.395,0.298,0.509,0.78,"Univariate model, Glas 2003",7.445,4.382,12.649,2.008,1.477,2.538,0.334,0,4.855,0.578,0,2.203,9.113,9.902,0.358,9,10
"APOC3","APOC3","Bivariate model, Reitsma 2005",0.574,0.518,0.628,0.77,0.67,0.846,4.65,4.5,2.72,7.44,2.55,2.49,1.75,3.69,0.558,0.555,0.477,0.652,0.656,"Univariate model, Glas 2003",4.466,2.709,7.364,1.497,0.996,1.997,0.323,0,3.498,0.568,0,1.87,18.575,12.281,0.267,10,11
"FGA","FGA","Bivariate model, Reitsma 2005",0.725,0.514,0.867,0.807,0.698,0.883,13.2,11,3.3,36.4,3.87,3.7,2.02,6.66,0.358,0.343,0.16,0.634,0.84,"Univariate model, Glas 2003",9.349,3.929,22.248,2.235,1.368,3.102,1.507,0,15.908,1.228,0,3.988,47.833,19.169,0.038,10,11
"APCS","APCS","Bivariate model, Reitsma 2005",0.755,0.657,0.833,0.688,0.576,0.782,7.14,6.81,3.71,12.5,2.46,2.41,1.77,3.43,0.362,0.358,0.245,0.505,0.782,"Univariate model, Glas 2003",7.705,3.996,14.858,2.042,1.385,2.699,0.599,0,6.626,0.774,0,2.574,23.291,11.733,0.229,9,10
"C1QC","C1QC","Bivariate model, Reitsma 2005",0.654,0.521,0.766,0.722,0.563,0.839,5.08,4.89,2.84,8.41,2.41,2.33,1.62,3.63,0.487,0.485,0.359,0.625,0.736,"Univariate model, Glas 2003",5.104,2.952,8.823,1.63,1.083,2.177,0.455,0,1.312,0.675,0,1.146,0,8.547,0.576,10,11
"C9","C9","Bivariate model, Reitsma 2005",0.746,0.608,0.848,0.846,0.724,0.919,19.6,16.1,4.75,54.8,5.18,4.81,2.36,10.1,0.312,0.302,0.17,0.514,0.865,"Univariate model, Glas 2003",12.631,5.234,30.477,2.536,1.655,3.417,1.491,0,21.22,1.221,0,4.606,49.854,19.942,0.03,10,11
"APOH","APOH","Bivariate model, Reitsma 2005",0.677,0.586,0.756,0.817,0.717,0.887,9.56,9.36,6.22,14.1,3.78,3.69,2.56,5.51,0.398,0.397,0.32,0.483,0.8,"Univariate model, Glas 2003",9.814,6.373,15.113,2.284,1.852,2.716,0.147,0,2.078,0.383,0,1.441,1.859,10.189,0.424,10,11
"LRG1","LRG1","Bivariate model, Reitsma 2005",0.777,0.678,0.852,0.722,0.511,0.866,10.8,9.03,2.83,28.9,3.03,2.78,1.51,5.98,0.326,0.312,0.188,0.545,0.814,"Univariate model, Glas 2003",8.011,3.357,19.12,2.081,1.211,2.951,1.506,0,14.838,1.227,0,3.852,46.998,18.867,0.042,10,11
"AMBP","AMBP","Bivariate model, Reitsma 2005",0.645,0.52,0.753,0.643,0.522,0.748,3.36,3.27,2.09,5.12,1.82,1.8,1.42,2.36,0.557,0.555,0.417,0.708,0.685,"Univariate model, Glas 2003",3.544,2.222,5.651,1.265,0.798,1.732,0.279,0,1.659,0.528,0,1.288,4.034,10.42,0.404,10,11
"ORM1","ORM1","Bivariate model, Reitsma 2005",0.822,0.73,0.888,0.793,0.693,0.867,20.1,17.8,6.67,47.4,4.11,3.97,2.45,6.57,0.232,0.224,0.132,0.376,0.875,"Univariate model, Glas 2003",16.395,7.557,35.57,2.797,2.022,3.572,1.089,0,12.408,1.043,0,3.523,41.458,17.082,0.073,10,11
"AHSG","AHSG","Bivariate model, Reitsma 2005",0.748,0.603,0.854,0.806,0.704,0.88,13.6,12.4,5.3,28.9,3.96,3.83,2.43,6.25,0.321,0.314,0.182,0.5,0.848,"Univariate model, Glas 2003",16.132,7.198,36.156,2.781,1.974,3.588,1.188,0,6.226,1.09,0,2.495,22.806,12.954,0.226,10,11
"TTR","TTR","Bivariate model, Reitsma 2005",0.714,0.636,0.781,0.728,0.607,0.823,7.04,6.69,3.55,12.6,2.7,2.62,1.8,4.04,0.399,0.395,0.296,0.525,0.774,"Univariate model, Glas 2003",7.818,3.943,15.5,2.056,1.372,2.741,0.747,0,9.864,0.864,0,3.141,38.637,16.296,0.091,10,11
"PPBP","PPBP","Bivariate model, Reitsma 2005",0.77,0.571,0.894,0.766,0.666,0.843,13.8,10.9,2.85,41.8,3.38,3.28,1.78,5.57,0.322,0.302,0.129,0.628,0.823,"Univariate model, Glas 2003",8.438,3.231,22.037,2.133,1.173,3.093,1.81,0,26.221,1.345,0,5.121,50.85,18.311,0.032,9,10
"PF4","PF4","Bivariate model, Reitsma 2005",0.809,0.614,0.919,0.792,0.587,0.911,23.4,16.1,2.95,87.8,4.32,3.85,1.66,9.76,0.269,0.244,0.095,0.584,0.868,"Univariate model, Glas 2003",11.506,3.671,36.063,2.443,1.3,3.585,1.956,0,39.055,1.399,0,6.249,53.957,15.203,0.033,7,8
"TF","TF","Bivariate model, Reitsma 2005",0.847,0.681,0.935,0.782,0.57,0.906,24.4,19.8,5.61,70.1,4.23,3.83,1.95,8.84,0.214,0.2,0.086,0.419,0.884,"Univariate model, Glas 2003",20.381,7.602,54.646,3.015,2.028,4.001,1.555,0,21.579,1.247,0,4.645,45.302,16.454,0.058,9,10
"KLKB1","KLKB1","Bivariate model, Reitsma 2005",0.737,0.591,0.845,0.727,0.571,0.842,7.87,7.47,3.95,14.1,2.77,2.67,1.82,4.26,0.37,0.365,0.234,0.532,0.793,"Univariate model, Glas 2003",8.511,4.421,16.381,2.141,1.486,2.796,0.721,0,2.343,0.849,0,1.531,0,9.568,0.479,10,11
"C4BPA","C4BPA","Bivariate model, Reitsma 2005",0.776,0.693,0.842,0.749,0.59,0.861,11.2,10.3,4.67,22.9,3.24,3.08,1.89,5.52,0.307,0.302,0.21,0.432,0.824,"Univariate model, Glas 2003",11.851,5.361,26.201,2.472,1.679,3.266,1.177,0,5.127,1.085,0,2.264,10.83,11.215,0.341,10,11
"VTN","VTN","Bivariate model, Reitsma 2005",0.687,0.533,0.809,0.724,0.589,0.828,6.07,5.77,3.1,10.7,2.53,2.47,1.75,3.69,0.439,0.435,0.284,0.617,0.764,"Univariate model, Glas 2003",6.411,3.471,11.839,1.858,1.244,2.471,0.635,0,2.611,0.797,0,1.616,4.855,10.51,0.397,10,11
"HRG","HRG","Bivariate model, Reitsma 2005",0.785,0.687,0.859,0.777,0.71,0.832,13,12.7,8.69,18.7,3.53,3.51,2.84,4.38,0.28,0.277,0.191,0.386,0.841,"Univariate model, Glas 2003",13.011,8.905,19.012,2.566,2.187,2.945,0.041,0,2.172,0.202,0,1.474,3.934,10.41,0.405,10,11
"A1BG","A1BG","Bivariate model, Reitsma 2005",0.665,0.571,0.747,0.692,0.551,0.804,4.64,4.46,2.54,7.82,2.21,2.15,1.53,3.24,0.491,0.488,0.376,0.624,0.721,"Univariate model, Glas 2003",5.109,2.749,9.494,1.631,1.011,2.251,0.657,0,4.332,0.81,0,2.081,15.286,11.804,0.298,10,11
"VWF","VWF","Bivariate model, Reitsma 2005",0.75,0.67,0.816,0.721,0.567,0.836,8.44,7.74,3.43,17.5,2.8,2.68,1.69,4.63,0.356,0.349,0.244,0.507,0.794,"Univariate model, Glas 2003",7.868,3.889,15.917,2.063,1.358,2.767,0.871,0,8.153,0.933,0,2.855,32.315,14.774,0.141,10,11
"SERPING1","SERPING1","Bivariate model, Reitsma 2005",0.656,0.507,0.78,0.824,0.708,0.9,9.58,8.92,4.26,18.7,3.84,3.69,2.28,6.29,0.424,0.42,0.275,0.592,0.814,"Univariate model, Glas 2003",10.087,4.684,21.722,2.311,1.544,3.078,1.075,0,15.1,1.037,0,3.886,41.464,17.084,0.073,10,11
"CFI","CFI","Bivariate model, Reitsma 2005",0.63,0.511,0.736,0.779,0.645,0.872,6.49,6.01,2.77,13,2.96,2.83,1.74,4.93,0.482,0.478,0.339,0.651,0.754,"Univariate model, Glas 2003",5.98,2.868,12.469,1.788,1.053,2.523,1.081,0,4.551,1.04,0,2.133,12.221,11.392,0.328,10,11
"BCHE","BCHE","Bivariate model, Reitsma 2005",0.741,0.555,0.868,0.639,0.517,0.745,5.34,5.07,2.69,9.55,2.05,2.03,1.6,2.63,0.415,0.407,0.231,0.64,0.719,"Univariate model, Glas 2003",6.496,3.284,12.847,1.871,1.189,2.553,0.558,0,2.898,0.747,0,1.702,0,7.188,0.517,8,10
"GSN","GSN","Bivariate model, Reitsma 2005",0.797,0.686,0.876,0.798,0.659,0.89,17.6,15.5,5.82,41.5,4.15,3.92,2.25,7.36,0.264,0.256,0.151,0.418,0.864,"Univariate model, Glas 2003",18.168,7.208,45.793,2.9,1.975,3.824,1.709,0,9.486,1.307,0,3.08,26.221,13.554,0.194,10,11
"C2","C2","Bivariate model, Reitsma 2005",0.628,0.552,0.698,0.751,0.669,0.819,5.18,5.1,3.61,7.22,2.55,2.52,1.98,3.3,0.497,0.497,0.418,0.581,0.739,"Univariate model, Glas 2003",5.832,3.887,8.749,1.763,1.358,2.169,0.084,0,2.337,0.29,0,1.529,7.88,10.855,0.369,10,11
"APOA4","APOA4","Bivariate model, Reitsma 2005",0.706,0.574,0.81,0.805,0.668,0.895,10.4,9.91,5.46,18,3.75,3.6,2.28,6.08,0.372,0.369,0.256,0.504,0.819,"Univariate model, Glas 2003",11.137,5.747,21.585,2.41,1.749,3.072,0.637,0,9.218,0.798,0,3.036,31.348,14.566,0.149,10,11
"PROS1","PROS1","Bivariate model, Reitsma 2005",0.664,0.574,0.744,0.696,0.622,0.761,4.61,4.52,3.08,6.63,2.19,2.17,1.78,2.7,0.485,0.484,0.379,0.6,0.732,"Univariate model, Glas 2003",4.581,3.021,6.946,1.522,1.106,1.938,0.194,0,1.007,0.44,0,1.004,0,9.687,0.468,10,11
"C8A","C8A","Bivariate model, Reitsma 2005",0.612,0.526,0.693,0.707,0.589,0.802,3.92,3.81,2.34,6.18,2.12,2.08,1.53,2.96,0.553,0.551,0.446,0.674,0.693,"Univariate model, Glas 2003",4.254,2.528,7.16,1.448,0.927,1.969,0.384,0,2.649,0.62,0,1.627,9.332,11.029,0.355,10,11
"C8B","C8B","Bivariate model, Reitsma 2005",0.657,0.507,0.781,0.753,0.615,0.853,6.16,5.83,3.04,11.2,2.72,2.63,1.77,4.16,0.463,0.46,0.309,0.636,0.765,"Univariate model, Glas 2003",6.274,3.266,12.052,1.836,1.183,2.489,0.764,0,2.968,0.874,0,1.723,7.26,10.783,0.375,10,11
"GP1BA","GP1BA","Bivariate model, Reitsma 2005",0.673,0.503,0.807,0.704,0.545,0.826,5.02,4.9,3.23,7.44,2.3,2.26,1.69,3.18,0.47,0.467,0.327,0.627,0.742,"Univariate model, Glas 2003",5.225,3.419,7.986,1.654,1.229,2.078,0,0,1.08,0,0,1.039,0,6.574,0.583,8,9
"SERPINA6","SERPINA6","Bivariate model, Reitsma 2005",0.67,0.544,0.775,0.706,0.596,0.796,4.94,4.86,3.39,6.98,2.29,2.26,1.81,2.92,0.472,0.47,0.354,0.598,0.742,"Univariate model, Glas 2003",5.39,3.448,8.427,1.685,1.238,2.131,0.192,0,3.238,0.438,0,1.799,14.037,11.633,0.31,10,11
"LPA","LPA","Bivariate model, Reitsma 2005",0.59,0.529,0.649,0.642,0.544,0.729,2.63,2.58,1.81,3.69,1.66,1.65,1.33,2.1,0.642,0.64,0.553,0.744,0.634,"Univariate model, Glas 2003",3.132,2.175,4.51,1.142,0.777,1.506,0.048,0,1.375,0.219,0,1.173,2.915,10.3,0.415,10,11
"SERPINF2","SERPINF2","Bivariate model, Reitsma 2005",0.733,0.597,0.836,0.68,0.547,0.789,6.51,5.85,2.34,14.6,2.35,2.28,1.48,3.63,0.406,0.394,0.23,0.647,0.761,"Univariate model, Glas 2003",5.898,2.701,12.879,1.775,0.994,2.556,1.191,0,11.578,1.091,0,3.403,42.848,17.497,0.064,10,11
"SAA1","SAA1","Bivariate model, Reitsma 2005",0.741,0.605,0.843,0.78,0.584,0.9,12.2,10.2,3.09,33.3,3.68,3.35,1.68,7.6,0.348,0.336,0.194,0.569,0.819,"Univariate model, Glas 2003",7.791,3.438,17.653,2.053,1.235,2.871,1.191,0,16.686,1.092,0,4.085,51.109,20.454,0.025,10,11
"SAA2","SAA2","Bivariate model, Reitsma 2005",0.686,0.563,0.788,0.784,0.64,0.881,8.86,7.92,3.12,20.1,3.33,3.15,1.8,5.92,0.411,0.404,0.263,0.6,0.793,"Univariate model, Glas 2003",6.302,3.147,12.622,1.841,1.146,2.535,0.798,0,9.831,0.893,0,3.136,40.156,16.71,0.081,10,11
"C7","C7","Bivariate model, Reitsma 2005",0.609,0.536,0.678,0.685,0.567,0.784,3.46,3.39,2.31,4.98,1.97,1.93,1.49,2.63,0.574,0.573,0.495,0.662,0.671,"Univariate model, Glas 2003",3.588,2.512,5.125,1.278,0.921,1.634,0.042,0,1.859,0.204,0,1.364,2.566,10.263,0.418,10,11
"F5","F5","Bivariate model, Reitsma 2005",0.64,0.584,0.692,0.738,0.625,0.826,5.13,4.99,3.17,7.85,2.49,2.44,1.76,3.54,0.492,0.491,0.425,0.57,0.695,"Univariate model, Glas 2003",5.634,3.627,8.752,1.729,1.289,2.169,0.171,0,2.458,0.414,0,1.568,4.968,10.523,0.396,10,11
"C6","C6","Bivariate model, Reitsma 2005",0.661,0.556,0.752,0.793,0.647,0.889,7.81,7.47,4.17,13.4,3.32,3.18,2,5.46,0.433,0.432,0.337,0.537,0.767,"Univariate model, Glas 2003",7.968,4.412,14.388,2.075,1.484,2.666,0.533,0,2.577,0.73,0,1.605,4.697,10.493,0.398,10,11
"SELL","SELL","Bivariate model, Reitsma 2005",0.766,0.671,0.84,0.589,0.53,0.646,4.81,4.7,3.07,7.2,1.86,1.86,1.62,2.13,0.401,0.397,0.281,0.543,0.662,"Univariate model, Glas 2003",6.379,3.363,12.096,1.853,1.213,2.493,0.665,0,6.905,0.816,0,2.628,26.138,13.539,0.195,10,11
"LBP","LBP","Bivariate model, Reitsma 2005",0.738,0.636,0.819,0.74,0.565,0.861,8.98,7.99,3.09,20.6,3,2.82,1.64,5.4,0.367,0.358,0.234,0.549,0.795,"Univariate model, Glas 2003",8.263,3.522,19.385,2.112,1.259,2.964,1.435,0,8.4,1.198,0,2.898,27.341,13.763,0.184,10,11
"ORM2","ORM2","Bivariate model, Reitsma 2005",0.599,0.523,0.671,0.737,0.653,0.807,4.27,4.19,2.85,6.17,2.3,2.27,1.77,3,0.546,0.545,0.457,0.642,0.711,"Univariate model, Glas 2003",4.653,2.855,7.583,1.537,1.049,2.026,0.311,0,4.678,0.557,0,2.163,23.537,13.078,0.219,10,11
"ITIH2","ITIH2","Bivariate model, Reitsma 2005",0.794,0.69,0.869,0.755,0.668,0.825,12.4,11.9,6.68,21,3.27,3.22,2.41,4.43,0.279,0.275,0.178,0.404,0.834,"Univariate model, Glas 2003",15.406,7.576,31.332,2.735,2.025,3.445,0.835,0,5.936,0.914,0,2.436,19.609,12.439,0.257,10,11
"ITIH1","ITIH1","Bivariate model, Reitsma 2005",0.812,0.705,0.887,0.772,0.625,0.873,15.6,14.6,7.39,29,3.7,3.54,2.24,6.07,0.25,0.246,0.156,0.369,0.861,"Univariate model, Glas 2003",17.957,9.065,35.57,2.888,2.204,3.572,0.715,0,3.292,0.845,0,1.814,6.102,10.65,0.385,10,11
"ITGAL","ITGAL","Bivariate model, Reitsma 2005",0.868,0.748,0.936,0.722,0.533,0.855,20.2,17,5.44,53.5,3.3,3.09,1.81,5.99,0.197,0.186,0.088,0.374,0.882,"Univariate model, Glas 2003",18.053,5.638,57.812,2.893,1.729,4.057,0,0,1367.011,0,0,36.973,0,0.5,0.479,1,2
"C4BPB","C4BPB","Bivariate model, Reitsma 2005",0.678,0.573,0.767,0.741,0.594,0.849,6.31,6.02,3.29,11,2.7,2.61,1.74,4.23,0.442,0.439,0.331,0.567,0.757,"Univariate model, Glas 2003",6.726,3.463,13.064,1.906,1.242,2.57,0.745,0,6.644,0.863,0,2.578,16.966,12.043,0.282,10,11
"GPX3","GPX3","Bivariate model, Reitsma 2005",0.705,0.612,0.784,0.68,0.572,0.772,5.27,5.08,3.01,8.59,2.23,2.2,1.65,3.03,0.439,0.436,0.322,0.574,0.747,"Univariate model, Glas 2003",5.895,3.339,10.406,1.774,1.206,2.342,0.511,0,2.04,0.715,0,1.428,0.438,10.044,0.437,10,11
"CPN2","CPN2","Bivariate model, Reitsma 2005",0.711,0.608,0.796,0.681,0.55,0.788,5.37,5.23,3.34,8.2,2.26,2.21,1.67,3.1,0.43,0.428,0.326,0.546,0.751,"Univariate model, Glas 2003",5.717,3.689,8.86,1.743,1.305,2.181,0.186,0,1.322,0.431,0,1.15,0,9.397,0.495,10,11
"FBLN1","FBLN1","Bivariate model, Reitsma 2005",0.659,0.501,0.788,0.67,0.539,0.779,4.28,3.93,1.75,8.81,2.03,1.98,1.33,3.03,0.52,0.511,0.315,0.772,0.711,"Univariate model, Glas 2003",3.456,1.894,6.307,1.24,0.639,1.842,0.603,0,12.189,0.776,0,3.491,48.879,19.561,0.034,10,11
"AZGP1","AZGP1","Bivariate model, Reitsma 2005",0.631,0.527,0.724,0.727,0.604,0.823,4.7,4.56,2.78,7.47,2.36,2.3,1.67,3.34,0.512,0.511,0.4,0.634,0.724,"Univariate model, Glas 2003",4.852,2.924,8.05,1.579,1.073,2.086,0.351,0,2.704,0.593,0,1.644,9.784,11.085,0.351,10,11
"CFP","CFP","Bivariate model, Reitsma 2005",0.732,0.629,0.815,0.666,0.595,0.73,5.64,5.46,3.3,9.03,2.2,2.18,1.77,2.72,0.407,0.403,0.281,0.554,0.718,"Univariate model, Glas 2003",7.1,3.748,13.45,1.96,1.321,2.599,0.509,0,7.972,0.714,0,2.824,20.911,11.38,0.251,9,10
"SERPINA4","SERPINA4","Bivariate model, Reitsma 2005",0.745,0.635,0.832,0.696,0.593,0.782,6.81,6.69,4.63,9.66,2.46,2.44,1.95,3.13,0.37,0.367,0.266,0.488,0.777,"Univariate model, Glas 2003",7.977,4.998,12.732,2.077,1.609,2.544,0.173,0,5.717,0.416,0,2.391,17.765,12.16,0.274,10,11
"IGFALS","IGFALS","Bivariate model, Reitsma 2005",0.653,0.522,0.764,0.767,0.671,0.842,6.69,6.18,2.86,13.4,2.86,2.79,1.81,4.35,0.46,0.454,0.301,0.651,0.779,"Univariate model, Glas 2003",6.629,3.105,14.154,1.891,1.133,2.65,1.199,0,4.536,1.095,0,2.13,10.949,11.23,0.34,10,11
"CFHR2","CFHR2","Bivariate model, Reitsma 2005",0.671,0.555,0.769,0.721,0.538,0.851,5.6,5.27,2.64,10.5,2.51,2.39,1.53,4.18,0.466,0.462,0.341,0.612,0.74,"Univariate model, Glas 2003",5.45,2.778,10.693,1.696,1.022,2.37,0.653,0,3.811,0.808,0,1.952,12.759,10.316,0.325,9,10
"AFM","AFM","Bivariate model, Reitsma 2005",0.732,0.665,0.791,0.8,0.677,0.884,11.9,10.9,4.83,24.6,3.82,3.65,2.17,6.49,0.341,0.336,0.249,0.462,0.804,"Univariate model, Glas 2003",9.977,4.744,20.982,2.3,1.557,3.044,1.028,0,8.331,1.014,0,2.886,29.116,14.108,0.168,10,11
"RPIA","RPIA","Bivariate model, Reitsma 2005",0.81,0.7,0.887,0.665,0.525,0.781,9.31,8.49,3.66,19.7,2.48,2.41,1.66,3.73,0.296,0.287,0.167,0.478,0.822,"Univariate model, Glas 2003",10.132,2.778,36.95,2.316,1.022,3.61,0.343,0,1622.707,0.585,0,40.283,0,1,0.317,1,2
"LUM","LUM","Bivariate model, Reitsma 2005",0.787,0.671,0.869,0.743,0.605,0.845,11.2,10.7,5.85,19.5,3.14,3.05,2.07,4.78,0.294,0.29,0.189,0.423,0.831,"Univariate model, Glas 2003",12.219,6.563,22.749,2.503,1.881,3.125,0.568,0,5.632,0.754,0,2.373,13.844,11.607,0.312,10,11
"APOC4","APOC4","Bivariate model, Reitsma 2005",0.641,0.576,0.702,0.7,0.525,0.832,4.48,4.18,2.01,8.66,2.24,2.14,1.36,3.74,0.523,0.515,0.41,0.685,0.678,"Univariate model, Glas 2003",4.423,2.187,8.945,1.487,0.782,2.191,0.783,0,3.47,0.885,0,1.863,6.113,8.521,0.384,8,9
"PLTP","PLTP","Bivariate model, Reitsma 2005",0.643,0.542,0.734,0.799,0.755,0.837,7.37,7.18,4.57,11.3,3.21,3.19,2.53,4.01,0.449,0.447,0.336,0.572,0.809,"Univariate model, Glas 2003",6.475,4.132,10.145,1.868,1.419,2.317,0.047,0,3.617,0.217,0,1.902,2.855,8.235,0.411,8,9
"EIF3B","EIF3B","Bivariate model, Reitsma 2005",0.783,0.662,0.87,0.703,0.519,0.838,9.7,8.53,3.15,23.1,2.77,2.62,1.58,4.85,0.323,0.312,0.18,0.527,0.809,"Univariate model, Glas 2003",8.849,3.225,24.281,2.18,1.171,3.19,0,0,1004.743,0,0,31.698,0,0.386,0.535,1,2
"ITIH3","ITIH3","Bivariate model, Reitsma 2005",0.735,0.691,0.775,0.752,0.614,0.852,9.03,8.41,3.99,17.7,3.09,2.96,1.86,5.07,0.359,0.353,0.277,0.471,0.756,"Univariate model, Glas 2003",9.702,4.532,20.768,2.272,1.511,3.033,1.016,0.06,20.067,1.008,0.245,4.48,52.17,20.907,0.022,10,11
"HABP2","HABP2","Bivariate model, Reitsma 2005",0.716,0.562,0.832,0.743,0.577,0.859,7.68,7.27,3.81,13.9,2.87,2.76,1.81,4.57,0.391,0.387,0.25,0.555,0.79,"Univariate model, Glas 2003",7.624,4.008,14.501,2.031,1.388,2.674,0.658,0,5.772,0.811,0,2.402,25.369,13.399,0.202,10,11
"ITIH4","ITIH4","Bivariate model, Reitsma 2005",0.74,0.639,0.82,0.751,0.638,0.837,9.62,8.55,3.3,22.2,3.07,2.96,1.81,4.95,0.357,0.347,0.219,0.552,0.807,"Univariate model, Glas 2003",8.609,3.819,19.404,2.153,1.34,2.965,1.292,0.164,18.173,1.136,0.404,4.263,53.832,21.66,0.017,10,11
"ECM1","ECM1","Bivariate model, Reitsma 2005",0.688,0.561,0.792,0.714,0.62,0.793,5.92,5.52,2.65,11.5,2.44,2.4,1.66,3.48,0.444,0.438,0.283,0.642,0.757,"Univariate model, Glas 2003",6.306,3.06,12.993,1.841,1.119,2.564,1.007,0,3.408,1.003,0,1.846,6.196,10.661,0.385,10,11
"TBC1D2","TBC1D2","Bivariate model, Reitsma 2005",0.898,0.791,0.954,0.732,0.585,0.842,28,24.1,8.22,70.6,3.48,3.33,2.12,5.67,0.151,0.141,0.063,0.296,0.908,"Univariate model, Glas 2003",25.371,7.308,88.081,3.234,1.989,4.478,0.118,0,4142.941,0.344,0,64.366,0,1,0.317,1,2
"C1RL","C1RL","Bivariate model, Reitsma 2005",0.643,0.573,0.708,0.678,0.577,0.766,3.87,3.81,2.65,5.46,2.02,2,1.58,2.61,0.529,0.528,0.448,0.617,0.699,"Univariate model, Glas 2003",4.216,2.691,6.604,1.439,0.99,1.888,0.217,0,4.23,0.466,0,2.057,16.811,12.021,0.284,10,11
"IGLV4-69","IGLV4-69","Bivariate model, Reitsma 2005",0.658,0.569,0.737,0.734,0.546,0.863,5.67,5.3,2.58,10.9,2.61,2.46,1.52,4.53,0.476,0.472,0.372,0.608,0.718,"Univariate model, Glas 2003",5.354,2.666,10.753,1.678,0.98,2.375,0.38,0,3.788,0.617,0,1.946,0,5.954,0.428,6,7
"IGLV3-10","IGLV3-10","Bivariate model, Reitsma 2005",0.601,0.505,0.69,0.729,0.584,0.837,4.18,4.05,2.47,6.65,2.28,2.21,1.55,3.37,0.553,0.552,0.457,0.658,0.688,"Univariate model, Glas 2003",4.526,2.809,7.294,1.51,1.033,1.987,0.151,0,1.559,0.389,0,1.248,0,7.733,0.46,8,9
"IGLV3-9","IGLV3-9","Bivariate model, Reitsma 2005",0.591,0.506,0.671,0.684,0.58,0.772,3.22,3.12,1.94,5.03,1.89,1.86,1.41,2.55,0.603,0.6,0.483,0.738,0.672,"Univariate model, Glas 2003",3.591,2.01,6.416,1.278,0.698,1.859,0.351,0,5.77,0.592,0,2.402,16.542,9.586,0.295,8,9
"CRTAC1","CRTAC1","Bivariate model, Reitsma 2005",0.854,0.714,0.932,0.723,0.512,0.867,16.5,15.3,7.26,32.3,3.26,3.06,1.85,5.83,0.213,0.205,0.111,0.358,0.864,"Univariate model, Glas 2003",23.104,7.184,74.301,3.14,1.972,4.308,0.546,0,46.964,0.739,0,6.853,20.714,3.784,0.286,3,4
"IGKV6-21","IGKV6-21","Bivariate model, Reitsma 2005",0.656,0.542,0.754,0.73,0.593,0.833,5.47,5.15,2.61,10.2,2.5,2.41,1.61,3.86,0.479,0.475,0.341,0.643,0.741,"Univariate model, Glas 2003",4.948,2.445,10.017,1.599,0.894,2.304,0.579,0,5.634,0.761,0,2.374,11.975,7.952,0.337,7,8
"IGHV1-18","IGHV1-18","Bivariate model, Reitsma 2005",0.56,0.502,0.616,0.7,0.574,0.802,3.07,2.97,1.82,4.86,1.91,1.87,1.35,2.72,0.635,0.63,0.544,0.751,0.607,"Univariate model, Glas 2003",2.881,1.808,4.588,1.058,0.592,1.523,0.161,0,1.837,0.402,0,1.355,0,7.858,0.447,8,9
"IGHV1-24","IGHV1-24","Bivariate model, Reitsma 2005",0.671,0.537,0.782,0.811,0.628,0.916,9.27,8.77,4.55,16.9,3.78,3.53,2,6.95,0.413,0.411,0.305,0.531,0.783,"Univariate model, Glas 2003",9.337,4.51,19.333,2.234,1.506,2.962,0.568,0,9.042,0.754,0,3.007,14.6,8.197,0.316,7,8
"IGHV4-28","IGHV4-28","Bivariate model, Reitsma 2005",0.72,0.574,0.831,0.607,0.518,0.69,4.3,3.97,1.83,8.64,1.84,1.82,1.33,2.45,0.473,0.462,0.27,0.735,0.621,"Univariate model, Glas 2003",3.704,1.816,7.556,1.309,0.597,2.022,0.283,0,8.458,0.532,0,2.908,3.691,4.153,0.386,4,6
"TNXB","TNXB","Bivariate model, Reitsma 2005",0.686,0.546,0.799,0.771,0.68,0.843,7.92,7.37,3.48,15.6,3.05,2.98,2.01,4.48,0.415,0.409,0.26,0.602,0.798,"Univariate model, Glas 2003",7.488,3.37,16.64,2.013,1.215,2.812,0.51,0,22.861,0.714,0,4.781,36.387,9.432,0.151,6,7
"POSTN","POSTN","Bivariate model, Reitsma 2005",0.629,0.546,0.705,0.686,0.501,0.826,3.95,3.7,1.82,7.54,2.1,2,1.3,3.46,0.553,0.545,0.429,0.723,0.666,"Univariate model, Glas 2003",3.874,1.908,7.867,1.354,0.646,2.063,0.165,0,9.867,0.406,0,3.141,6.203,4.265,0.371,4,5
"SFTPB","SFTPB","Bivariate model, Reitsma 2005",0.682,0.519,0.81,0.762,0.66,0.841,7.87,6.9,2.52,18.9,2.95,2.86,1.69,4.75,0.429,0.418,0.237,0.682,0.79,"Univariate model, Glas 2003",7.873,2.738,22.638,2.063,1.007,3.12,1.016,0,14.316,1.008,0,3.784,7.635,5.413,0.368,5,6
"NRP1","NRP1","Bivariate model, Reitsma 2005",0.681,0.567,0.777,0.759,0.562,0.885,7.18,6.72,3.29,13.7,3,2.81,1.67,5.39,0.429,0.427,0.322,0.552,0.758,"Univariate model, Glas 2003",6.543,3.034,14.11,1.878,1.11,2.647,0.176,0,12.142,0.419,0,3.485,4.855,4.204,0.379,4,5
"CLEC3B","CLEC3B","Bivariate model, Reitsma 2005",0.777,0.705,0.835,0.724,0.572,0.837,9.64,9.12,4.76,17.5,2.92,2.8,1.85,4.64,0.314,0.311,0.232,0.415,0.813,"Univariate model, Glas 2003",10.149,5.077,20.288,2.317,1.625,3.01,0.775,0,5.845,0.88,0,2.418,12.226,10.254,0.33,9,10
"PSMA6","PSMA6","Bivariate model, Reitsma 2005",0.72,0.641,0.788,0.667,0.526,0.783,5.48,5.15,2.58,10.3,2.22,2.15,1.49,3.35,0.428,0.422,0.305,0.59,0.721,"Univariate model, Glas 2003",5.35,1.713,16.704,1.677,0.538,2.816,0.585,0,60.069,0.765,0,7.75,30.356,4.308,0.23,3,4
"COMP","COMP","Bivariate model, Reitsma 2005",0.783,0.656,0.873,0.682,0.576,0.772,8.08,7.75,4.39,13.7,2.48,2.44,1.9,3.25,0.325,0.319,0.199,0.482,0.766,"Univariate model, Glas 2003",9.015,4.212,19.293,2.199,1.438,2.96,0.468,0,12.266,0.684,0,3.502,21.979,7.69,0.262,6,7
"CRISP3","CRISP3","Bivariate model, Reitsma 2005",0.773,0.655,0.859,0.774,0.717,0.822,12.2,11.6,6.36,21.3,3.42,3.4,2.66,4.35,0.299,0.294,0.184,0.444,0.804,"Univariate model, Glas 2003",10.247,4.813,21.816,2.327,1.571,3.083,0.415,0,16.712,0.644,0,4.088,25.356,8.038,0.235,6,7
"CFD","CFD","Bivariate model, Reitsma 2005",0.646,0.502,0.767,0.726,0.551,0.852,4.99,4.84,2.96,7.91,2.43,2.35,1.62,3.7,0.494,0.493,0.374,0.622,0.733,"Univariate model, Glas 2003",5.14,2.966,8.909,1.637,1.087,2.187,0.31,0,3.201,0.557,0,1.789,12.364,10.27,0.329,9,10
"MASP2","MASP2","Bivariate model, Reitsma 2005",0.705,0.504,0.849,0.673,0.526,0.792,5.07,4.93,3.08,7.89,2.15,2.13,1.7,2.76,0.445,0.44,0.27,0.647,0.736,"Univariate model, Glas 2003",4.714,2.915,7.623,1.55,1.07,2.031,0.128,0,5.241,0.357,0,2.289,8.543,8.747,0.364,8,9
"APOL1","APOL1","Bivariate model, Reitsma 2005",0.642,0.506,0.758,0.748,0.614,0.847,5.91,5.31,2.16,13.1,2.65,2.53,1.52,4.42,0.49,0.482,0.311,0.715,0.751,"Univariate model, Glas 2003",5.993,2.622,13.697,1.791,0.964,2.617,1.282,0,6.283,1.132,0,2.507,24.763,11.962,0.215,9,10
"VNN1","VNN1","Bivariate model, Reitsma 2005",0.583,0.521,0.642,0.67,0.584,0.745,2.9,2.83,1.81,4.41,1.78,1.76,1.37,2.33,0.627,0.624,0.516,0.757,0.678,"Univariate model, Glas 2003",2.894,1.807,4.634,1.063,0.592,1.533,0,0,2.349,0,0,1.533,0,3.287,0.511,4,5
"F13A1","F13A1","Bivariate model, Reitsma 2005",0.664,0.52,0.783,0.769,0.578,0.89,7.27,6.6,2.76,15.7,3.06,2.85,1.62,5.69,0.448,0.443,0.296,0.63,0.768,"Univariate model, Glas 2003",7.216,3.008,17.31,1.976,1.101,2.851,0.845,0,5.86,0.919,0,2.421,0,6.791,0.451,7,8
"PGK1","PGK1","Bivariate model, Reitsma 2005",0.788,0.53,0.925,0.665,0.503,0.795,10.9,7.39,1.29,42.1,2.45,2.34,1.13,4.39,0.364,0.32,0.099,0.878,0.753,"Univariate model, Glas 2003",5.911,1.74,20.073,1.777,0.554,2.999,1.19,0,59.748,1.091,0,7.73,49.318,7.892,0.096,4,5
"HPR","HPR","Bivariate model, Reitsma 2005",0.731,0.583,0.841,0.667,0.546,0.769,5.8,5.45,2.75,10.8,2.22,2.18,1.6,3.08,0.412,0.405,0.247,0.615,0.746,"Univariate model, Glas 2003",5.786,2.788,12.009,1.755,1.025,2.486,0.932,0,2.889,0.966,0,1.7,0,8.409,0.494,9,10
"IGLV1-51","IGLV1-51","Bivariate model, Reitsma 2005",0.64,0.521,0.743,0.731,0.612,0.825,4.93,4.83,3.27,7.15,2.41,2.37,1.8,3.25,0.496,0.495,0.386,0.612,0.738,"Univariate model, Glas 2003",5.076,3.365,7.657,1.625,1.214,2.036,0.014,0,1.614,0.118,0,1.271,0.717,7.051,0.424,7,9
"IGLV1-40","IGLV1-40","Bivariate model, Reitsma 2005",0.665,0.617,0.71,0.688,0.529,0.812,4.65,4.39,2.25,8.55,2.22,2.13,1.42,3.51,0.495,0.488,0.397,0.636,0.671,"Univariate model, Glas 2003",4.843,2.373,9.887,1.578,0.864,2.291,0.683,0,4.372,0.826,0,2.091,5.226,8.441,0.392,8,9
"IGLV3-1","IGLV3-1","Bivariate model, Reitsma 2005",0.677,0.607,0.739,0.706,0.537,0.832,5.37,5.03,2.48,10.2,2.41,2.3,1.48,3.96,0.467,0.461,0.362,0.609,0.703,"Univariate model, Glas 2003",6.204,3.15,12.219,1.825,1.148,2.503,0.119,0,4.948,0.344,0,2.224,1.763,4.072,0.396,4,5
"IGLV3-25","IGLV3-25","Bivariate model, Reitsma 2005",0.756,0.643,0.842,0.611,0.561,0.658,5.08,4.86,2.71,8.72,1.94,1.94,1.59,2.31,0.406,0.4,0.257,0.592,0.611,"Univariate model, Glas 2003",6.257,2.599,15.062,1.834,0.955,2.712,0.957,0,12.986,0.978,0,3.604,37.875,9.658,0.14,6,7
"IGHV1-46","IGHV1-46","Bivariate model, Reitsma 2005",0.683,0.579,0.771,0.685,0.502,0.824,4.84,4.67,2.76,7.89,2.24,2.16,1.49,3.47,0.471,0.469,0.379,0.573,0.728,"Univariate model, Glas 2003",5.014,2.866,8.772,1.612,1.053,2.172,0.249,0,3.863,0.499,0,1.965,11.84,7.94,0.338,7,8
"IGHG1","IGHG1","Bivariate model, Reitsma 2005",0.652,0.502,0.777,0.671,0.51,0.799,3.97,3.81,2.18,6.65,2.01,1.96,1.43,2.9,0.527,0.524,0.371,0.698,0.707,"Univariate model, Glas 2003",4.129,2.251,7.574,1.418,0.812,2.025,0.325,0,6.608,0.57,0,2.571,24.91,7.99,0.239,6,7
"FGB","FGB","Bivariate model, Reitsma 2005",0.744,0.603,0.848,0.76,0.617,0.861,10.7,9.21,3.17,26.8,3.24,3.08,1.76,5.66,0.35,0.339,0.19,0.576,0.816,"Univariate model, Glas 2003",9.437,3.999,22.269,2.245,1.386,3.103,1.364,0,11.444,1.168,0,3.383,35.961,14.054,0.12,9,10
"TFRC","TFRC","Bivariate model, Reitsma 2005",0.635,0.58,0.687,0.656,0.543,0.753,3.4,3.31,2.1,5.24,1.87,1.84,1.41,2.53,0.562,0.558,0.468,0.677,0.657,"Univariate model, Glas 2003",3.741,2.239,6.252,1.319,0.806,1.833,0.276,0,3.343,0.526,0,1.828,14.522,10.529,0.309,9,10
"ALDOA","ALDOA","Bivariate model, Reitsma 2005",0.625,0.502,0.733,0.589,0.507,0.666,2.47,2.39,1.43,3.99,1.52,1.52,1.2,1.9,0.642,0.638,0.461,0.843,0.615,"Univariate model, Glas 2003",2.601,1.37,4.939,0.956,0.315,1.597,0.302,0,14.533,0.549,0,3.812,27.817,8.312,0.216,6,7
"S100A9","S100A9","Bivariate model, Reitsma 2005",0.635,0.547,0.715,0.668,0.534,0.779,3.59,3.5,2.24,5.47,1.95,1.91,1.44,2.68,0.552,0.549,0.452,0.663,0.686,"Univariate model, Glas 2003",3.822,2.238,6.526,1.341,0.806,1.876,0.184,0,3.848,0.429,0,1.962,11.122,7.876,0.344,7,8
"CD14","CD14","Bivariate model, Reitsma 2005",0.765,0.62,0.867,0.769,0.644,0.859,11.6,10.8,5.11,22.8,3.38,3.27,2.18,5.2,0.315,0.308,0.181,0.486,0.832,"Univariate model, Glas 2003",11.721,5.55,24.753,2.461,1.714,3.209,0.937,0,2.806,0.968,0,1.675,0,8.275,0.507,9,10
"HSPD1","HSPD1","Bivariate model, Reitsma 2005",0.853,0.782,0.904,0.699,0.537,0.823,14.8,13.5,5.81,31.4,2.95,2.82,1.82,4.83,0.218,0.212,0.133,0.336,0.863,"Univariate model, Glas 2003",13.758,5.889,32.145,2.622,1.773,3.47,0,0,24.519,0,0,4.952,0,0.483,0.786,2,3
"CETP","CETP","Bivariate model, Reitsma 2005",0.78,0.601,0.894,0.675,0.576,0.76,8.4,7.38,2.73,19.9,2.41,2.38,1.63,3.39,0.342,0.326,0.155,0.613,0.719,"Univariate model, Glas 2003",8.394,2.654,26.55,2.127,0.976,3.279,1.12,0,20.616,1.058,0,4.54,13.699,4.635,0.327,4,5
"EEF2","EEF2","Bivariate model, Reitsma 2005",0.804,0.696,0.879,0.725,0.554,0.848,12.7,10.8,3.49,33.2,3.09,2.91,1.67,5.53,0.286,0.273,0.152,0.492,0.835,"Univariate model, Glas 2003",10.758,3.258,35.524,2.376,1.181,3.57,0.569,0,29.71,0.754,0,5.451,0,2.998,0.392,3,4
"LCP1","LCP1","Bivariate model, Reitsma 2005",0.709,0.552,0.829,0.705,0.578,0.807,6.01,5.85,3.7,9.23,2.42,2.39,1.84,3.21,0.418,0.414,0.276,0.581,0.762,"Univariate model, Glas 2003",7.588,3.826,15.05,2.027,1.342,2.711,0.426,0,15.844,0.653,0,3.98,31.874,10.275,0.174,7,8
"CD44","CD44","Bivariate model, Reitsma 2005",0.651,0.573,0.721,0.754,0.574,0.875,6.05,5.72,2.98,11,2.79,2.64,1.63,4.82,0.471,0.468,0.394,0.564,0.71,"Univariate model, Glas 2003",5.234,2.819,9.716,1.655,1.036,2.274,0.385,0,3.297,0.621,0,1.816,2.054,7.147,0.414,7,8
"PSMA5","PSMA5","Bivariate model, Reitsma 2005",0.7,0.546,0.819,0.684,0.514,0.816,5.27,5.04,2.83,8.99,2.26,2.19,1.56,3.37,0.447,0.444,0.301,0.614,0.745,"Univariate model, Glas 2003",7.263,2.841,18.571,1.983,1.044,2.922,0.464,0,43.14,0.681,0,6.568,32.534,5.929,0.205,4,5
"TKT","TKT","Bivariate model, Reitsma 2005",0.684,0.511,0.818,0.647,0.539,0.742,4.35,3.97,1.74,9.1,1.96,1.93,1.33,2.75,0.5,0.49,0.28,0.776,0.654,"Univariate model, Glas 2003",4.143,1.829,9.384,1.421,0.604,2.239,0.288,0,30.833,0.537,0,5.553,26.051,4.057,0.255,3,4
"HLA-B","HLA-B","Bivariate model, Reitsma 2005",0.743,0.662,0.81,0.813,0.706,0.887,13.4,12.6,6.32,25,4.11,3.96,2.51,6.58,0.321,0.318,0.232,0.427,0.851,"Univariate model, Glas 2003",12.946,6.323,26.508,2.561,1.844,3.277,0,0,0.355,0,0,0.596,0,0.273,0.965,3,4
"CDH5","CDH5","Bivariate model, Reitsma 2005",0.788,0.607,0.899,0.677,0.626,0.724,8.65,7.78,3.16,19.2,2.42,2.42,1.82,3.01,0.328,0.314,0.149,0.583,0.672,"Univariate model, Glas 2003",9.13,3,27.786,2.212,1.099,3.325,1.265,0,26.701,1.125,0,5.167,29.805,7.123,0.212,5,6
"MCAM","MCAM","Bivariate model, Reitsma 2005",0.71,0.645,0.768,0.691,0.575,0.788,5.72,5.49,3.14,9.58,2.35,2.3,1.66,3.33,0.425,0.421,0.328,0.543,0.732,"Univariate model, Glas 2003",5.937,2.672,13.191,1.781,0.983,2.58,0.355,0,26.68,0.596,0,5.165,31.244,5.818,0.213,4,5
"ARHGDIB","ARHGDIB","Bivariate model, Reitsma 2005",0.763,0.505,0.91,0.695,0.55,0.809,10.2,7.31,1.48,36.1,2.58,2.48,1.23,4.54,0.378,0.343,0.117,0.833,0.757,"Univariate model, Glas 2003",10.289,1.818,58.243,2.331,0.598,4.065,2.003,0,99.912,1.415,0,9.996,38.308,4.863,0.182,3,4
"B2M","B2M","Bivariate model, Reitsma 2005",0.624,0.501,0.733,0.785,0.643,0.881,6.59,6.08,2.77,13.3,3.04,2.89,1.73,5.18,0.487,0.482,0.342,0.655,0.755,"Univariate model, Glas 2003",6.411,2.937,13.991,1.858,1.077,2.638,0.981,0,5.492,0.991,0,2.343,10.874,10.098,0.343,9,10
"GPLD1","GPLD1","Bivariate model, Reitsma 2005",0.793,0.677,0.875,0.75,0.556,0.878,12.8,11.5,4.73,27.9,3.38,3.15,1.82,6.25,0.286,0.28,0.174,0.434,0.838,"Univariate model, Glas 2003",12.778,5.755,28.375,2.548,1.75,3.345,0.961,0,11.884,0.98,0,3.447,40.251,15.063,0.089,9,10
"CAP1","CAP1","Bivariate model, Reitsma 2005",0.582,0.513,0.647,0.625,0.515,0.723,2.4,2.32,1.36,3.93,1.58,1.55,1.16,2.14,0.677,0.671,0.535,0.855,0.578,"Univariate model, Glas 2003",2.294,1.327,3.968,0.83,0.283,1.378,0,0,19.575,0,0,4.424,0,2.796,0.424,3,4
"NUCB1","NUCB1","Bivariate model, Reitsma 2005",0.717,0.584,0.821,0.666,0.511,0.793,5.35,5.06,2.63,9.72,2.2,2.13,1.51,3.26,0.434,0.428,0.286,0.611,0.745,"Univariate model, Glas 2003",5.943,2.986,11.826,1.782,1.094,2.47,0,0,9.367,0,0,3.061,0,3.293,0.51,4,5
"CFHR1","CFHR1","Bivariate model, Reitsma 2005",0.612,0.531,0.687,0.701,0.597,0.787,3.84,3.69,2.11,6.45,2.08,2.04,1.47,2.92,0.56,0.556,0.435,0.707,0.695,"Univariate model, Glas 2003",3.776,2.061,6.917,1.329,0.723,1.934,0.437,0,7.444,0.661,0,2.728,31.59,11.694,0.165,8,10
"HGFAC","HGFAC","Bivariate model, Reitsma 2005",0.632,0.506,0.742,0.73,0.597,0.831,4.75,4.63,2.95,7.26,2.37,2.32,1.71,3.33,0.509,0.508,0.389,0.635,0.73,"Univariate model, Glas 2003",5.637,3.052,10.413,1.729,1.116,2.343,0.415,0,8.024,0.644,0,2.833,27.655,11.058,0.198,8,9
"LGALS3BP","LGALS3BP","Bivariate model, Reitsma 2005",0.725,0.606,0.819,0.787,0.697,0.855,10.1,9.74,5.78,16.4,3.44,3.38,2.47,4.75,0.354,0.35,0.24,0.486,0.825,"Univariate model, Glas 2003",11.164,6.358,19.602,2.413,1.85,2.976,0.349,0,5.47,0.591,0,2.339,18.007,10.977,0.277,9,10
"MMRN1","MMRN1","Bivariate model, Reitsma 2005",0.655,0.509,0.777,0.698,0.532,0.825,4.59,4.4,2.48,7.8,2.22,2.15,1.51,3.33,0.501,0.499,0.356,0.66,0.725,"Univariate model, Glas 2003",4.432,2.553,7.695,1.489,0.937,2.041,0.2,0,1.524,0.447,0,1.234,0,6.14,0.523,7,8
"PLXDC2","PLXDC2","Bivariate model, Reitsma 2005",0.791,0.593,0.908,0.71,0.565,0.822,10.8,9.26,3.13,27.6,2.79,2.69,1.71,4.44,0.313,0.297,0.131,0.584,0.795,"Univariate model, Glas 2003",9.883,3.277,29.807,2.291,1.187,3.395,1.082,0,28.64,1.04,0,5.352,31.709,7.322,0.198,5,6
"PI16","PI16","Bivariate model, Reitsma 2005",0.787,0.681,0.865,0.652,0.532,0.755,7.48,6.91,3.18,15,2.3,2.25,1.61,3.28,0.337,0.328,0.2,0.522,0.78,"Univariate model, Glas 2003",7.575,3.5,16.394,2.025,1.253,2.797,0.621,0,11.731,0.788,0,3.425,26.037,9.464,0.221,7,9
"PRG4","PRG4","Bivariate model, Reitsma 2005",0.68,0.565,0.776,0.695,0.595,0.78,4.92,4.84,3.43,6.86,2.24,2.22,1.81,2.8,0.464,0.462,0.352,0.583,0.74,"Univariate model, Glas 2003",4.831,3.411,6.842,1.575,1.227,1.923,0,0,0.331,0,0,0.575,0,5.472,0.791,9,10
"PGLYRP2","PGLYRP2","Bivariate model, Reitsma 2005",0.818,0.699,0.897,0.688,0.507,0.825,10.2,9.92,6,16.4,2.71,2.61,1.78,4.21,0.272,0.267,0.178,0.389,0.828,"Univariate model, Glas 2003",10.712,6.407,17.91,2.371,1.857,2.885,0.232,0,2.504,0.482,0,1.583,0.301,9.027,0.435,9,11
"OLFM1","OLFM1","Bivariate model, Reitsma 2005",0.611,0.527,0.689,0.753,0.581,0.87,5.18,4.8,2.24,10.3,2.61,2.47,1.49,4.58,0.526,0.52,0.411,0.676,0.656,"Univariate model, Glas 2003",4.845,1.863,12.597,1.578,0.622,2.533,0.443,0,21.969,0.666,0,4.687,10.48,3.351,0.341,3,4
"APMAP","APMAP","Bivariate model, Reitsma 2005",0.588,0.527,0.646,0.669,0.554,0.767,2.98,2.89,1.74,4.77,1.81,1.77,1.32,2.5,0.622,0.617,0.511,0.76,0.613,"Univariate model, Glas 2003",3.104,1.979,4.87,1.133,0.682,1.583,0,0,3.527,0,0,1.878,0,5.707,0.457,6,7
"PCYOX1","PCYOX1","Bivariate model, Reitsma 2005",0.81,0.704,0.885,0.701,0.547,0.819,11.5,10,3.52,28.4,2.82,2.7,1.67,4.67,0.284,0.272,0.151,0.487,0.827,"Univariate model, Glas 2003",10.15,3.66,28.155,2.318,1.297,3.338,0.959,0,23.32,0.979,0,4.829,25.437,6.706,0.243,5,6
"GNPTG","GNPTG","Bivariate model, Reitsma 2005",0.625,0.515,0.724,0.707,0.576,0.811,4.3,4.03,1.98,8.21,2.19,2.13,1.42,3.35,0.538,0.533,0.382,0.73,0.717,"Univariate model, Glas 2003",3.83,1.834,7.997,1.343,0.607,2.079,0.044,0,30.769,0.209,0,5.547,4.489,3.141,0.37,3,4
"MASP1","MASP1","Bivariate model, Reitsma 2005",0.616,0.55,0.679,0.638,0.562,0.707,2.87,2.83,2,3.99,1.71,1.7,1.41,2.08,0.605,0.603,0.506,0.712,0.661,"Univariate model, Glas 2003",2.925,2.034,4.207,1.073,0.71,1.437,0,0,0.912,0,0,0.955,0,4.852,0.678,7,8
"IGLV2-14","IGLV2-14","Bivariate model, Reitsma 2005",0.593,0.525,0.657,0.755,0.544,0.889,5.11,4.5,1.67,12.1,2.65,2.42,1.28,5.36,0.556,0.542,0.424,0.771,0.588,"Univariate model, Glas 2003",4.646,1.9,11.362,1.536,0.642,2.43,0.671,0,7.828,0.819,0,2.798,7.744,5.42,0.367,5,6
"CRP","CRP","Bivariate model, Reitsma 2005",0.723,0.611,0.813,0.798,0.619,0.906,11.9,10.3,3.63,29.3,3.87,3.56,1.84,7.75,0.359,0.351,0.228,0.534,0.811,"Univariate model, Glas 2003",8.69,3.675,20.547,2.162,1.302,3.023,0.965,0,13.184,0.982,0,3.631,38.932,13.1,0.108,8,9
"IGKV3-15","IGKV3-15","Bivariate model, Reitsma 2005",0.731,0.515,0.874,0.666,0.535,0.776,6.69,5.42,1.52,19.3,2.24,2.17,1.24,3.63,0.43,0.406,0.175,0.819,0.727,"Univariate model, Glas 2003",6.114,1.812,20.625,1.811,0.595,3.027,0.815,0,29.143,0.903,0,5.398,13.444,3.466,0.325,3,6
"GNAI2","GNAI2","Bivariate model, Reitsma 2005",0.755,0.576,0.875,0.812,0.563,0.936,16.4,13.3,3.73,47.6,4.59,3.96,1.75,11.2,0.32,0.31,0.162,0.539,0.849,"Univariate model, Glas 2003",15.621,4.253,57.371,2.749,1.448,4.05,0,0,10.829,0,0,3.291,0,0.34,0.843,2,3
"MIF","MIF","Bivariate model, Reitsma 2005",0.762,0.637,0.854,0.7,0.555,0.814,8.26,7.49,3.14,17.8,2.62,2.53,1.65,4.14,0.351,0.342,0.204,0.55,0.796,"Univariate model, Glas 2003",7.65,3.025,19.348,2.035,1.107,2.963,0,0,247.379,0,0,15.728,0,0.481,0.488,1,2
"SNCA","SNCA","Bivariate model, Reitsma 2005",0.72,0.518,0.86,0.823,0.741,0.883,13.6,11.9,4.41,32.3,4.12,4.01,2.47,6.38,0.352,0.342,0.17,0.593,0.851,"Univariate model, Glas 2003",12.742,3.188,50.922,2.545,1.159,3.93,0,0,52.1,0,0,7.218,0,0.043,0.835,1,2
"CALD1","CALD1","Bivariate model, Reitsma 2005",0.78,0.66,0.867,0.726,0.648,0.792,10,9.39,4.64,19,2.86,2.83,2.11,3.82,0.311,0.304,0.182,0.477,0.795,"Univariate model, Glas 2003",13.07,5.203,32.833,2.57,1.649,3.491,0,0,25.629,0,0,5.063,0,0.645,0.724,2,3
"GOLM1","GOLM1","Bivariate model, Reitsma 2005",0.738,0.577,0.853,0.71,0.587,0.808,7.4,6.87,3.22,14.6,2.57,2.51,1.76,3.72,0.38,0.372,0.215,0.589,0.759,"Univariate model, Glas 2003",6.658,2.74,16.179,1.896,1.008,2.784,0.343,0,13.693,0.585,0,3.7,11.272,4.508,0.342,4,5
"MED30","MED30","Bivariate model, Reitsma 2005",0.799,0.619,0.907,0.951,0.722,0.993,145,77.3,8.57,697,26.8,16.1,2.8,116,0.229,0.217,0.099,0.426,0.957,"Univariate model, Glas 2003",79.988,8.459,756.33,4.382,2.135,6.628,0,0,343.102,0,0,18.523,0,0.127,0.721,1,2
"CHAD","CHAD","Bivariate model, Reitsma 2005",0.813,0.618,0.921,0.912,0.57,0.988,89,45.2,4.6,443,15.3,9.08,1.83,66.5,0.232,0.213,0.088,0.477,0.937,"Univariate model, Glas 2003",43.496,4.423,427.721,3.773,1.487,6.058,0,0,1988.746,0,0,44.595,0,0.715,0.398,1,2
"CTSA","CTSA","Bivariate model, Reitsma 2005",0.711,0.59,0.808,0.679,0.587,0.759,5.51,5.2,2.67,10.1,2.24,2.2,1.62,3.03,0.433,0.427,0.28,0.622,0.748,"Univariate model, Glas 2003",6.707,2.857,15.747,1.903,1.05,2.757,0,0,4.04,0,0,2.01,0,0.977,0.807,3,4
"IHH","IHH","Bivariate model, Reitsma 2005",0.897,0.781,0.955,0.673,0.515,0.799,20.9,17.8,5.89,53.9,2.82,2.72,1.8,4.46,0.168,0.156,0.066,0.342,0.849,"Univariate model, Glas 2003",25.151,4.173,151.61,3.225,1.429,5.021,1.191,0,220.292,1.091,0,14.842,20.853,2.527,0.283,2,3
"CCL14","CCL14","Bivariate model, Reitsma 2005",0.744,0.568,0.865,0.683,0.526,0.807,7.18,6.27,2.27,17.4,2.42,2.32,1.46,3.92,0.392,0.378,0.194,0.668,0.695,"Univariate model, Glas 2003",5.531,2.197,13.928,1.71,0.787,2.634,0,0,26.342,0,0,5.132,0,1.983,0.371,2,3
"CROCC","CROCC","Bivariate model, Reitsma 2005",0.727,0.538,0.859,0.803,0.534,0.936,14.7,10.9,2.4,49.7,4.35,3.64,1.48,11.4,0.365,0.348,0.174,0.654,0.836,"Univariate model, Glas 2003",21.514,1.104,419.232,3.069,0.099,6.038,2.7,0,5938.477,1.643,0,77.062,0,1,0.317,1,2
"UMOD","UMOD","Bivariate model, Reitsma 2005",0.735,0.55,0.862,0.704,0.501,0.849,7.92,6.59,2.01,21.7,2.63,2.45,1.37,4.94,0.399,0.382,0.191,0.703,0.756,"Univariate model, Glas 2003",8.143,2.159,30.715,2.097,0.77,3.425,0,0,55.184,0,0,7.429,0,1.998,0.368,2,3
"LAMP1","LAMP1","Bivariate model, Reitsma 2005",0.693,0.542,0.811,0.764,0.636,0.857,8.07,7.28,2.99,17.7,3.03,2.91,1.79,4.94,0.413,0.405,0.245,0.625,0.763,"Univariate model, Glas 2003",6.64,2.46,17.922,1.893,0.9,2.886,0.137,0,83.478,0.37,0,9.137,2.97,2.061,0.357,2,3
"LMNB1","LMNB1","Bivariate model, Reitsma 2005",0.942,0.796,0.986,0.864,0.584,0.966,181,103,13,824,8.86,6.81,2.22,27.6,0.086,0.069,0.017,0.254,0.959,"Univariate model, Glas 2003",102.781,12.858,821.55,4.633,2.554,6.711,0,0,3085.024,0,0,55.543,0,0.874,0.35,1,2
"GDI2","GDI2","Bivariate model, Reitsma 2005",0.899,0.745,0.964,0.75,0.586,0.864,33.5,26.5,6.96,101,3.74,3.54,2.09,6.57,0.154,0.137,0.048,0.353,0.89,"Univariate model, Glas 2003",70.55,10.248,485.683,4.256,2.327,6.186,0,0,107.551,0,0,10.371,0,1.74,0.419,2,3
"NPEPPS","NPEPPS","Bivariate model, Reitsma 2005",0.832,0.672,0.923,0.941,0.679,0.992,149,78.9,8.72,715,23.2,13.9,2.54,100,0.196,0.184,0.084,0.376,0.895,"Univariate model, Glas 2003",81.587,8.983,740.967,4.402,2.195,6.608,0,0,182.88,0,0,13.523,0,0.072,0.789,1,2
"CNTN1","CNTN1","Bivariate model, Reitsma 2005",0.762,0.631,0.857,0.69,0.545,0.805,8.08,7.12,2.64,19.1,2.54,2.44,1.54,4.08,0.36,0.347,0.195,0.597,0.783,"Univariate model, Glas 2003",10.02,2.438,41.184,2.305,0.891,3.718,0.749,0,64.504,0.865,0,8.031,0,1.757,0.415,2,3
"LAMA3","LAMA3","Bivariate model, Reitsma 2005",0.734,0.562,0.856,0.854,0.565,0.963,23.3,16.1,2.98,86.9,6.43,4.95,1.62,20.1,0.336,0.321,0.168,0.588,0.846,"Univariate model, Glas 2003",16.797,3.092,91.257,2.821,1.129,4.514,0,0,20.024,0,0,4.475,0,0.01,0.92,1,2
"AOC3","AOC3","Bivariate model, Reitsma 2005",0.753,0.623,0.849,0.8,0.685,0.881,13.5,12.2,5.15,29,3.9,3.74,2.3,6.38,0.317,0.31,0.187,0.485,0.84,"Univariate model, Glas 2003",12.986,5.386,31.312,2.564,1.684,3.444,0,0,37.622,0,0,6.134,0,1.394,0.498,2,3
"ANTXR1","ANTXR1","Bivariate model, Reitsma 2005",0.927,0.69,0.986,0.788,0.582,0.908,85.7,47.3,5.59,401,4.74,4.27,2.01,10.2,0.127,0.094,0.017,0.426,0.863,"Univariate model, Glas 2003",46.438,6.099,353.56,3.838,1.808,5.868,1.004,0,110.526,1.002,0,10.513,0,1.882,0.39,2,3
"SERPINB6","SERPINB6","Bivariate model, Reitsma 2005",0.833,0.674,0.923,0.601,0.501,0.693,8.47,7.5,2.84,19.7,2.09,2.07,1.54,2.77,0.296,0.28,0.127,0.557,0.807,"Univariate model, Glas 2003",8.02,2.639,24.37,2.082,0.97,3.193,0,0,386.116,0,0,19.65,0,0.42,0.517,1,2
"REG1A","REG1A","Bivariate model, Reitsma 2005",0.718,0.554,0.84,0.676,0.538,0.788,5.94,5.32,2.11,13.4,2.26,2.2,1.43,3.48,0.431,0.42,0.233,0.696,0.751,"Univariate model, Glas 2003",5.359,1.117,25.725,1.679,0.11,3.247,0.768,0,118.306,0.876,0,10.877,9.931,2.221,0.329,2,3
"LAMB2","LAMB2","Bivariate model, Reitsma 2005",0.694,0.518,0.828,0.746,0.661,0.815,7.33,6.67,2.85,15.6,2.75,2.71,1.82,3.94,0.419,0.411,0.23,0.656,0.766,"Univariate model, Glas 2003",8.997,1.272,63.611,2.197,0.241,4.153,1.01,0,2856.47,1.005,0,53.446,0,1,0.317,1,2
"PTPRM","PTPRM","Bivariate model, Reitsma 2005",0.809,0.532,0.941,0.799,0.596,0.915,27.5,16.9,2.44,117,4.45,3.95,1.58,10.2,0.276,0.242,0.07,0.676,0.86,"Univariate model, Glas 2003",14.844,2.399,91.829,2.698,0.875,4.52,0.81,0,2152.223,0.9,0,46.392,0,1,0.317,1,2
"AXL","AXL","Bivariate model, Reitsma 2005",0.713,0.521,0.85,0.864,0.584,0.966,23.2,15.8,2.83,87.9,6.73,5.16,1.64,21.2,0.356,0.342,0.174,0.626,0.859,"Univariate model, Glas 2003",15.798,2.836,87.999,2.76,1.042,4.477,0,0,510.047,0,0,22.584,0,0.222,0.638,1,2
"FRMPD1","FRMPD1","Bivariate model, Reitsma 2005",0.844,0.706,0.924,0.639,0.505,0.754,10.8,9.55,3.58,25.4,2.38,2.32,1.63,3.46,0.26,0.247,0.117,0.481,0.835,"Univariate model, Glas 2003",12.599,4.305,36.87,2.534,1.46,3.607,0,0,811.217,0,0,28.482,0,0.323,0.57,1,2
"RAB7A","RAB7A","Bivariate model, Reitsma 2005",0.746,0.553,0.874,0.805,0.535,0.937,16.6,12.2,2.59,56.9,4.52,3.77,1.52,11.9,0.341,0.324,0.154,0.629,0.743,"Univariate model, Glas 2003",13.135,1.439,119.894,2.575,0.364,4.787,0.908,0,2889.768,0.953,0,53.757,0,1,0.317,1,2
"PCDH18","PCDH18","Bivariate model, Reitsma 2005",0.777,0.581,0.897,0.941,0.679,0.992,105,55.6,6.02,510,21.6,13,2.34,93.5,0.258,0.245,0.111,0.482,0.953,"Univariate model, Glas 2003",49.004,5.242,458.148,3.892,1.657,6.127,0,0,407.607,0,0,20.189,0,0.154,0.695,1,2
"CADM1","CADM1","Bivariate model, Reitsma 2005",0.911,0.701,0.978,0.794,0.519,0.933,64.2,39.2,5.61,274,5.15,4.33,1.81,13.3,0.143,0.117,0.028,0.407,0.909,"Univariate model, Glas 2003",37.909,5.233,274.629,3.635,1.655,5.615,0.014,0,2107.549,0.117,0,45.908,0,1,0.317,1,2
"CTSS","CTSS","Bivariate model, Reitsma 2005",0.721,0.543,0.849,0.922,0.738,0.981,43.7,30.8,5.99,159,11.9,9.18,2.65,37.1,0.317,0.308,0.164,0.52,0.932,"Univariate model, Glas 2003",25.757,4.73,140.262,3.249,1.554,4.944,0,0,701.53,0,0,26.486,0,0.345,0.557,1,2
"CTSB","CTSB","Bivariate model, Reitsma 2005",0.712,0.521,0.849,0.789,0.504,0.932,12.5,9.22,1.97,42.9,3.98,3.32,1.35,10.5,0.394,0.375,0.188,0.713,0.774,"Univariate model, Glas 2003",15.23,2.424,95.674,2.723,0.886,4.561,0,0,852.248,0,0,29.193,0,0.419,0.517,1,2
"PAPLN","PAPLN","Bivariate model, Reitsma 2005",0.746,0.553,0.874,0.868,0.593,0.967,28.5,19.3,3.4,109,7.24,5.54,1.75,22.8,0.316,0.301,0.145,0.574,0.746,"Univariate model, Glas 2003",19.815,3.488,112.569,2.986,1.249,4.724,0,0,350.491,0,0,18.721,0,0.153,0.695,1,2
"CILP2","CILP2","Bivariate model, Reitsma 2005",0.879,0.682,0.961,0.941,0.679,0.992,241,116,10.9,1240,24.4,14.6,2.65,106,0.15,0.133,0.042,0.359,0.966,"Univariate model, Glas 2003",111.498,10.494,1184.641,4.714,2.351,7.077,0,0,659.596,0,0,25.683,0,0.224,0.636,1,2
